i,Ht,chi
0,6.0,0.7017912417650222
1,6.0,0.4188926294445991
2,6.0,0.23586191982030866
3,6.0,0.21975192427635187
4,6.0,0.20754697918891904
5,6.0,0.17363408207893366
6,6.0,0.1544392555952072
7,6.0,0.17591816186904902
8,6.0,0.17825943231582636
9,6.0,0.19691038131713864
10,2.0,0.09843534231185912
11,2.0,0.36917142377933476
12,2.0,0.3427650183439254
13,2.0,0.23468390852212903
14,2.0,0.19323179125785822
15,2.0,0.36055108532309527
16,2.0,0.22452009003609413
17,2.0,0.19623055635020134
18,2.0,0.33418554440140713
19,2.0,0.3388230297714471
20,6.0,0.5361901521682738
21,6.0,0.33200413733720774
22,6.0,0.5221452005207537
23,6.0,0.4520182411652058
24,6.0,0.4190831154119223
25,6.0,0.30025567859411234
26,6.0,0.50401920825243
27,6.0,0.4191439261194318
28,6.0,0.337968785315752
29,6.0,0.17085997760295865
0,6.0,0.5330715654417872
1,6.0,0.4654515925794839
2,6.0,0.39081022888422
3,6.0,0.3866078220307826
4,6.0,0.4078192934393882
5,6.0,0.5999625511467456
6,6.0,0.596422480419278
7,6.0,0.4135158993303775
8,6.0,0.41014713607728476
9,6.0,0.5917457789182662
10,2.0,0.4773276485502719
11,2.0,0.3371814414858817
12,2.0,0.5431509129703044
13,2.0,0.39998094737529744
14,2.0,0.22414693981409067
15,2.0,0.30012315977364773
16,2.0,0.17694137524813408
17,2.0,0.15503584034740922
18,2.0,0.15932683367282147
19,2.0,0.1191702979849651
20,6.0,0.6151262428611516
21,6.0,0.34487347025424236
22,6.0,0.5665253549814223
23,6.0,0.535502353683114
24,6.0,0.33053106442093844
25,6.0,0.5113877113908529
26,6.0,0.47514720447361464
27,6.0,0.30025112442672247
28,6.0,0.28611273691058153
29,6.0,0.5159032652154564
0,6.0,0.7380786407738923
1,6.0,0.31273407558910543
2,6.0,0.5658667846582829
3,6.0,0.4165015518665313
4,6.0,0.34461849182844156
5,6.0,0.47222908958792675
6,6.0,0.35560523346066464
7,6.0,0.27376104146242136
8,6.0,0.4781195456162094
9,6.0,0.34317456558346743
10,2.0,0.2617594227194785
11,2.0,0.28146404027938837
12,2.0,0.3130142819136381
13,2.0,0.36077853292226786
14,2.0,0.447911889408715
15,2.0,0.39245822711382056
16,2.0,0.27209471538662905
17,2.0,0.2699227244593203
18,2.0,0.2768206703476607
19,2.0,0.24833272024989125
20,6.0,0.5708236712962388
21,6.0,0.4262369982898235
22,6.0,0.43662590160965914
23,6.0,0.4489446058869362
24,6.0,0.4306473806500434
25,6.0,0.42807791009545315
26,6.0,0.3081018794327974
27,6.0,0.5214049909263848
28,6.0,0.3243548944592475
29,6.0,0.23638850823044769
0,6.0,0.599903805181384
1,6.0,0.44852286018431176
2,6.0,0.5803165920078753
3,6.0,0.4276075046509503
4,6.0,0.3337890841066837
5,6.0,0.31519707292318333
6,6.0,0.31337967514991755
7,6.0,0.31999661028385157
8,6.0,0.314416904002428
9,6.0,0.5490638427436351
10,2.0,0.6414939006790518
11,2.0,0.13119583250954742
12,2.0,0.7096402579918503
13,2.0,0.014153484255075434
14,2.0,0.5531751933740451
15,2.0,-0.001416442915797254
16,2.0,0.4830989865586161
17,2.0,0.41721921786665905
18,2.0,0.11287695169448847
19,2.0,0.4593150652945041
20,6.0,0.5476415175944566
21,6.0,0.5447327373549341
22,6.0,0.36687338724732393
23,6.0,0.3838163688778876
24,6.0,0.3966548778116702
25,6.0,0.39087697491049755
26,6.0,0.416011095046997
27,6.0,0.5113639889750629
28,6.0,0.36106411553919315
29,6.0,0.23006118927150962
0,6.0,0.5350353568792342
1,6.0,0.5162355750799178
2,6.0,0.44516138732433314
3,6.0,0.3501124940812587
4,6.0,0.5447021294385194
5,6.0,0.42099219001829613
6,6.0,0.3663432002067565
7,6.0,0.36525462940335274
8,6.0,0.43183470517396916
9,6.0,0.39293129369616503
10,2.0,0.6244431771337985
11,2.0,0.16570726269856087
12,2.0,0.5444938810542225
13,2.0,0.0450342271942645
14,2.0,0.575922306627035
15,2.0,0.07091946527361866
16,2.0,0.6558368117548525
17,2.0,0.4782971013337373
18,2.0,0.389273477718234
19,2.0,0.09079205058515068
20,6.0,0.5853140167891978
21,6.0,0.3573301173746585
22,6.0,0.2598942890763282
23,6.0,0.4508907841518521
24,6.0,0.33784809522330755
25,6.0,0.3257093150168657
26,6.0,0.3566139172762632
27,6.0,0.48287779535166914
28,6.0,0.3519280441105365
29,6.0,0.4429383669048547
0,6.0,0.533293206244707
1,6.0,0.5612724653328768
2,6.0,0.426568110124208
3,6.0,0.4135581869632005
4,6.0,0.5648442059755324
5,6.0,0.429586874321103
6,6.0,0.3779160398989915
7,6.0,0.3416138365864753
8,6.0,0.3327535539865493
9,6.0,0.311940886080265
10,2.0,0.680396795272827
11,2.0,0.552620468661189
12,2.0,0.3749538473784923
13,2.0,0.38974781334400166
14,2.0,0.48267655074596394
15,2.0,0.16076733171939844
16,2.0,0.530013520270586
17,2.0,0.19261279189959166
18,2.0,0.35010976903140545
19,2.0,0.2258372572250664
20,6.0,0.6611753003671764
21,6.0,0.4305991642177104
22,6.0,0.4771848917007446
23,6.0,0.44123798981308926
24,6.0,0.47502348944544787
25,6.0,0.4467076137661933
26,6.0,0.428167700767517
27,6.0,0.523186683654785
28,6.0,0.4953530859202146
29,6.0,0.37551758438348765
0,6.0,0.5143738575279712
1,6.0,0.4975906440522521
2,6.0,0.49173245951533306
3,6.0,0.43106737360358227
4,6.0,0.39706741832196707
5,6.0,0.41244553914293647
6,6.0,0.40474202856421465
7,6.0,0.3043096419423818
8,6.0,0.44259091932326544
9,6.0,0.38692782330326725
10,2.0,0.3595718331634998
11,2.0,0.4244826879003084
12,2.0,0.12908004224300382
13,2.0,0.4682309236377477
14,2.0,0.21230486594140524
15,2.0,0.13144068745896217
16,2.0,0.13518714020028708
17,2.0,0.16276298835873598
18,2.0,0.16798666585236785
19,2.0,0.20674721896648404
20,6.0,0.3917736932635307
21,6.0,0.3921296093612908
22,6.0,0.4164382386952638
23,6.0,0.3681694567203521
24,6.0,0.28489516954869026
25,6.0,0.44833608390763396
26,6.0,0.3740456104278564
27,6.0,0.4603521460667252
28,6.0,0.3397783692926168
29,6.0,0.275364332832396
0,6.0,0.6862617335282265
1,6.0,0.4279245799407362
2,6.0,0.4525584056973456
3,6.0,0.3389367535710334
4,6.0,0.27597265690565104
5,6.0,0.29276381433010096
6,6.0,0.4645580044016241
7,6.0,0.40710307285189623
8,6.0,0.3462432250380515
9,6.0,0.45359077258035535
10,2.0,0.4099223725497722
11,2.0,0.19362153549445787
12,2.0,0.32845889218151564
13,2.0,0.21724659204483027
14,2.0,0.1803658073768019
15,2.0,0.033666818402707556
16,2.0,-0.05392985139042139
17,2.0,-0.07239898387342691
18,2.0,0.3527491129934787
19,2.0,0.22135793790221212
20,6.0,0.2929213028401136
21,6.0,0.42031539231538767
22,6.0,0.35233303345739836
23,6.0,0.27883680770173663
24,6.0,0.2447671731933951
25,6.0,0.2628722330555319
26,6.0,0.40350489690899843
27,6.0,0.3152443096041679
28,6.0,0.3474894165992736
29,6.0,0.3305821260437369
0,6.0,0.6079721599817275
1,6.0,0.4909341959282755
2,6.0,0.5037701604887842
3,6.0,0.33528719469904894
4,6.0,0.464928364381194
5,6.0,0.46216247417032713
6,6.0,0.45984781999140967
7,6.0,0.4599717445671557
8,6.0,0.34138356661424035
9,6.0,0.35759159922599787
10,2.0,0.46445156261324877
11,2.0,0.4920369330793618
12,2.0,0.44412251189351076
13,2.0,0.32744693011045445
14,2.0,0.4640743003692477
15,2.0,0.22207454964518542
16,2.0,0.46417429286520917
17,2.0,0.21881045028567309
18,2.0,0.38084105215966696
19,2.0,0.1757332235574722
20,6.0,0.3736003823578357
21,6.0,0.46523894439451385
22,6.0,0.4266300103627144
23,6.0,0.346316834911704
24,6.0,0.46259262342937285
25,6.0,0.34838475938886393
26,6.0,0.44612084235995997
27,6.0,0.4443103652447461
28,6.0,0.3197078211233019
29,6.0,0.3124125842005014
0,6.0,0.49228842742741097
1,6.0,0.4467504695057868
2,6.0,0.4766457669902592
3,6.0,0.3627853728830814
4,6.0,0.4942247923463582
5,6.0,0.4774058191105722
6,6.0,0.4282481744885444
7,6.0,0.3895589346066117
8,6.0,0.3221086747944354
9,6.0,0.4441971238702535
10,2.0,0.3532370643224566
11,2.0,0.23585996031761164
12,2.0,0.24791109841316933
13,2.0,0.18215256463736293
14,2.0,0.41866226308047766
15,2.0,0.1266037710011005
16,2.0,0.10697264969348906
17,2.0,0.20523877441883082
18,2.0,0.09909388422966
19,2.0,0.06812007725238799
20,6.0,0.3353194743394851
21,6.0,0.36200352758169174
22,6.0,0.3845887929201125
23,6.0,0.4945128401741385
24,6.0,0.3288628458976745
25,6.0,0.49236691463738674
26,6.0,0.312269827350974
27,6.0,0.210753979277797
28,6.0,0.1797987119061872
29,6.0,0.20295710896607486
0,6.0,0.4242216050624846
1,6.0,0.37643897533416737
2,6.0,0.41755632357671846
3,6.0,0.3403577946592122
4,6.0,0.3036591567797586
5,6.0,0.32546764091239305
6,6.0,0.3581770028104074
7,6.0,0.3585347334737889
8,6.0,0.400368146598339
9,6.0,0.29632256925106043
10,2.0,0.018713645637035363
11,2.0,0.008989695459604256
12,2.0,0.03604054078459738
13,2.0,-0.02101515233516693
14,2.0,0.5840898782480507
15,2.0,0.4352583959698676
16,2.0,0.35586907342076296
17,2.0,0.36786149069666857
18,2.0,0.08195457421243188
19,2.0,-0.028005111962556836
20,6.0,0.5209595896303653
21,6.0,0.2888016924262046
22,6.0,0.24142973124980918
23,6.0,0.5846358612179755
24,6.0,0.36965738236904133
25,6.0,0.27168755978345865
26,6.0,0.23130174726247782
27,6.0,0.602101782336831
28,6.0,0.3062207251787185
29,6.0,0.2235346660017967
0,6.0,0.49788267910480494
1,6.0,0.38673477992415417
2,6.0,0.3754927888512611
3,6.0,0.491766221821308
4,6.0,0.46039389446377743
5,6.0,0.4753640517592429
6,6.0,0.3429874889552592
7,6.0,0.39676590636372555
8,6.0,0.31456230580806727
9,6.0,0.24836535751819605
10,2.0,0.4326722919940948
11,2.0,0.2766978442668914
12,2.0,0.24311931431293482
13,2.0,0.5425421819090842
14,2.0,0.28084378316998476
15,2.0,0.18666248023509976
16,2.0,0.09355967491865157
17,2.0,0.41509241983294476
18,2.0,0.35169040784239763
19,2.0,0.41646965593099583
20,6.0,0.5672729983925818
21,6.0,0.2683754246681928
22,6.0,0.2830687463283538
23,6.0,0.5715150935575365
24,6.0,0.44218469597399224
25,6.0,0.43236544728279114
26,6.0,0.35620474070310587
27,6.0,0.41015774756669987
28,6.0,0.4471030281856655
29,6.0,0.3471734039485454
0,6.0,0.6959494110196828
1,6.0,0.6005539087927899
2,6.0,0.5622188970446585
3,6.0,0.4046034491620957
4,6.0,0.3755725243827327
5,6.0,0.33730972185730923
6,6.0,0.3268796224147081
7,6.0,0.3754528169520199
8,6.0,0.5570102258352562
9,6.0,0.5047486089169978
10,2.0,0.687781827058643
11,2.0,0.3578795008361339
12,2.0,0.2172714405751321
13,2.0,0.20407063327729696
14,2.0,0.23049962520599357
15,2.0,0.5490016322582959
16,2.0,0.3234606552869081
17,2.0,0.25476209260523314
18,2.0,0.4015864094253629
19,2.0,0.2263683751225471
20,6.0,0.5203182194381951
21,6.0,0.4935918590053915
22,6.0,0.3943897739518433
23,6.0,0.5025970190763472
24,6.0,0.4237183295190334
25,6.0,0.40714278444647783
26,6.0,0.33384003490209574
27,6.0,0.5110833831131457
28,6.0,0.4072621297091245
29,6.0,0.34982212819159025
0,6.0,0.683234218508005
1,6.0,0.4206093773245811
2,6.0,0.3920992091298103
3,6.0,0.35736086592078203
4,6.0,0.5375661607831715
5,6.0,0.4351880559697746
6,6.0,0.40260880440473545
7,6.0,0.3453241027891635
8,6.0,0.4998994497582316
9,6.0,0.40627781301736826
10,2.0,0.6685396898537873
11,2.0,0.3664332183543592
12,2.0,0.4851495837792753
13,2.0,0.3822702728211879
14,2.0,0.3444946771487593
15,2.0,0.28246758272871375
16,2.0,0.2578374464064836
17,2.0,0.0205191047862172
18,2.0,0.09311711601912974
19,2.0,0.4813609179109334
20,6.0,0.5494758039712905
21,6.0,0.5270693581551312
22,6.0,0.411789271980524
23,6.0,0.5066967904567717
24,6.0,0.4040793441236018
25,6.0,0.4437658246606588
26,6.0,0.44759865850210184
27,6.0,0.3617371320724487
28,6.0,0.36109064891934384
29,6.0,0.36891410127282137
0,6.0,0.5019202902913092
1,6.0,0.6231753453612326
2,6.0,0.3405548345763236
3,6.0,0.6920688301324843
4,6.0,0.6445751711726188
5,6.0,0.33004676736891264
6,6.0,0.695984661579132
7,6.0,0.3409137036651372
8,6.0,0.5913214832544326
9,6.0,0.3042479092255234
10,2.0,0.5254956260323523
11,2.0,0.3886616714298724
12,2.0,0.4887440241873263
13,2.0,0.1925267800688743
14,2.0,0.4370766747742891
15,2.0,0.20998670393601054
16,2.0,0.11988445371389388
17,2.0,0.28599532871157857
18,2.0,0.22210320550948376
19,2.0,0.15595455630682403
20,6.0,0.8377005737274884
21,6.0,0.3881929032504558
22,6.0,0.5765673108398913
23,6.0,0.4152771327644586
24,6.0,0.34307874180376524
25,6.0,0.3154280055314302
26,6.0,0.5686926301568745
27,6.0,0.44357884302735323
28,6.0,0.3933370169252156
29,6.0,0.5012867189943789
0,6.0,0.40117040276527394
1,6.0,0.3231423236429691
2,6.0,0.544956337660551
3,6.0,0.334894275991246
4,6.0,0.4256844520568847
5,6.0,0.2499412707984447
6,6.0,0.21266985312104222
7,6.0,0.179971195757389
8,6.0,0.18197799474000928
9,6.0,0.5159700904041528
10,2.0,0.5878675617277621
11,2.0,0.5014696940779685
12,2.0,0.3935182932764291
13,2.0,0.08166847191750999
14,2.0,0.0005948077887296526
15,2.0,0.4304974023252725
16,2.0,0.05863603390753267
17,2.0,0.41109704226255406
18,2.0,0.3698508203960954
19,2.0,0.07549154385924337
20,6.0,0.6370161548256873
21,6.0,0.44482408510521043
22,6.0,0.39897413086146105
23,6.0,0.3313775323331356
24,6.0,0.3395432941615581
25,6.0,0.4751144126057624
26,6.0,0.287854129448533
27,6.0,0.5328049957752227
28,6.0,0.34159718640148634
29,6.0,0.48303449712693686
0,6.0,0.5802746638655661
1,6.0,0.4906373396515845
2,6.0,0.40946377813816065
3,6.0,0.28529494814574713
4,6.0,0.5528114867629482
5,6.0,0.4297284670174121
6,6.0,0.3729755766689776
7,6.0,0.4374101646244525
8,6.0,0.30182966310530895
9,6.0,0.4888980444520711
10,2.0,0.5798206385225056
11,2.0,0.43423164635896677
12,2.0,0.08350905776023862
13,2.0,0.02192924916744231
14,2.0,0.409008476184681
15,2.0,0.27024095598608255
16,2.0,0.24388335645198816
17,2.0,0.28389547858387226
18,2.0,0.30943014658987517
19,2.0,0.3534640022553503
20,6.0,0.5568637731485068
21,6.0,0.2794864531606435
22,6.0,0.45688429195433844
23,6.0,0.35373638570308674
24,6.0,0.31068786606192583
25,6.0,0.4896190239815041
26,6.0,0.40032341051846737
27,6.0,0.38465987332165236
28,6.0,0.340226899832487
29,6.0,0.3202021531760692
0,6.0,0.6638176962733269
1,6.0,0.5621211230754851
2,6.0,0.42153706587851036
3,6.0,0.5483188955113291
4,6.0,0.41589423641562456
5,6.0,0.42645606957376
6,6.0,0.45657388633117074
7,6.0,0.38975594192743296
8,6.0,0.35861401259899134
9,6.0,0.42649933788925404
10,2.0,0.7708619348704814
11,2.0,0.42055878974497307
12,2.0,0.11104899831116197
13,2.0,0.5380499828606843
14,2.0,0.49406114220619196
15,2.0,0.47091729193925846
16,2.0,0.15844270214438436
17,2.0,0.032293029129505144
18,2.0,0.4734405651688575
19,2.0,0.06979772448539732
20,6.0,0.4198938105255365
21,6.0,0.4159159932751208
22,6.0,0.3028843794018029
23,6.0,0.2878410723060369
24,6.0,0.302934406325221
25,6.0,0.2990326797589659
26,6.0,0.307669460074976
27,6.0,0.5128070302307605
28,6.0,0.3238368202000856
29,6.0,0.4815775714814662
0,6.0,0.6299969553947448
1,6.0,0.35534921474754805
2,6.0,0.5938222873955964
3,6.0,0.43247562088072294
4,6.0,0.3225554013624787
5,6.0,0.475765278097242
6,6.0,0.29631686955690373
7,6.0,0.4069974794983863
8,6.0,0.43733912706375117
9,6.0,0.471452660858631
10,2.0,0.3554832711815833
11,2.0,0.2891914695501327
12,2.0,0.23245165497064585
13,2.0,0.23087528347969052
14,2.0,0.2894188649952411
15,2.0,0.13723111897706983
16,2.0,0.26995848119258875
17,2.0,0.1477694436907768
18,2.0,0.14507340639829633
19,2.0,0.22163448855280873
20,6.0,0.5191488228738308
21,6.0,0.3742938172072171
22,6.0,0.42657449003309006
23,6.0,0.4200769616290926
24,6.0,0.38706411793828
25,6.0,0.3373034782707691
26,6.0,0.394757019355893
27,6.0,0.4610324623063206
28,6.0,0.3479097448289393
29,6.0,0.4190853312611579
0,6.0,0.6113136447966098
1,6.0,0.5869739595800637
2,6.0,0.3903695493936538
3,6.0,0.29993844963610167
4,6.0,0.5437927339226006
5,6.0,0.44985973089933384
6,6.0,0.4916922282427548
7,6.0,0.42851041257381434
8,6.0,0.5148605592548846
9,6.0,0.5072932261973618
10,2.0,0.6492057337891309
11,2.0,0.5191830804105847
12,2.0,0.13698448240756986
13,2.0,0.4555466040037571
14,2.0,0.19417417095974082
15,2.0,0.496692344546318
16,2.0,0.15692424867302177
17,2.0,0.4961549546569585
18,2.0,0.3074889509007334
19,2.0,0.30595929920673365
20,6.0,0.5335275791585444
21,6.0,0.38622435554862017
22,6.0,0.5339359156787394
23,6.0,0.39708341285586346
24,6.0,0.2964871227741241
25,6.0,0.5114508140832185
26,6.0,0.3741189502179622
27,6.0,0.5037296749651431
28,6.0,0.38137507811188687
29,6.0,0.2983259074389934
0,6.0,0.550085313618183
1,6.0,0.473251886665821
2,6.0,0.5304567534476518
3,6.0,0.4402239583432674
4,6.0,0.3607115373015403
5,6.0,0.4844883475452661
6,6.0,0.5601702462881802
7,6.0,0.3981596082448959
8,6.0,0.42692402750253666
9,6.0,0.4060665257275104
10,2.0,0.5642470158636569
11,2.0,0.3123915791511535
12,2.0,0.06245387718081473
13,2.0,0.10810012090951202
14,2.0,0.4426243212074041
15,2.0,0.3617321387864649
16,2.0,0.24684672150760884
17,2.0,0.34964262694120407
18,2.0,0.26101874117739493
19,2.0,0.17780984751880166
20,6.0,0.6662412509322165
21,6.0,0.47713831067085255
22,6.0,0.41943318210542196
23,6.0,0.4704821626655757
24,6.0,0.3258169963955879
25,6.0,0.38781878771260375
26,6.0,0.42898132652044285
27,6.0,0.35808344557881355
28,6.0,0.42091259639710177
29,6.0,0.3195132021792233
0,6.0,0.5327908731997012
1,6.0,0.35550304409116495
2,6.0,0.330016090767458
3,6.0,0.3152439514524303
4,6.0,0.3612595277372747
5,6.0,0.324628360569477
6,6.0,0.3467014217749238
7,6.0,0.2456689735408872
8,6.0,0.3826506126206367
9,6.0,0.3370479652658104
10,2.0,0.5037176627665757
11,2.0,0.5114942751824855
12,2.0,0.29849721398204554
13,2.0,-0.016034100670367483
14,2.0,-0.03179478086531162
15,2.0,0.3461933642684016
16,2.0,0.054889142513275126
17,2.0,0.014895023778080937
18,2.0,0.0661548227071762
19,2.0,0.2553170276805758
20,6.0,0.39375728182494635
21,6.0,0.3133486986625939
22,6.0,0.43221377767622465
23,6.0,0.31060765893198544
24,6.0,0.2899437621235847
25,6.0,0.3825531397014855
26,6.0,0.3402191158384084
27,6.0,0.3334933035075664
28,6.0,0.27044094726443285
29,6.0,0.3801590576767921
0,6.0,0.5411067567765713
1,6.0,0.4092707443051039
2,6.0,0.4807141572237014
3,6.0,0.3912725746631621
4,6.0,0.34884428977966303
5,6.0,0.46103076077997673
6,6.0,0.43048919737339014
7,6.0,0.4215911952778696
8,6.0,0.45008080452680577
9,6.0,0.38074647635221476
10,2.0,0.40315969288349146
11,2.0,0.34242989122867573
12,2.0,0.44636467844247807
13,2.0,0.4799077287316321
14,2.0,0.4536162242293357
15,2.0,0.4952211454510688
16,2.0,0.4888309240341186
17,2.0,0.46820434927940363
18,2.0,0.42405549436807627
19,2.0,0.2747358195483684
20,6.0,0.3165556136518716
21,6.0,0.4393781311810016
22,6.0,0.43792993947863573
23,6.0,0.414058793336153
24,6.0,0.3683128952980041
25,6.0,0.37305463850498194
26,6.0,0.417902361601591
27,6.0,0.28795649576932186
28,6.0,0.37166036618873466
29,6.0,0.3856612220406532
0,6.0,0.5885901427827774
1,6.0,0.5412649065256118
2,6.0,0.3139529200270771
3,6.0,0.518163340166211
4,6.0,0.39400437346193934
5,6.0,0.33900734875351185
6,6.0,0.3215965908020734
7,6.0,0.3145165517926216
8,6.0,0.4572080895304679
9,6.0,0.44995491148438294
10,2.0,0.7398750521242617
11,2.0,0.31999664753675455
12,2.0,0.2979767099022865
13,2.0,0.18698714114725587
14,2.0,-0.06717780930921435
15,2.0,0.0143905971199274
16,2.0,0.4495565285906195
17,2.0,0.3755244119092821
18,2.0,0.3556183539330959
19,2.0,0.379086423665285
20,6.0,0.5547566264867781
21,6.0,0.4238247191533445
22,6.0,0.40431654732674355
23,6.0,0.34613008331507433
24,6.0,0.42966443952172984
25,6.0,0.3812742354348301
26,6.0,0.33472402906045307
27,6.0,0.4308361625298857
28,6.0,0.37992210476659233
29,6.0,0.4142003852175548
0,6.0,0.5364289414137601
1,6.0,0.42673048749566067
2,6.0,0.5161007624119519
3,6.0,0.3007065784186124
4,6.0,0.2715812716633081
5,6.0,0.515944331884384
6,6.0,0.3584755398333072
7,6.0,0.3914519548416137
8,6.0,0.43936164304614056
9,6.0,0.4002738445997237
10,2.0,0.4577665645629167
11,2.0,0.4192346334457397
12,2.0,0.298956099897623
13,2.0,0.28261087834835047
14,2.0,0.4398553222417831
15,2.0,0.41825648397207255
16,2.0,0.3605726826936006
17,2.0,0.31854644045233727
18,2.0,0.36030479148030276
19,2.0,0.3078433237969875
20,6.0,0.45150161348283285
21,6.0,0.4584704358130693
22,6.0,0.3962236270308494
23,6.0,0.42069936171174044
24,6.0,0.41394764557480807
25,6.0,0.5227185573894529
26,6.0,0.415481062605977
27,6.0,0.37210175767540926
28,6.0,0.3226857907138765
29,6.0,0.2739472356624901
0,6.0,0.6633485630154609
1,6.0,0.5387491583824158
2,6.0,0.3256256729364394
3,6.0,0.5958420000970363
4,6.0,0.36112412810325617
5,6.0,0.3277890435419976
6,6.0,0.48749698791652907
7,6.0,0.3373393546789884
8,6.0,0.44013267190894106
9,6.0,0.3236497659236192
10,2.0,0.55820569768548
11,2.0,-0.046642549335956573
12,2.0,-0.06639720033854246
13,2.0,0.5374823790043592
14,2.0,0.4259454961866139
15,2.0,0.48787210229784245
16,2.0,0.0012191571295261305
17,2.0,0.5040686819702386
18,2.0,0.058788533322513076
19,2.0,-0.05082247592508793
20,6.0,0.32376241311430926
21,6.0,0.4231105905491858
22,6.0,0.3745136689394712
23,6.0,0.38732968806289125
24,6.0,0.3917593456571921
25,6.0,0.30043550021946425
26,6.0,0.19193959608674047
27,6.0,0.4684655796736478
28,6.0,0.3795401974348351
29,6.0,0.3613710014615208
0,6.0,0.47628550231456745
1,6.0,0.41312658973038185
2,6.0,0.36343614757060994
3,6.0,0.5701621687039732
4,6.0,0.4052535165101289
5,6.0,0.30194222740828985
6,6.0,0.29491371847689146
7,6.0,0.2914039455354213
8,6.0,0.523876073420979
9,6.0,0.36207395978271956
10,2.0,0.5814666458172723
11,2.0,0.37633392214775074
12,2.0,0.17793538235127923
13,2.0,0.38069383241236204
14,2.0,0.2580987478140741
15,2.0,0.30285174772143364
16,2.0,0.11890778690576552
17,2.0,0.16109362989664078
18,2.0,0.22341082803905007
19,2.0,0.18996780738234517
20,6.0,0.49276323430240143
21,6.0,0.3827632404863834
22,6.0,0.33418074622750277
23,6.0,0.29014799743890757
24,6.0,0.2716126665472984
25,6.0,0.2894971556961536
26,6.0,0.26547069847583765
27,6.0,0.43038457445800293
28,6.0,0.30250180978327984
29,6.0,0.28165448084473604
0,6.0,0.5513467863202094
1,6.0,0.4283139812760054
2,6.0,0.46073694899678225
3,6.0,0.3319480158388614
4,6.0,0.2709290608763694
5,6.0,0.4557641353458165
6,6.0,0.40623607859015454
7,6.0,0.2627375796437263
8,6.0,0.22129113972187037
9,6.0,0.24244908988475797
10,2.0,0.3823708146810531
11,2.0,0.14849344454705712
12,2.0,0.15031584352254862
13,2.0,0.49657938256859774
14,2.0,0.19423819053918118
15,2.0,0.12377445492893456
16,2.0,0.3318154215812682
17,2.0,0.24763929098844523
18,2.0,0.23551807552576062
19,2.0,0.20538243651390073
20,6.0,0.5765130673535167
21,6.0,0.450038069859147
22,6.0,0.41128220222890366
23,6.0,0.3882831651717424
24,6.0,0.4156277514994144
25,6.0,0.43413843587040896
26,6.0,0.36772832507267583
27,6.0,0.4554158668033778
28,6.0,0.3445709571242332
29,6.0,0.45296835619956244
0,6.0,0.5581135172396897
1,6.0,0.5554920835420488
2,6.0,0.31955260504037136
3,6.0,0.5152740897610782
4,6.0,0.3605045042932033
5,6.0,0.3839411940425633
6,6.0,0.49556685844436277
7,6.0,0.5266750706359743
8,6.0,0.4626076072454452
9,6.0,0.29176590312272305
10,2.0,0.38711816631257523
11,2.0,0.29281587898731226
12,2.0,0.23080579750239846
13,2.0,0.22138215601444242
14,2.0,0.41916297096759075
15,2.0,0.27340846625156695
16,2.0,0.1961349584162235
17,2.0,0.15534656122326848
18,2.0,0.30318753747269506
19,2.0,0.15035578235983846
20,6.0,0.6516341473907231
21,6.0,0.43457919918000687
22,6.0,0.5360847003757953
23,6.0,0.39712396077811707
24,6.0,0.37416772916913027
25,6.0,0.35417133569717396
26,6.0,0.4876483031548559
27,6.0,0.3065450228750705
28,6.0,0.24473939463496205
29,6.0,0.5619765729643403
0,6.0,0.5464003533124923
1,6.0,0.44432232156395907
2,6.0,0.5535613663960247
3,6.0,0.457256706431508
4,6.0,0.4611633978784083
5,6.0,0.562729151919484
6,6.0,0.44885489717125887
7,6.0,0.3821067810058593
8,6.0,0.3516287878155707
9,6.0,0.3686973191797732
10,2.0,0.7493620123714206
11,2.0,0.4175571352243423
12,2.0,0.3450162783265113
13,2.0,0.3615335542708635
14,2.0,0.31275367550551886
15,2.0,0.29609651397913694
16,2.0,0.11363068968057631
17,2.0,0.2491036662831902
18,2.0,0.22388428729027507
19,2.0,0.25467038573697204
20,6.0,0.4632775261998176
21,6.0,0.49483354762196535
22,6.0,0.4716089442372321
23,6.0,0.41457984782755364
24,6.0,0.45271374471485604
25,6.0,0.28750866279006
26,6.0,0.2859534434974193
27,6.0,0.4454575376585125
28,6.0,0.38061590492725367
29,6.0,0.36665387637913216
0,6.0,0.42126461863517756
1,6.0,0.42989045195281494
2,6.0,0.35640940815210337
3,6.0,0.40786373615264887
4,6.0,0.27503747493028635
5,6.0,0.25701622106134886
6,6.0,0.5334641281515359
7,6.0,0.2867875941155943
8,6.0,0.2907761167734861
9,6.0,0.2799779567867517
10,2.0,0.776126542710699
11,2.0,0.7219611444161271
12,2.0,0.027159776538610438
13,2.0,-0.17180584371089935
14,2.0,-0.20716981217265126
15,2.0,-0.2035262696444988
16,2.0,-0.2288127169013023
17,2.0,-0.19361584261059758
18,2.0,-0.21580881252884862
19,2.0,-0.19794353097677228
20,6.0,0.6221411116421222
21,6.0,0.5078627634793519
22,6.0,0.4231393160298466
23,6.0,0.3883155223447829
24,6.0,0.3572074766270816
25,6.0,0.32043767813593144
26,6.0,0.377031082753092
27,6.0,0.3316269439965253
28,6.0,0.41076034028083075
29,6.0,0.33741416409611696
0,6.0,0.636518470942974
1,6.0,0.5423327805474399
2,6.0,0.3718137182295322
3,6.0,0.5232215579599141
4,6.0,0.45516109839081753
5,6.0,0.5166839321609585
6,6.0,0.40846690349280823
7,6.0,0.43535981606692065
8,6.0,0.42375865951180447
9,6.0,0.5372926858253776
10,2.0,0.261587094515562
11,2.0,0.18235879018902773
12,2.0,0.052485879510641084
13,2.0,0.0005283579230308449
14,2.0,0.6667423443868755
15,2.0,0.5976506248116492
16,2.0,0.04422701522707937
17,2.0,-0.030554851517081264
18,2.0,-0.062028482556343065
19,2.0,-0.04045998305082321
20,6.0,0.43200632184743876
21,6.0,0.6074014604091643
22,6.0,0.31875635683536524
23,6.0,0.2862409204244613
24,6.0,0.2567333951592445
25,6.0,0.26584686338901514
26,6.0,0.27095203474164
27,6.0,0.5826886923750861
28,6.0,0.36640943400561804
29,6.0,0.25839039683341974
0,6.0,0.4129316210746764
1,6.0,0.3787562474608421
2,6.0,0.43246445246040816
3,6.0,0.4509034790098666
4,6.0,0.43591941893100733
5,6.0,0.47978200577199454
6,6.0,0.5026439379435031
7,6.0,0.3862845648545771
8,6.0,0.5420210380107163
9,6.0,0.4451960404403507
10,2.0,0.8466829527169464
11,2.0,0.30586813390254963
12,2.0,0.8099852874875068
13,2.0,0.7575345525401643
14,2.0,0.6817141529172658
15,2.0,0.1096000685356557
16,2.0,0.6231347508728503
17,2.0,0.13313094340264794
18,2.0,0.05159833189100025
19,2.0,0.5461605796590446
20,6.0,0.6751625798642633
21,6.0,0.27993359416723246
22,6.0,0.2454909868538379
23,6.0,0.6434237398207187
24,6.0,0.4884052199777215
25,6.0,0.445284018293023
26,6.0,0.3890680409967898
27,6.0,0.23931920388713476
28,6.0,0.5516517795622348
29,6.0,0.3581579905003308
0,6.0,0.5601122118532657
1,6.0,0.48751684790477146
2,6.0,0.5975993331521748
3,6.0,0.3648945456370711
4,6.0,0.598415795713663
5,6.0,0.5116223990917205
6,6.0,0.4779478572309016
7,6.0,0.3561107739806174
8,6.0,0.5610364861786364
9,6.0,0.4571455791592597
10,2.0,0.19746883586049077
11,2.0,0.7332824133336543
12,2.0,0.5723159536719321
13,2.0,0.36178962886333454
14,2.0,0.33303641714155663
15,2.0,0.12253721524029969
16,2.0,0.06397081911563872
17,2.0,0.5428268315736203
18,2.0,0.41266654990613455
19,2.0,0.38981168298050756
20,6.0,0.26192078951862635
21,6.0,0.38218909874558443
22,6.0,0.3653285764157771
23,6.0,0.2987933941185474
24,6.0,0.303928717970848
25,6.0,0.30065312981605524
26,6.0,0.5172811336815356
27,6.0,0.39996245503425587
28,6.0,0.347962150350213
29,6.0,0.21157750859856603
0,6.0,0.6160887989099136
1,6.0,0.40601966017857183
2,6.0,0.2580210771411657
3,6.0,0.2196283563971519
4,6.0,0.5172463059425353
5,6.0,0.28142391337314615
6,6.0,0.22862554527819154
7,6.0,0.46619310975074757
8,6.0,0.2282131435349583
9,6.0,0.46402339823544014
10,2.0,0.32955772802233685
11,2.0,0.24219514429569242
12,2.0,0.10294965654611585
13,2.0,0.1144677773118019
14,2.0,0.06246905773878096
15,2.0,0.06439561396837233
16,2.0,0.03469852358102798
17,2.0,0.03707029670476913
18,2.0,0.08092863112688063
19,2.0,0.6596829444169997
20,6.0,0.817345555871725
21,6.0,0.6209344435483216
22,6.0,0.16758922487497327
23,6.0,0.15650029387325046
24,6.0,0.1236727926880121
25,6.0,0.5678758434951304
26,6.0,0.45610610954463476
27,6.0,0.4156509134918451
28,6.0,0.43686447478830803
29,6.0,0.4310374986380338
0,6.0,0.5741570964455603
1,6.0,0.39712557010352606
2,6.0,0.2107092579826712
3,6.0,0.2016986804082989
4,6.0,0.16756782075390217
5,6.0,0.17517401534132657
6,6.0,0.180855612270534
7,6.0,0.18259854195639488
8,6.0,0.18327452987432477
9,6.0,0.5097802099771797
10,2.0,0.5587044246494769
11,2.0,0.28049856424331654
12,2.0,-0.06532155815511942
13,2.0,0.6214938927441834
14,2.0,-0.06596246035769583
15,2.0,0.4279598668217658
16,2.0,0.36702213063836087
17,2.0,0.4244456849992275
18,2.0,0.42457047477364535
19,2.0,0.4143740609288215
20,6.0,0.6236155815422534
21,6.0,0.44894876703619946
22,6.0,0.3848167862743138
23,6.0,0.4973574401810764
24,6.0,0.40576978214085097
25,6.0,0.35961400344967837
26,6.0,0.3958802912384271
27,6.0,0.2663904037326574
28,6.0,0.2706160242669284
29,6.0,0.25058711436577136
0,6.0,0.48636769503355026
1,6.0,0.47630439698696125
2,6.0,0.48016689531505097
3,6.0,0.41927262768149365
4,6.0,0.46686910092830647
5,6.0,0.48767868941649783
6,6.0,0.3756277710199355
7,6.0,0.3806158304214477
8,6.0,0.465706287883222
9,6.0,0.34398567676544184
10,2.0,0.1836893334984779
11,2.0,0.18420732405502346
12,2.0,0.3753569340333342
13,2.0,0.17451921384781596
14,2.0,0.11139004072174429
15,2.0,0.21816237270832056
16,2.0,0.14654759038239715
17,2.0,0.12909380951896307
18,2.0,0.11214476148597895
19,2.0,0.12461148295551536
20,6.0,0.5253956108354032
21,6.0,0.37039191834628576
22,6.0,0.2296117832884192
23,6.0,0.4844469823874532
24,6.0,0.3588549885898828
25,6.0,0.2365576417651027
26,6.0,0.4793907525017857
27,6.0,0.38878046534955496
28,6.0,0.2830940261483192
29,6.0,0.23697840142995116
0,6.0,0.5599877107888459
1,6.0,0.44066306110471476
2,6.0,0.2306038476526737
3,6.0,0.22787523269653318
4,6.0,0.23165471851825709
5,6.0,0.5836604284122585
6,6.0,0.45168432686477894
7,6.0,0.34325344301760197
8,6.0,0.4468964207917451
9,6.0,0.20987318828701965
10,2.0,0.7380878180265426
11,2.0,0.3293803443666547
12,2.0,0.5570862067397683
13,2.0,0.11671077972277996
14,2.0,0.040499735623598085
15,2.0,-0.033317815512418754
16,2.0,-0.04377980530261994
17,2.0,0.5150057952851056
18,2.0,0.1000868463888764
19,2.0,0.4631926137953996
20,6.0,0.6467867717146872
21,6.0,0.32088764850050205
22,6.0,0.5040942505002021
23,6.0,0.3250703089870512
24,6.0,0.5088675152510405
25,6.0,0.3716156282462179
26,6.0,0.21725151315331456
27,6.0,0.1825662814080715
28,6.0,0.5730827283114194
29,6.0,0.3311677807942032
0,6.0,0.35826305299997324
1,6.0,0.4898139499127864
2,6.0,0.34547668695449824
3,6.0,0.557815181557089
4,6.0,0.35767161287367333
5,6.0,0.24507489893585438
6,6.0,0.25984274037182326
7,6.0,0.2750883707776665
8,6.0,0.21383551228791473
9,6.0,0.22511154785752294
10,2.0,0.3579553887248038
11,2.0,0.3786744456738233
12,2.0,0.23350009694695467
13,2.0,0.4518446996808051
14,2.0,0.11712245829403398
15,2.0,0.5321715231984853
16,2.0,0.4184204838238656
17,2.0,0.40576055133715266
18,2.0,0.4371620379388331
19,2.0,0.3942383453249931
20,6.0,0.6743067521601914
21,6.0,0.5141849368810653
22,6.0,0.4688995592296123
23,6.0,0.44970104843378056
24,6.0,0.44875951111316675
25,6.0,0.48224173486232746
26,6.0,0.32672152202576393
27,6.0,0.3113421149319037
28,6.0,0.5437139617570209
29,6.0,0.3738326616585254
0,6.0,0.5995260328054427
1,6.0,0.449846152216196
2,6.0,0.40270043490454543
3,6.0,0.4234090754762291
4,6.0,0.34700353955849994
5,6.0,0.4105770182795822
6,6.0,0.3355813501402735
7,6.0,0.39020976796746243
8,6.0,0.42302396148443216
9,6.0,0.3918173410929739
10,2.0,0.6530765127390622
11,2.0,0.5094848573207854
12,2.0,0.3213287792168557
13,2.0,0.340344936819747
14,2.0,0.05862252321094273
15,2.0,0.02167831361293792
16,2.0,0.4113267147913574
17,2.0,0.07345819985494015
18,2.0,0.3533569071441888
19,2.0,0.1023467637132853
20,6.0,0.6240266524255275
21,6.0,0.3633804284036159
22,6.0,0.29571061395108694
23,6.0,0.45385688357055176
24,6.0,0.3934198240749537
25,6.0,0.37509757187217463
26,6.0,0.3240163726732135
27,6.0,0.306220194324851
28,6.0,0.38715351093560446
29,6.0,0.3229726608842611
0,6.0,0.6006954200565814
1,6.0,0.5882298961514606
2,6.0,0.533847796730697
3,6.0,0.4881705362349748
4,6.0,0.4693408906459807
5,6.0,0.4964357800781726
6,6.0,0.5816147364675998
7,6.0,0.5826580757275223
8,6.0,0.5410402640700339
9,6.0,0.5368538880720733
10,2.0,0.40990970842540253
11,2.0,0.04439382255077361
12,2.0,0.062366921454668024
13,2.0,0.06678500026464461
14,2.0,0.08850407600402829
15,2.0,0.6574037289246916
16,2.0,0.5498043289408087
17,2.0,0.4748718515038489
18,2.0,0.21733051910996432
19,2.0,-0.008390009403228763
20,6.0,0.32817157171666617
21,6.0,0.2864365354180335
22,6.0,0.31004627421498293
23,6.0,0.5629776660352944
24,6.0,0.461485621985048
25,6.0,0.47446552850306023
26,6.0,0.47110336460173124
27,6.0,0.30360847525298595
28,6.0,0.49904477875679726
29,6.0,0.4673517289338633
0,6.0,0.5122455079108476
1,6.0,0.4341086111962794
2,6.0,0.4376481510698794
3,6.0,0.3753560502082109
4,6.0,0.2847523721866309
5,6.0,0.2206417545676231
6,6.0,0.18720363639295098
7,6.0,0.19323504902422423
8,6.0,0.658523742109537
9,6.0,0.4877378176897763
10,2.0,0.5538811832666396
11,2.0,0.058017358300276066
12,2.0,-0.16025651246309278
13,2.0,-0.20750368665903804
14,2.0,0.6596344511490314
15,2.0,0.49666634202003473
16,2.0,0.4795528538525104
17,2.0,-0.04105969332158565
18,2.0,0.5262777507305144
19,2.0,-0.05909866001456975
20,6.0,0.2714259065687656
21,6.0,0.3074158379458822
22,6.0,0.2518450844800099
23,6.0,0.23004413535818452
24,6.0,0.2317933496087789
25,6.0,0.6259174849838016
26,6.0,0.4949418613687157
27,6.0,0.5399057012982665
28,6.0,0.26618567481636995
29,6.0,0.5451411781832575
0,6.0,0.5797561947256326
1,6.0,0.44420939497649664
2,6.0,0.42506140191107983
3,6.0,0.34950242901686573
4,6.0,0.4761038972064852
5,6.0,0.24598467350006098
6,6.0,0.2321931794285774
7,6.0,0.5202757287770509
8,6.0,0.3993464969098567
9,6.0,0.5289829766843468
10,2.0,0.3996309824287891
11,2.0,0.26336332410573954
12,2.0,0.2362909987568855
13,2.0,0.15776147693395612
14,2.0,0.12549707526341078
15,2.0,0.31152647361159325
16,2.0,0.20390785485506055
17,2.0,0.28476001322269434
18,2.0,0.19339672476053235
19,2.0,0.24822984030470246
20,6.0,0.4515037881210446
21,6.0,0.39963584579527367
22,6.0,0.3419829420745372
23,6.0,0.42298491089604784
24,6.0,0.4865882222075014
25,6.0,0.38356558233499516
26,6.0,0.4350121850147843
27,6.0,0.2238896787166595
28,6.0,0.47122410289011885
29,6.0,0.3154922351241111
0,6.0,0.5817247619852423
1,6.0,0.5505347261205314
2,6.0,0.41925945645198215
3,6.0,0.30080716684460634
4,6.0,0.2590657547116279
5,6.0,0.21986075863242144
6,6.0,0.2390477284789085
7,6.0,0.27623034641146654
8,6.0,0.4861728586256503
9,6.0,0.4030702449381351
10,2.0,0.657589517533779
11,2.0,0.5163840912282466
12,2.0,0.3576124194078147
13,2.0,0.2458052840083837
14,2.0,-0.05524439667351544
15,2.0,0.465890510007739
16,2.0,0.48567426763474936
17,2.0,0.0915751962456852
18,2.0,-0.06477212253957987
19,2.0,0.521527100354433
20,6.0,0.6061912737786769
21,6.0,0.5431402698159217
22,6.0,0.4839838538318872
23,6.0,0.4580455906689166
24,6.0,0.46883168350905174
25,6.0,0.4390481645241379
26,6.0,0.3474613605067133
27,6.0,0.2312841713428497
28,6.0,0.4874365497380495
29,6.0,0.32520175701938564
0,6.0,0.4823904931545257
1,6.0,0.4321365877985954
2,6.0,0.45021406561136235
3,6.0,0.3576202876865863
4,6.0,0.36851568147540087
5,6.0,0.3781777461990713
6,6.0,0.29235491715371603
7,6.0,0.4109060168266296
8,6.0,0.36181339100585314
9,6.0,0.3924770914018153
10,2.0,0.6839095540344714
11,2.0,0.5790578667074441
12,2.0,0.47960905544459814
13,2.0,0.3029573075473308
14,2.0,0.5721935462206601
15,2.0,0.08734047412872313
16,2.0,0.531869439408183
17,2.0,0.4232204407453536
18,2.0,0.1477904804050922
19,2.0,0.08331192284822461
20,6.0,0.43425092846155156
21,6.0,0.4907210590317844
22,6.0,0.43808574299328024
23,6.0,0.46146005793707434
24,6.0,0.2561772800981998
25,6.0,0.45850642444565887
26,6.0,0.3114941753447055
27,6.0,0.4639153769239782
28,6.0,0.43795744050294155
29,6.0,0.43594984151422966
0,6.0,0.7240790165960787
1,6.0,0.6111891008913516
2,6.0,0.3091817554086446
3,6.0,0.271245963871479
4,6.0,0.26086927950382227
5,6.0,0.5489953197538852
6,6.0,0.3686991855502128
7,6.0,0.25698341801762575
8,6.0,0.23089624568819994
9,6.0,0.5362195870839058
10,2.0,0.33175140805542463
11,2.0,0.34983665728941554
12,2.0,0.18840495683252803
13,2.0,0.3252893947064876
14,2.0,0.32337941043078894
15,2.0,0.3082924392074346
16,2.0,0.29471721872687334
17,2.0,0.29164478369057173
18,2.0,0.0813812147825956
19,2.0,0.035027479752898195
20,6.0,0.6436969190835952
21,6.0,0.5097596812993287
22,6.0,0.49699621554464096
23,6.0,0.3766939993947743
24,6.0,0.5468862988054751
25,6.0,0.369151210412383
26,6.0,0.27683244273066515
27,6.0,0.5494712684303521
28,6.0,0.36463219858706
29,6.0,0.5235648844391106
0,6.0,0.7022163961082697
1,6.0,0.37396868318319315
2,6.0,0.48786414880305523
3,6.0,0.45797728188335884
4,6.0,0.42275197431445116
5,6.0,0.3380267098546027
6,6.0,0.22428983449935908
7,6.0,0.2195169925689697
8,6.0,0.24265515804290766
9,6.0,0.4673120984807609
10,2.0,0.10661815106868741
11,2.0,0.6356671210378408
12,2.0,0.3854469116777181
13,2.0,0.11049453169107433
14,2.0,0.0614846125245094
15,2.0,-0.024671427905559547
16,2.0,-0.06657349318265916
17,2.0,0.558964505791664
18,2.0,0.4051680481061339
19,2.0,0.4369548503309487
20,6.0,0.49650159664452065
21,6.0,0.45926165767014016
22,6.0,0.48046827362850303
23,6.0,0.42607706785202015
24,6.0,0.28951180726289744
25,6.0,0.4698112495243549
26,6.0,0.4319902276620268
27,6.0,0.42292598821222777
28,6.0,0.3031732887029647
29,6.0,0.2277284190058708
0,6.0,0.6778958184640941
1,6.0,0.45802326872944826
2,6.0,0.3353662472218274
3,6.0,0.4907403364777564
4,6.0,0.40177161805331696
5,6.0,0.29046967253088946
6,6.0,0.39453873969614495
7,6.0,0.41360099148005236
8,6.0,0.46600533090531815
9,6.0,0.33029268588870764
10,2.0,0.37735913367941964
11,2.0,0.26636026054620743
12,2.0,0.15330337733030316
13,2.0,0.18919435888528818
14,2.0,0.18984010629355907
15,2.0,0.22792512923479077
16,2.0,0.4086844688281416
17,2.0,0.22333321347832674
18,2.0,0.2642547227442264
19,2.0,0.20472550764679906
20,6.0,0.5358682265505194
21,6.0,0.3843514244072138
22,6.0,0.31225488334894175
23,6.0,0.29681851342320437
24,6.0,0.32187443971633906
25,6.0,0.37372954189777363
26,6.0,0.3981334026902913
27,6.0,0.30703543871641154
28,6.0,0.2586896605789661
29,6.0,0.3956372141838073
0,6.0,0.6067771441303192
1,6.0,0.5930992309004067
2,6.0,0.3853099996922537
3,6.0,0.614057421684265
4,6.0,0.3228659951128065
5,6.0,0.29131204634904856
6,6.0,0.3054881636053323
7,6.0,0.3105723448097705
8,6.0,0.36676917783915985
9,6.0,0.30637494847178454
10,2.0,0.5379591416567564
11,2.0,0.25684511661529535
12,2.0,0.5449958681128918
13,2.0,0.20633504271972922
14,2.0,0.3855519220232963
15,2.0,0.16142512112855906
16,2.0,0.06602279096841811
17,2.0,0.06494842830579727
18,2.0,0.49149809591472143
19,2.0,0.2995901629328727
20,6.0,0.5364709664136171
21,6.0,0.5004439931362866
22,6.0,0.41307077743113035
23,6.0,0.4531341865658759
24,6.0,0.4527116268873214
25,6.0,0.3976452825590967
26,6.0,0.3366659600287675
27,6.0,0.4975104816257953
28,6.0,0.46045694127678866
29,6.0,0.381187823601067
0,6.0,0.5823788344860076
1,6.0,0.3905693814158439
2,6.0,0.5964770689606665
3,6.0,0.40242845565080637
4,6.0,0.5688848327845334
5,6.0,0.36376319825649256
6,6.0,0.26997717469930643
7,6.0,0.27619158476591105
8,6.0,0.2554978877305984
9,6.0,0.27414951473474497
10,2.0,0.5899835018790326
11,2.0,0.36652629077434534
12,2.0,0.25374672096222634
13,2.0,0.39222629368305195
14,2.0,0.17726616933941838
15,2.0,0.15054150670766828
16,2.0,0.1592852100729942
17,2.0,0.3659453429281711
18,2.0,0.1996918004006147
19,2.0,0.35639243246987456
20,6.0,0.5018420107662677
21,6.0,0.49992701550945634
22,6.0,0.49054957926273335
23,6.0,0.28806456923484797
24,6.0,0.25336562842130655
25,6.0,0.6535641052760182
26,6.0,0.5159010486677288
27,6.0,0.5310023548081516
28,6.0,0.49096092302352184
29,6.0,0.4741248944774269
0,6.0,0.515876531600952
1,6.0,0.547268601541873
2,6.0,0.38803026080131525
3,6.0,0.3159178842324763
4,6.0,0.4530940055847167
5,6.0,0.3882387438789009
6,6.0,0.43478940427303303
7,6.0,0.3824912179261445
8,6.0,0.4210665524005889
9,6.0,0.31993469595909113
10,2.0,0.33560496568679793
11,2.0,0.3501169085502624
12,2.0,0.22303363680839533
13,2.0,0.21213427186012265
14,2.0,0.2160614877939224
15,2.0,0.49510784447193135
16,2.0,0.19732989976182574
17,2.0,0.4301134776324033
18,2.0,0.1974746156483888
19,2.0,0.24443567916750902
20,6.0,0.44856491312384594
21,6.0,0.4087020913138985
22,6.0,0.41166246309876436
23,6.0,0.34807893238030363
24,6.0,0.3510212898254394
25,6.0,0.26608707010745997
26,6.0,0.3868379527702927
27,6.0,0.33444221201352764
28,6.0,0.38799008354544634
29,6.0,0.3194336667656898
0,6.0,0.5259045809507369
1,6.0,0.5310426105279474
2,6.0,0.3231248743832111
3,6.0,0.23229390382766718
4,6.0,0.2428130656480789
5,6.0,0.26828902214765543
6,6.0,0.2503150328993797
7,6.0,0.187773123383522
8,6.0,0.6104177953675388
9,6.0,0.36484033614397043
10,2.0,0.39687093347311014
11,2.0,0.43639123067259783
12,2.0,0.14207114861346778
13,2.0,0.16313352715224025
14,2.0,0.1325627006590366
15,2.0,0.3714711926877498
16,2.0,0.25992117729037995
17,2.0,0.2813100637868046
18,2.0,0.21932602999731893
19,2.0,0.25780938565731043
20,6.0,0.4304433829383924
21,6.0,0.36711083282716567
22,6.0,0.41579461842775334
23,6.0,0.5473599918186663
24,6.0,0.3877131901681422
25,6.0,0.461517609655857
26,6.0,0.34613466635346407
27,6.0,0.46383753418922413
28,6.0,0.3447568789124488
29,6.0,0.26572235301136965
0,6.0,0.49031507968902577
1,6.0,0.5058881752192973
2,6.0,0.5039549693465232
3,6.0,0.4656388163566589
4,6.0,0.5627602376043795
5,6.0,0.4929726384580134
6,6.0,0.5332780182361602
7,6.0,0.4211392775177955
8,6.0,0.3745161388069391
9,6.0,0.33243315108120436
10,2.0,0.4567044936120509
11,2.0,0.33163230121135706
12,2.0,0.23281060904264447
13,2.0,0.2991420775651931
14,2.0,0.322026327252388
15,2.0,0.2786744013428688
16,2.0,0.25139411538839335
17,2.0,0.5072555216029285
18,2.0,0.24486815510317678
19,2.0,0.2323972745798528
20,6.0,0.4257616236573084
21,6.0,0.44258548133075226
22,6.0,0.4305264903232454
23,6.0,0.4645174229517578
24,6.0,0.43954967521131033
25,6.0,0.35867150570265943
26,6.0,0.4470012839883565
27,6.0,0.45144721167162055
28,6.0,0.47849503345787514
29,6.0,0.3621305096894502
0,6.0,0.6815298255532979
1,6.0,0.49854450114071364
2,6.0,0.5616183588281273
3,6.0,0.5687375608831643
4,6.0,0.4369821104919537
5,6.0,0.4477445352822541
6,6.0,0.3128689974546432
7,6.0,0.5758852269500493
8,6.0,0.37062751036137337
9,6.0,0.24820287525653836
10,2.0,0.17764080036431548
11,2.0,0.815225491300225
12,2.0,0.061008831951767185
13,2.0,-0.024555340409278877
14,2.0,0.387937506660819
15,2.0,-0.05619877949357032
16,2.0,0.3798697208985686
17,2.0,0.336241154000163
18,2.0,-0.038761796429753304
19,2.0,0.3602559836581348
20,6.0,0.3535097781568765
21,6.0,0.3072467260062694
22,6.0,0.688459850847721
23,6.0,0.37069602776318783
24,6.0,0.5760440062731503
25,6.0,0.3939676042646169
26,6.0,0.28353760391473765
27,6.0,0.2154585942625999
28,6.0,0.20864061266183848
29,6.0,0.630015768110752
0,6.0,0.6460441481322048
1,6.0,0.6182626392692326
2,6.0,0.5635738871060311
3,6.0,0.48038932867348183
4,6.0,0.6058262253645806
5,6.0,0.3627212699502706
6,6.0,0.2244688272476196
7,6.0,0.6239099837839602
8,6.0,0.3702910169959067
9,6.0,0.5555624812841414
10,2.0,0.3870000503957271
11,2.0,0.25980651006102556
12,2.0,0.4550381768494844
13,2.0,0.32746013626456255
14,2.0,0.3190552406013012
15,2.0,0.32338701188564295
16,2.0,0.21325119957327834
17,2.0,0.07100695185363291
18,2.0,0.35699414394912304
19,2.0,0.3004849515855312
20,6.0,0.6115656532347201
21,6.0,0.4257381884381174
22,6.0,0.4243344855494796
23,6.0,0.4557065432891249
24,6.0,0.3247962556779384
25,6.0,0.3036316912621259
26,6.0,0.46632633171975607
27,6.0,0.27849264442920685
28,6.0,0.4138092150678857
29,6.0,0.41670081252232183
0,6.0,0.6893098596483468
1,6.0,0.592347353696823
2,6.0,0.44709615036845196
3,6.0,0.5681198127567767
4,6.0,0.4211098812520503
5,6.0,0.302615500986576
6,6.0,0.5784890539944171
7,6.0,0.38430272042751307
8,6.0,0.5862814933061599
9,6.0,0.466996170580387
10,2.0,0.2940534222871064
11,2.0,0.5855113519355654
12,2.0,-0.002741584903560579
13,2.0,0.6151669370010494
14,2.0,0.3212098013609647
15,2.0,0.3431566469371318
16,2.0,0.32478779554367054
17,2.0,0.32649575616233045
18,2.0,0.021237169974483536
19,2.0,-0.060560384765267365
20,6.0,0.47708226833492506
21,6.0,0.44846073165535916
22,6.0,0.40749188454356045
23,6.0,0.32486395095475007
24,6.0,0.2727960813790559
25,6.0,0.23146441206336016
26,6.0,0.2054403610527515
27,6.0,0.45809200406074524
28,6.0,0.29949468746781344
29,6.0,0.45204045251011843
0,6.0,0.5602573379874228
1,6.0,0.511205295100808
2,6.0,0.4850181490182876
3,6.0,0.4468009397387504
4,6.0,0.3096775915473699
5,6.0,0.47848664037883276
6,6.0,0.3597646690905094
7,6.0,0.3808373659849166
8,6.0,0.31474999245256174
9,6.0,0.2274413667619228
10,2.0,0.2787212505936622
11,2.0,0.3197157885879277
12,2.0,0.16122470097616312
13,2.0,0.49585993657819916
14,2.0,0.240303061902523
15,2.0,0.41941312712151546
16,2.0,0.2792574577033519
17,2.0,0.14205582439899442
18,2.0,0.3408769089728593
19,2.0,0.21615699492394921
20,6.0,0.5129548236727713
21,6.0,0.39904765691608185
22,6.0,0.4400010779500007
23,6.0,0.32495774328708643
24,6.0,0.32824873179197306
25,6.0,0.30510576069355005
26,6.0,0.42761327512562264
27,6.0,0.404022704809904
28,6.0,0.3548135757446288
29,6.0,0.3685449454933404
0,6.0,0.6033721566200254
1,6.0,0.4026815146207809
2,6.0,0.525695215910673
3,6.0,0.4474858045578003
4,6.0,0.5045851566828786
5,6.0,0.408289223909378
6,6.0,0.4940929696895181
7,6.0,0.4363868832588195
8,6.0,0.4505848817061632
9,6.0,0.33200160821434105
10,2.0,0.4401289969682693
11,2.0,0.28728531859815115
12,2.0,0.2638681926764547
13,2.0,0.22287670522928235
14,2.0,0.1865239730104804
15,2.0,0.16957031516358254
16,2.0,0.13944288995116946
17,2.0,0.09961388073861598
18,2.0,0.057705223560333245
19,2.0,0.1673509124666452
20,6.0,0.6192595455795525
21,6.0,0.5341497189365326
22,6.0,0.5386118772439658
23,6.0,0.5231155552901326
24,6.0,0.4507539309561252
25,6.0,0.40329183265566815
26,6.0,0.49973699543625105
27,6.0,0.37809192761778826
28,6.0,0.36135740764439106
29,6.0,0.4905011104419827
0,6.0,0.5061034467071294
1,6.0,0.46789199486374844
2,6.0,0.3792416267096996
3,6.0,0.5926457531750201
4,6.0,0.41633243113756174
5,6.0,0.3420751653611659
6,6.0,0.476320449495688
7,6.0,0.4158900177571922
8,6.0,0.33674164488911623
9,6.0,0.3260254979832098
10,2.0,0.32449569553136814
11,2.0,0.24253867939114565
12,2.0,0.16714049503207204
13,2.0,0.1758947893977165
14,2.0,0.3578703328967094
15,2.0,0.39695042371749867
16,2.0,0.38579426705837244
17,2.0,0.3746538916602731
18,2.0,0.3613116862252354
19,2.0,0.3473584875464439
20,6.0,0.44630185235291714
21,6.0,0.3239952772855758
22,6.0,0.6199081046506761
23,6.0,0.49874416366219515
24,6.0,0.33796348702162493
25,6.0,0.1792373955249786
26,6.0,0.5990990828722715
27,6.0,0.2566352086141705
28,6.0,0.592227118089795
29,6.0,0.2930711023509502
0,6.0,0.6708063206169753
1,6.0,0.30325917201116676
2,6.0,0.5512196710333228
3,6.0,0.46247266931459297
4,6.0,0.2595675382763147
5,6.0,0.227131089195609
6,6.0,0.21952473744750017
7,6.0,0.48269166611135006
8,6.0,0.34077548020286474
9,6.0,0.47920272871851916
10,2.0,0.616620615706779
11,2.0,0.18235985189676282
12,2.0,-0.08981347270309925
13,2.0,0.5537118406664376
14,2.0,-0.054033527383580804
15,2.0,-0.10323164239525795
16,2.0,-0.15030625462532043
17,2.0,-0.1353294402360916
18,2.0,-0.126643368974328
19,2.0,0.4938863702118396
20,6.0,0.30388157255947584
21,6.0,0.3790888211224227
22,6.0,0.5160148683935403
23,6.0,0.44719597883522505
24,6.0,0.31118428916670376
25,6.0,0.2000427898019552
26,6.0,0.5397876314818858
27,6.0,0.2401343490928411
28,6.0,0.1867629941552877
29,6.0,0.17978114075958723
0,6.0,0.4768880270421504
1,6.0,0.4787323363125323
2,6.0,0.47604522109031666
3,6.0,0.4774912819266318
4,6.0,0.4875461272895335
5,6.0,0.4457847047597169
6,6.0,0.36048672813922156
7,6.0,0.2628380991518497
8,6.0,0.2795612290501594
9,6.0,0.26627460867166514
10,2.0,0.7042645225301384
11,2.0,0.23350725695490834
12,2.0,0.12061695009469985
13,2.0,0.5013348748907446
14,2.0,0.19205151509959245
15,2.0,0.10600158758461473
16,2.0,0.301687691360712
17,2.0,0.29326927755028004
18,2.0,0.24174547567963597
19,2.0,0.3270742464810609
20,6.0,0.5801569145405664
21,6.0,0.4217847464606165
22,6.0,0.36400423198938364
23,6.0,0.4326029513031243
24,6.0,0.3757893629372119
25,6.0,0.3042012341320514
26,6.0,0.3286303840577602
27,6.0,0.324244923889637
28,6.0,0.41094314120709885
29,6.0,0.39923835918307304
0,6.0,0.7114718407392501
1,6.0,0.6452484801411628
2,6.0,0.5359047278761863
3,6.0,0.47475391626358027
4,6.0,0.4094691295176744
5,6.0,0.5119039118289946
6,6.0,0.4752678573131561
7,6.0,0.43964023143053044
8,6.0,0.43700301647186274
9,6.0,0.4069616347551346
10,2.0,0.7226350451819596
11,2.0,0.41127250529825676
12,2.0,0.580462660640478
13,2.0,0.21911479742266235
14,2.0,0.29282389208674425
15,2.0,0.2267948687076568
16,2.0,0.3313944498077034
17,2.0,0.2143664769828319
18,2.0,0.18797291070222852
19,2.0,0.18306453526020047
20,6.0,0.3347438115160911
21,6.0,0.3450182490050792
22,6.0,0.2680496014654636
23,6.0,0.6271694153547287
24,6.0,0.4564346652477979
25,6.0,0.31164425704628224
26,6.0,0.5567714422941207
27,6.0,0.40877395868301386
28,6.0,0.4260225493926554
29,6.0,0.47012159228324885
0,6.0,0.5142021626234053
1,6.0,0.35316621325910086
2,6.0,0.42692590132355684
3,6.0,0.33630367368459696
4,6.0,0.3639396652579307
5,6.0,0.4092112332582473
6,6.0,0.4576994474045931
7,6.0,0.3264226000756025
8,6.0,0.41685512824915344
9,6.0,0.3960946118459105
10,2.0,0.5072162767173721
11,2.0,0.3827120568603276
12,2.0,0.22233853663783515
13,2.0,0.4969963990151881
14,2.0,0.09923431184142824
15,2.0,0.5172154791653155
16,2.0,0.0011739544570445813
17,2.0,0.5084950458258389
18,2.0,0.43371603637933726
19,2.0,-0.04574729315936566
20,6.0,0.6023498736321925
21,6.0,0.30366674996912474
22,6.0,0.45664379745721806
23,6.0,0.3835476422682404
24,6.0,0.38894813426304603
25,6.0,0.43312106840312475
26,6.0,0.33019175659865135
27,6.0,0.3629130548797547
28,6.0,0.4082726892083882
29,6.0,0.3602843798871617
0,6.0,0.434816213324666
1,6.0,0.4062638960313051
2,6.0,0.3099701218307018
3,6.0,0.3041811622679233
4,6.0,0.24950281158089632
5,6.0,0.23938270658254618
6,6.0,0.3984041670337318
7,6.0,0.3404353260993957
8,6.0,0.3041891418397426
9,6.0,0.3706499068066478
10,2.0,0.6356149571947752
11,2.0,0.6799279339611529
12,2.0,0.3569567957893013
13,2.0,0.08145521860569713
14,2.0,0.0004772208631038607
15,2.0,0.5123690152540802
16,2.0,0.07794513832777736
17,2.0,0.024938497692346566
18,2.0,-0.008792198263108744
19,2.0,-0.028993447311222553
20,6.0,0.5400405805557965
21,6.0,0.4279499612748622
22,6.0,0.3521319254068657
23,6.0,0.3500918198842555
24,6.0,0.31073769181966776
25,6.0,0.3015006445348262
26,6.0,0.31480174697935576
27,6.0,0.31239283271133894
28,6.0,0.3013082090765237
29,6.0,0.2887137029320001
0,6.0,0.5935486145317552
1,6.0,0.47918918915092934
2,6.0,0.5464619360864161
3,6.0,0.46902311593294127
4,6.0,0.5301966369152068
5,6.0,0.31498140841722483
6,6.0,0.26600255072116846
7,6.0,0.24844457954168317
8,6.0,0.26667079329490656
9,6.0,0.28367569297552103
10,2.0,0.6482249312102794
11,2.0,0.3757137767970561
12,2.0,0.6483557112514972
13,2.0,0.4966026858892292
14,2.0,0.21826700493693346
15,2.0,0.12714120745658872
16,2.0,0.04858615249395369
17,2.0,0.6309388149529694
18,2.0,0.42914325371384615
19,2.0,0.16366154514253137
20,6.0,0.4825451113283633
21,6.0,0.4696442156564443
22,6.0,0.43681003898382176
23,6.0,0.3503119871020316
24,6.0,0.3153360486030578
25,6.0,0.34061060845851887
26,6.0,0.3255958035588264
27,6.0,0.27875072509050364
28,6.0,0.30063010007143015
29,6.0,0.42886578384786833
0,6.0,0.48151621222496027
1,6.0,0.5808697761967777
2,6.0,0.48772834668670834
3,6.0,0.4086495116353034
4,6.0,0.3032304365187883
5,6.0,0.31216642726212734
6,6.0,0.47872088104486454
7,6.0,0.42029610835015757
8,6.0,0.5175297501264139
9,6.0,0.3134203702211379
10,2.0,0.374087668955326
11,2.0,0.32343012467026705
12,2.0,0.1998851681128144
13,2.0,0.3934753984212875
14,2.0,0.23386834934353826
15,2.0,0.13347315741702911
16,2.0,0.26682755351066584
17,2.0,0.16007401421666143
18,2.0,0.12610630970448253
19,2.0,0.12535890436265615
20,6.0,0.48575493833050126
21,6.0,0.42421189136803145
22,6.0,0.36433123424649233
23,6.0,0.36298672482371325
24,6.0,0.4122437555342912
25,6.0,0.4514398928731679
26,6.0,0.3721434939652681
27,6.0,0.43419168889522547
28,6.0,0.3562929574400186
29,6.0,0.4369353046640753
0,6.0,0.5726728290319442
1,6.0,0.5513803772628306
2,6.0,0.37590699270367617
3,6.0,0.3784961495548486
4,6.0,0.35011471621692175
5,6.0,0.3355750907212495
6,6.0,0.5293610487133263
7,6.0,0.48220069892704476
8,6.0,0.34039358422160143
9,6.0,0.30063836835324753
10,2.0,0.6477394253015518
11,2.0,0.20324033685028547
12,2.0,0.007333885878324498
13,2.0,0.5572929400950669
14,2.0,0.10931028774939475
15,2.0,0.45200795680284495
16,2.0,0.1573993978090584
17,2.0,0.17107735387980935
18,2.0,0.09348297305405137
19,2.0,0.33078159252181644
20,6.0,0.43824884667992586
21,6.0,0.39594367891550053
22,6.0,0.3740654224529862
23,6.0,0.30400258302688593
24,6.0,0.4874775847420096
25,6.0,0.3858225867152213
26,6.0,0.4120072163641452
27,6.0,0.29804412648081774
28,6.0,0.4801142697688191
29,6.0,0.39563487097620953
0,6.0,0.5711431289091705
1,6.0,0.5726187573745846
2,6.0,0.6266425773501395
3,6.0,0.3730586729943752
4,6.0,0.30865795165300364
5,6.0,0.6505264961160718
6,6.0,0.4432887833099811
7,6.0,0.39364212937653054
8,6.0,0.4155482398346066
9,6.0,0.41825754428282375
10,2.0,0.7893754355609416
11,2.0,0.41455370932817454
12,2.0,0.7935148230753837
13,2.0,0.2511489428579807
14,2.0,0.5341513846069573
15,2.0,0.008189828418835525
16,2.0,0.02364070434123277
17,2.0,0.023146511055529107
18,2.0,0.4137249840423464
19,2.0,0.34469214174896473
20,6.0,0.6431770473718642
21,6.0,0.5229169903323053
22,6.0,0.613174747675657
23,6.0,0.4666708447039126
24,6.0,0.5582075344864278
25,6.0,0.5201552193611859
26,6.0,0.49657906964421267
27,6.0,0.48803793266415585
28,6.0,0.33978701010346407
29,6.0,0.5354972053319215
0,6.0,0.46216662228107447
1,6.0,0.36339287459850306
2,6.0,0.3538938388228416
3,6.0,0.31583038717508316
4,6.0,0.5929514877498149
5,6.0,0.42752346768975247
6,6.0,0.39205265603959555
7,6.0,0.40998039953410614
8,6.0,0.40952583402395243
9,6.0,0.441145566990599
10,2.0,0.7072980664670466
11,2.0,0.6856378819793462
12,2.0,0.6560729118064045
13,2.0,0.5859699565917252
14,2.0,0.07406384451314804
15,2.0,0.6554146576672791
16,2.0,0.4901048839092254
17,2.0,0.10961276385933158
18,2.0,0.714698288589716
19,2.0,0.4873892292380332
20,6.0,0.7127931118011473
21,6.0,0.4651573384180664
22,6.0,0.4353941772133111
23,6.0,0.3890127018094063
24,6.0,0.3718260526657104
25,6.0,0.4829149255529045
26,6.0,0.4031581617891788
27,6.0,0.4538818132132291
28,6.0,0.4356441609561443
29,6.0,0.40334104932844633
0,6.0,0.6825188184157013
1,6.0,0.6235989267006515
2,6.0,0.3670864291489123
3,6.0,0.5983830792829393
4,6.0,0.5512496242299675
5,6.0,0.25221628043800587
6,6.0,0.5463417693972586
7,6.0,0.2851807670667767
8,6.0,0.49651256483048195
9,6.0,0.5148216883244457
10,2.0,0.29610025417059654
11,2.0,0.06885468948166816
12,2.0,-0.009641038253903392
13,2.0,0.5240713357925414
14,2.0,0.016996801597997536
15,2.0,0.4277320727705955
16,2.0,0.0417377478443086
17,2.0,-0.10739973676390945
18,2.0,-0.06609732750803232
19,2.0,-0.09467810345813629
20,6.0,0.34213603660464276
21,6.0,0.21526031941175455
22,6.0,0.19788959249854085
23,6.0,0.6276933848857879
24,6.0,0.5546412933617829
25,6.0,0.542792074382305
26,6.0,0.5016233716160058
27,6.0,0.22474113851785651
28,6.0,0.5589583124965428
29,6.0,0.5238519571721553
0,6.0,0.4055145680904388
1,6.0,0.6172131095081567
2,6.0,0.360063899308443
3,6.0,0.29102465425967233
4,6.0,0.4557991882320493
5,6.0,0.3425826970487832
6,6.0,0.4054235126823186
7,6.0,0.32831547036767
8,6.0,0.3104208037257194
9,6.0,0.4200218557380139
10,2.0,0.5866746585816144
11,2.0,0.37772117555141443
12,2.0,0.524299170821905
13,2.0,0.4157589944079518
14,2.0,0.31615698710083956
15,2.0,0.2507334691472351
16,2.0,0.32780693098902697
17,2.0,0.1801436729729175
18,2.0,0.13020881637930867
19,2.0,0.18446128815412519
20,6.0,0.46094460971653456
21,6.0,0.4317721645347773
22,6.0,0.44279308430850495
23,6.0,0.3325660144910216
24,6.0,0.25954695045948023
25,6.0,0.20144364237785334
26,6.0,0.5495117753744124
27,6.0,0.2536704055964946
28,6.0,0.15153563022613523
29,6.0,0.5401976387947797
0,6.0,0.6564284600317478
1,6.0,0.5750377131626009
2,6.0,0.4390868619084357
3,6.0,0.4046396538615226
4,6.0,0.5698433220386504
5,6.0,0.4637458100914954
6,6.0,0.3247967064380645
7,6.0,0.5753653445863164
8,6.0,0.38338859379291534
9,6.0,0.4028450665064156
10,2.0,0.695541433058679
11,2.0,0.12045050412416453
12,2.0,-0.10506862029433249
13,2.0,-0.1100177615880966
14,2.0,0.7412967011332511
15,2.0,-0.12364107137545943
16,2.0,0.7111665308475493
17,2.0,0.6510650813579558
18,2.0,-0.12951040640473366
19,2.0,-0.19844185002148151
20,6.0,0.6517911432310938
21,6.0,0.4947658237069844
22,6.0,0.3227002546191215
23,6.0,0.3004652559757232
24,6.0,0.4960779547691344
25,6.0,0.3017657026648521
26,6.0,0.22324864566326136
27,6.0,0.44943289086222643
28,6.0,0.3395467773079871
29,6.0,0.2878564074635505
0,6.0,0.4902158454060554
1,6.0,0.43111874721944327
2,6.0,0.399273820221424
3,6.0,0.325119299814105
4,6.0,0.2884597925003618
5,6.0,0.518819729797542
6,6.0,0.4050718545913695
7,6.0,0.41708321124315256
8,6.0,0.39311192557215685
9,6.0,0.28321070410311217
10,2.0,0.45059771835803974
11,2.0,0.34379953419556836
12,2.0,0.07099903747439383
13,2.0,0.5907719638198613
14,2.0,0.08404058264568445
15,2.0,0.5454558776691555
16,2.0,0.0690128272399306
17,2.0,0.029345800168812265
18,2.0,-0.005516692064702518
19,2.0,0.026030661538243276
20,6.0,0.279909199103713
21,6.0,0.3404964555520564
22,6.0,0.35435865964973345
23,6.0,0.31302632880397135
24,6.0,0.3242626064456999
25,6.0,0.5288385348394512
26,6.0,0.47261050529778
27,6.0,0.4795952094718813
28,6.0,0.47191964648663987
29,6.0,0.4692878425121306
0,6.0,0.5968866497278212
1,6.0,0.4636217262595891
2,6.0,0.5591041296720504
3,6.0,0.36273738229647273
4,6.0,0.30715834279544646
5,6.0,0.2364954315125942
6,6.0,0.5902688093483447
7,6.0,0.414367564022541
8,6.0,0.4060682207345962
9,6.0,0.39000315219163884
10,2.0,0.6105981440050526
11,2.0,0.3029197342693805
12,2.0,0.34764831513166417
13,2.0,0.25710483826696867
14,2.0,0.41560894995927805
15,2.0,0.1739208679646253
16,2.0,0.3545618206262588
17,2.0,0.22469652444124216
18,2.0,0.2267494425177574
19,2.0,0.2351528629660606
20,6.0,0.568735010921955
21,6.0,0.38326189946383227
22,6.0,0.5570164844393729
23,6.0,0.3753546848893165
24,6.0,0.3767844513058662
25,6.0,0.398499549832195
26,6.0,0.5180706605315207
27,6.0,0.3750804960727691
28,6.0,0.43106109858490516
29,6.0,0.26226766314357514
0,6.0,0.48869307339191426
1,6.0,0.5253017035283846
2,6.0,0.4482412924990057
3,6.0,0.45879293046891684
4,6.0,0.42643489991314704
5,6.0,0.2995354048907756
6,6.0,0.4679417666047811
7,6.0,0.4018700327724217
8,6.0,0.2924811244010925
9,6.0,0.24816186353564257
10,2.0,0.4275396168231963
11,2.0,0.15462567470967764
12,2.0,0.42976570874452585
13,2.0,0.15509504231158638
14,2.0,0.17519456334412095
15,2.0,0.42825805721804494
16,2.0,0.3413207605481147
17,2.0,0.08765408489853142
18,2.0,0.40692092757672066
19,2.0,0.10688009345903991
20,6.0,0.31943444721400727
21,6.0,0.48528939858078946
22,6.0,0.3925888072699308
23,6.0,0.32261838205158705
24,6.0,0.35048771245055826
25,6.0,0.4149503037333488
26,6.0,0.3890533572994172
27,6.0,0.3343694019131362
28,6.0,0.24583363626152271
29,6.0,0.2851594761013984
0,6.0,0.5729196518659591
1,6.0,0.5645229443907737
2,6.0,0.5052630156278609
3,6.0,0.5001158043742179
4,6.0,0.4654936180013464
5,6.0,0.35349319316446776
6,6.0,0.3192216614261269
7,6.0,0.2940107038011774
8,6.0,0.6448133420199155
9,6.0,0.41727811843156803
10,2.0,0.7814426496624944
11,2.0,0.10473088175058361
12,2.0,-0.19789175316691396
13,2.0,-0.21937392279505727
14,2.0,-0.2509478814899921
15,2.0,-0.2098618820309639
16,2.0,0.7819297835230826
17,2.0,0.6686854129657148
18,2.0,0.6071508843451737
19,2.0,-0.1295680124312639
20,6.0,0.8533012103289364
21,6.0,0.3002152368426322
22,6.0,0.30447766371071333
23,6.0,0.7090616077184675
24,6.0,0.39296224806457747
25,6.0,0.5259270183742045
26,6.0,0.4240943491458892
27,6.0,0.34782353648915876
28,6.0,0.3070384329184889
29,6.0,0.587882213294506
0,6.0,0.6631434326991439
1,6.0,0.46591238677501673
2,6.0,0.4605906717479228
3,6.0,0.5249352548271417
4,6.0,0.5520153548568486
5,6.0,0.41303141042590136
6,6.0,0.3960784804075956
7,6.0,0.42456912808120245
8,6.0,0.48788365162909025
9,6.0,0.2683707661926746
10,2.0,1.0483484491705892
11,2.0,0.832614630460739
12,2.0,0.16542229801416392
13,2.0,0.7512187818065285
14,2.0,0.6505259890109298
15,2.0,0.16099642589688298
16,2.0,0.026559701072983413
17,2.0,0.6013367222622036
18,2.0,0.0222409702837467
19,2.0,-0.07323170173913239
20,6.0,0.5315084520261734
21,6.0,0.49919336359016586
22,6.0,0.450854605063796
23,6.0,0.45391162298619736
24,6.0,0.40743510518223036
25,6.0,0.46973636443726713
26,6.0,0.3969830106943845
27,6.0,0.4420647099614142
28,6.0,0.41333748586475844
29,6.0,0.2730844323523342
0,6.0,0.633574940264225
1,6.0,0.5527766407467424
2,6.0,0.45206883572973305
3,6.0,0.34981408342719067
4,6.0,0.49593857023864973
5,6.0,0.40717838332056994
6,6.0,0.42456530441995705
7,6.0,0.28305909410119046
8,6.0,0.44903369061648835
9,6.0,0.38874354399740685
10,2.0,0.8636954966932533
11,2.0,0.11265747435390945
12,2.0,0.8557054176926611
13,2.0,0.010059430263936497
14,2.0,0.6853534504771233
15,2.0,0.021418796619400344
16,2.0,0.662326756864786
17,2.0,0.5288632474839686
18,2.0,0.5004253424704075
19,2.0,0.07379532861523327
20,6.0,0.7610870450735091
21,6.0,0.6146704554557799
22,6.0,0.5347739607095717
23,6.0,0.3023770526051521
24,6.0,0.5876919608563184
25,6.0,0.30948860291391606
26,6.0,0.4835664257407188
27,6.0,0.40058150142431254
28,6.0,0.38453752733767027
29,6.0,0.32005385798402125
0,6.0,0.4735248237848281
1,6.0,0.4599233958870172
2,6.0,0.4284242689609527
3,6.0,0.49770366027951235
4,6.0,0.39468426350504154
5,6.0,0.3501639887690543
6,6.0,0.550855716690421
7,6.0,0.42365813301876176
8,6.0,0.2895337305963039
9,6.0,0.32940126210451126
10,2.0,0.49249950796365727
11,2.0,0.44925480335950846
12,2.0,0.27172012068331236
13,2.0,0.5501881502568721
14,2.0,0.47759428247809405
15,2.0,0.20543880946934215
16,2.0,0.6220547817647455
17,2.0,0.4485377711243927
18,2.0,0.027680867351591566
19,2.0,-0.12134198285639285
20,6.0,0.678191415965557
21,6.0,0.43952004122547794
22,6.0,0.33941967785358423
23,6.0,0.3340871836990117
24,6.0,0.3078738003969192
25,6.0,0.2660366743803024
26,6.0,0.27040021121501917
27,6.0,0.583991166204214
28,6.0,0.4727262211963533
29,6.0,0.30762319266796107
0,6.0,0.6079010069370269
1,6.0,0.600084314122796
2,6.0,0.4820915311574935
3,6.0,0.44854823546484107
4,6.0,0.45871464908123005
5,6.0,0.44306293688714493
6,6.0,0.3787051104009151
7,6.0,0.4384768530726432
8,6.0,0.4466510340571403
9,6.0,0.4246323704719543
10,2.0,0.6577955447137355
11,2.0,0.331578567624092
12,2.0,0.27654016017913813
13,2.0,0.22916487604379648
14,2.0,0.44319543614983553
15,2.0,0.34635296789929265
16,2.0,0.32471669092774386
17,2.0,0.4126455402001738
18,2.0,0.1770396456122398
19,2.0,0.29031416028738016
20,6.0,0.49092421447858203
21,6.0,0.47466466575860966
22,6.0,0.37565905600786204
23,6.0,0.4052625950425862
24,6.0,0.34264694247394795
25,6.0,0.400629386305809
26,6.0,0.416353796608746
27,6.0,0.3652686700224876
28,6.0,0.3952721171081066
29,6.0,0.3059211075305938
0,6.0,0.5430667484179138
1,6.0,0.5294948760420083
2,6.0,0.4664278049021958
3,6.0,0.4060332588851451
4,6.0,0.40764683485031117
5,6.0,0.3893256075680255
6,6.0,0.565929889678955
7,6.0,0.521042326465249
8,6.0,0.3788188211619853
9,6.0,0.34711792320013035
10,2.0,0.45489044860005373
11,2.0,0.32207601517438883
12,2.0,0.31303537636995316
13,2.0,0.3992955801077186
14,2.0,0.28371250629425043
15,2.0,0.25826675537973637
16,2.0,0.28625093400478363
17,2.0,0.17667092382907865
18,2.0,0.15401312254834917
19,2.0,0.3140853717923164
20,6.0,0.4563177153468131
21,6.0,0.46511451713740815
22,6.0,0.4657021407037973
23,6.0,0.30744281411170954
24,6.0,0.2542768362909555
25,6.0,0.25606665760278696
26,6.0,0.2258720460813492
27,6.0,0.21005796501412985
28,6.0,0.24746432795654977
29,6.0,0.22310671047307548
0,6.0,0.6006800867617128
1,6.0,0.45889402925968165
2,6.0,0.36160422163084144
3,6.0,0.30908981617540116
4,6.0,0.3057264471426606
5,6.0,0.5848750033183022
6,6.0,0.41760870441794384
7,6.0,0.3369568805210292
8,6.0,0.45996660902164865
9,6.0,0.4284936124458908
10,2.0,0.5910049993544816
11,2.0,0.1414787713438272
12,2.0,-0.14907478913664818
13,2.0,0.5225105071440338
14,2.0,0.5129187731072307
15,2.0,-0.14594396576285362
16,2.0,0.6138636823743581
17,2.0,-0.18871011212468147
18,2.0,0.5548422047868371
19,2.0,-0.1515232548117638
20,6.0,0.2886450076475739
21,6.0,0.5557541474699973
22,6.0,0.4539400003850459
23,6.0,0.4339561215601861
24,6.0,0.3211426041088998
25,6.0,0.2589093949645757
26,6.0,0.26298737153410906
27,6.0,0.4625162817537784
28,6.0,0.40006561391055573
29,6.0,0.39737157197669143
0,6.0,0.4767095372080802
1,6.0,0.5496750399470328
2,6.0,0.37430328689515585
3,6.0,0.46740403026342386
4,6.0,0.38798062503337855
5,6.0,0.3880282491445541
6,6.0,0.3387840762734412
7,6.0,0.32483510673046107
8,6.0,0.4878776520490645
9,6.0,0.3289968911558389
10,2.0,0.42823533341288555
11,2.0,0.2879689335823059
12,2.0,0.12921102344989774
13,2.0,0.07682025432586669
14,2.0,0.070202499628067
15,2.0,0.09027586877346037
16,2.0,0.7994321733713149
17,2.0,0.09190332144498822
18,2.0,0.6090788766741752
19,2.0,0.21998960897326464
20,6.0,0.3826972171664237
21,6.0,0.3424601331353187
22,6.0,0.30199032276868815
23,6.0,0.29634068906307215
24,6.0,0.57815218064934
25,6.0,0.4430716969072818
26,6.0,0.46516523044556374
27,6.0,0.2868887363001704
28,6.0,0.5441412348300217
29,6.0,0.4159622713923453
0,6.0,0.6299699078372213
1,6.0,0.5161059405654669
2,6.0,0.4710268359631299
3,6.0,0.512384297326207
4,6.0,0.35628461185842747
5,6.0,0.3402485214173792
6,6.0,0.42747380957007397
7,6.0,0.275222351308912
8,6.0,0.23267276585102076
9,6.0,0.25355618260800833
10,2.0,0.4645780529826879
11,2.0,0.31172651425004
12,2.0,0.30600581318140024
13,2.0,0.22403545118868345
14,2.0,0.13874986488372085
15,2.0,0.2819850202649831
16,2.0,0.19005997292697427
17,2.0,0.20598259568214414
18,2.0,0.2123859822750091
19,2.0,0.19851663708686823
20,6.0,0.409146930091083
21,6.0,0.4355891316081396
22,6.0,0.38313245587050904
23,6.0,0.3062516432255506
24,6.0,0.5415352638810872
25,6.0,0.4155562119558453
26,6.0,0.4391200076788663
27,6.0,0.41199695132672787
28,6.0,0.3077551857568323
29,6.0,0.4875741275027393
0,6.0,0.6856739334762095
1,6.0,0.5152012407779694
2,6.0,0.57523674541153
3,6.0,0.4704092096071689
4,6.0,0.5835030190646648
5,6.0,0.4544335436075925
6,6.0,0.45463250577449793
7,6.0,0.3470892049372195
8,6.0,0.25810429826378817
9,6.0,0.5563447959721087
10,2.0,0.8396876379847524
11,2.0,0.053016435354948
12,2.0,0.823848621919751
13,2.0,-0.1934571824967861
14,2.0,-0.19276813045144076
15,2.0,0.785512376576662
16,2.0,-0.16948421299457547
17,2.0,-0.18638942763209343
18,2.0,0.7182702030986546
19,2.0,-0.12656662613153458
20,6.0,0.807965613901615
21,6.0,0.6386707462370396
22,6.0,0.6055978648364542
23,6.0,0.4029176905751227
24,6.0,0.5384913757443427
25,6.0,0.45778999733738596
26,6.0,0.47431493364274496
27,6.0,0.4548425376415252
28,6.0,0.49020579457283014
29,6.0,0.5234136041253804
0,6.0,0.615652958396822
1,6.0,0.6427082940936087
2,6.0,0.4975155936554074
3,6.0,0.42806608974933613
4,6.0,0.5817636670544742
5,6.0,0.4681032411754131
6,6.0,0.40466970205307
7,6.0,0.42946911603212345
8,6.0,0.5338783711194991
9,6.0,0.4586079381406306
10,2.0,0.8369368016719816
11,2.0,0.5581709630787371
12,2.0,0.4454373195767402
13,2.0,0.223895326256752
14,2.0,0.5111297890543937
15,2.0,0.1684815753251314
16,2.0,0.34599887579679484
17,2.0,0.2322057262063026
18,2.0,0.2142596766352653
19,2.0,0.33035704027861346
20,6.0,0.5921277429442852
21,6.0,0.2947894930839538
22,6.0,0.3085748814046382
23,6.0,0.5830976516008376
24,6.0,0.47764711827039713
25,6.0,0.3840522989630698
26,6.0,0.4621744770556688
27,6.0,0.4507612688466906
28,6.0,0.3771590348333119
29,6.0,0.32587021589279164
0,6.0,0.4810159429907798
1,6.0,0.46602647006511677
2,6.0,0.42664124118164176
3,6.0,0.5189033560454844
4,6.0,0.2920232051983475
5,6.0,0.19728169683367008
6,6.0,0.21921200584620235
7,6.0,0.45468848571181286
8,6.0,0.35559220984578127
9,6.0,0.2584954788908362
10,2.0,0.0650008879601955
11,2.0,0.13690227270126337
12,2.0,0.11846836656332012
13,2.0,0.04942049086093902
14,2.0,0.6004111133515834
15,2.0,0.444184130989015
16,2.0,0.3152462653815745
17,2.0,0.22217070311307902
18,2.0,0.08159171789884566
19,2.0,0.1154481768608093
20,6.0,0.48793946206569666
21,6.0,0.44396565947681654
22,6.0,0.3917191224172711
23,6.0,0.41092840582132334
24,6.0,0.31743700802326197
25,6.0,0.44259397778660053
26,6.0,0.437307059764862
27,6.0,0.31516421586275095
28,6.0,0.4575080759823321
29,6.0,0.34024127293378104
0,6.0,0.4803718477487563
1,6.0,0.45300365984439844
2,6.0,0.40929738432168955
3,6.0,0.5459968373179435
4,6.0,0.5089336223900317
5,6.0,0.3828331490512937
6,6.0,0.3167441617697477
7,6.0,0.34475468844175333
8,6.0,0.34004836156964297
9,6.0,0.36409840174019337
10,2.0,0.5991447484120725
11,2.0,0.41847159434109915
12,2.0,0.23307096026837817
13,2.0,0.45363235846161837
14,2.0,0.3883156403899192
15,2.0,0.09173787571489808
16,2.0,0.6033468209207057
17,2.0,0.021875093691050986
18,2.0,0.5010225814767181
19,2.0,0.392946392763406
20,6.0,0.6269431225955486
21,6.0,0.5010621657129376
22,6.0,0.4759646980091929
23,6.0,0.44943938776850695
24,6.0,0.4570966167375445
25,6.0,0.2871078657917678
26,6.0,0.5289969388395547
27,6.0,0.4519086680375039
28,6.0,0.4373851906857452
29,6.0,0.2854472247418016
0,6.0,0.551489271223545
1,6.0,0.4700871082022785
2,6.0,0.43807678483426565
3,6.0,0.49870500154793257
4,6.0,0.42192053236067284
5,6.0,0.3885618261992931
6,6.0,0.27636356651782984
7,6.0,0.4722535945475101
8,6.0,0.31772533990442753
9,6.0,0.43214134406298393
10,2.0,0.4020585119724273
11,2.0,0.2832441851496696
12,2.0,0.40299133455846453
13,2.0,0.4460472352802753
14,2.0,0.1302763558924198
15,2.0,0.34071303531527514
16,2.0,0.15417802054435012
17,2.0,0.0404695589095354
18,2.0,0.2594705764204263
19,2.0,0.14324532519094643
20,6.0,0.47432970628142346
21,6.0,0.3910296224057674
22,6.0,0.4531895983964204
23,6.0,0.4407586380839347
24,6.0,0.4263403695076703
25,6.0,0.3691545128822326
26,6.0,0.4176227720454334
27,6.0,0.42969117895700026
28,6.0,0.4414187744259834
29,6.0,0.28448136895895
0,6.0,0.46588410763069976
1,6.0,0.48650487672421144
2,6.0,0.5131463631987571
3,6.0,0.3964091069065034
4,6.0,0.5418892563320695
5,6.0,0.4128450783900916
6,6.0,0.26062375307083124
7,6.0,0.2013303786516189
8,6.0,0.5457437280565499
9,6.0,0.35802179947495455
10,2.0,0.4063929468393325
11,2.0,0.7066459357738494
12,2.0,0.36617389321327204
13,2.0,0.33257895754650224
14,2.0,0.11826397106051442
15,2.0,0.6375514506362377
16,2.0,0.22527843806892628
17,2.0,0.5237971092574297
18,2.0,0.23326299153268332
19,2.0,0.5436754226684569
20,6.0,0.5198240615427493
21,6.0,0.45032893680036057
22,6.0,0.36574097303673625
23,6.0,0.42509998194873333
24,6.0,0.39653851650655264
25,6.0,0.39987479802221054
26,6.0,0.4324934789910912
27,6.0,0.5417734272778033
28,6.0,0.33279273193329567
29,6.0,0.47090113349258894
0,6.0,0.34218046616297204
1,6.0,0.5200535833137109
2,6.0,0.4457581974565982
3,6.0,0.3042966946959495
4,6.0,0.37563932128250593
5,6.0,0.25138562172651285
6,6.0,0.21638673916459078
7,6.0,0.2245143949985504
8,6.0,0.22576972190290687
9,6.0,0.22203166015970052
10,2.0,0.7438424844294785
11,2.0,0.565308392047882
12,2.0,0.5628911890089511
13,2.0,-0.08666358888149264
14,2.0,-0.27615374699234957
15,2.0,0.524891075445339
16,2.0,0.5668653007596731
17,2.0,-0.26440457068383694
18,2.0,0.5212687419261782
19,2.0,-0.2021046448498964
20,6.0,0.1821966059505939
21,6.0,0.5354805700480937
22,6.0,0.39774065837264055
23,6.0,0.49257989041507233
24,6.0,0.4290931522846221
25,6.0,0.3608474917709827
26,6.0,0.4367609545588492
27,6.0,0.34613378252834076
28,6.0,0.33444482297636563
29,6.0,0.43965641222894186
0,6.0,0.34412043169140805
1,6.0,0.4591184649616479
2,6.0,0.5207189352149725
3,6.0,0.3893377939239143
4,6.0,0.4811076000332832
5,6.0,0.33426353335380543
6,6.0,0.37710009142756457
7,6.0,0.36819563433527935
8,6.0,0.38462104275822634
9,6.0,0.4846081547439098
10,2.0,0.3834450040012597
11,2.0,0.353634014725685
12,2.0,0.22730710357427591
13,2.0,0.19381278753280634
14,2.0,0.4370939973741769
15,2.0,0.48623456992208947
16,2.0,0.3431727467104792
17,2.0,0.40552724618464703
18,2.0,0.3420362137258053
19,2.0,0.3561245743185281
20,6.0,0.5068935677409171
21,6.0,0.41606573760509485
22,6.0,0.3496848121285438
23,6.0,0.38886005058884615
24,6.0,0.41918930597603316
25,6.0,0.427267163991928
26,6.0,0.3224632665514945
27,6.0,0.34019186347722996
28,6.0,0.3422791510820388
29,6.0,0.43743979558348645
0,6.0,0.724851995706558
1,6.0,0.4990687533281743
2,6.0,0.48446384444832796
3,6.0,0.42620900645852083
4,6.0,0.487841130234301
5,6.0,0.3858331963419913
6,6.0,0.4415730154141783
7,6.0,0.5174227952957152
8,6.0,0.4241020623594522
9,6.0,0.3223211728036403
10,2.0,0.28370733559131617
11,2.0,0.561510145664215
12,2.0,0.1703850496560335
13,2.0,0.03740921616554259
14,2.0,0.0442804880440235
15,2.0,0.46943699847906817
16,2.0,0.162378238979727
17,2.0,0.11887469515204427
18,2.0,0.3873615995980798
19,2.0,0.3561284374445677
20,6.0,0.5592421460896729
21,6.0,0.6374370157718657
22,6.0,0.4669127333909272
23,6.0,0.4174559768289327
24,6.0,0.2968801483511924
25,6.0,0.27035313844680786
26,6.0,0.5074121505022048
27,6.0,0.34593071229755873
28,6.0,0.4071812480688094
29,6.0,0.25829766690731043
0,6.0,0.4847182482481001
1,6.0,0.45178883709013457
2,6.0,0.37445052899420256
3,6.0,0.4266468025743961
4,6.0,0.4828763285186141
5,6.0,0.31913687661290163
6,6.0,0.24544360488653177
7,6.0,0.46345372544601554
8,6.0,0.31192741543054575
9,6.0,0.25484789907932276
10,2.0,0.639732060022652
11,2.0,0.08778604865074156
12,2.0,-0.01713465666398407
13,2.0,0.5176962334662675
14,2.0,0.09117533825337885
15,2.0,0.4050322975963354
16,2.0,0.22383389621973032
17,2.0,0.20411831536330277
18,2.0,0.08837868086993693
19,2.0,0.07515098899602889
20,6.0,0.5062019005417823
21,6.0,0.34134948998689646
22,6.0,0.4633647352457046
23,6.0,0.34504365874454374
24,6.0,0.32365057989954943
25,6.0,0.3598219733685255
26,6.0,0.41686795651912684
27,6.0,0.3019078895449638
28,6.0,0.24012906849384302
29,6.0,0.25193397700786585
0,6.0,0.5405058115720748
1,6.0,0.5347153954207896
2,6.0,0.41461232956498856
3,6.0,0.333073005080223
4,6.0,0.624716312624514
5,6.0,0.5219372436404227
6,6.0,0.409302826039493
7,6.0,0.5143069494515656
8,6.0,0.36935057479422534
9,6.0,0.4972037058323621
10,2.0,0.47396875545382494
11,2.0,0.614563688635826
12,2.0,0.5084404386579989
13,2.0,0.39115484559442837
14,2.0,0.38054759521037335
15,2.0,0.38172569591552014
16,2.0,0.18259405996650455
17,2.0,0.5643563419580458
18,2.0,0.4190659066662192
19,2.0,0.4122293195687234
20,6.0,0.697931732982397
21,6.0,0.2738312873989343
22,6.0,0.6374720185995101
23,6.0,0.5401463881134986
24,6.0,0.27699637413024897
25,6.0,0.15853223484009502
26,6.0,0.14157125726342196
27,6.0,0.5603140220046042
28,6.0,0.47934681363403786
29,6.0,0.2758672991767525
0,6.0,0.3990588709712028
1,6.0,0.3845393285155296
2,6.0,0.5488855876028537
3,6.0,0.35126651404425496
4,6.0,0.5249868910759686
5,6.0,0.46248674672096957
6,6.0,0.29186832346022124
7,6.0,0.512733669951558
8,6.0,0.3903845017775892
9,6.0,0.28786555677652353
10,2.0,0.5515493191778659
11,2.0,0.34170545078814024
12,2.0,0.09982912812847644
13,2.0,0.1488615269772708
14,2.0,0.06472010165452956
15,2.0,0.04423875547945498
16,2.0,0.36920120473951096
17,2.0,0.314884535036981
18,2.0,0.1567653422243893
19,2.0,0.17409951705485577
20,6.0,0.6563457865267992
21,6.0,0.39684969186782826
22,6.0,0.5022406289353966
23,6.0,0.4566500857472419
24,6.0,0.3355907835066318
25,6.0,0.28043974749743933
26,6.0,0.4969230648130178
27,6.0,0.35920183430425817
28,6.0,0.23639815207570783
29,6.0,0.5318025145679711
0,6.0,0.6050095744431018
1,6.0,0.565595987252891
2,6.0,0.509193368256092
3,6.0,0.3702146047726273
4,6.0,0.285662394016981
5,6.0,0.5387364625930785
6,6.0,0.3810261189937591
7,6.0,0.42082459852099413
8,6.0,0.47751337103545655
9,6.0,0.42196193523704995
10,2.0,0.6251258794218302
11,2.0,0.664656925946474
12,2.0,0.5988588938489555
13,2.0,0.21483016503043464
14,2.0,-0.008750089211389436
15,2.0,0.5556022161617874
16,2.0,0.4964078459888696
17,2.0,0.5306997299194335
18,2.0,0.007699225097894644
19,2.0,0.6005745818838476
20,6.0,0.4865819541737436
21,6.0,0.4146255291998385
22,6.0,0.4002378359436988
23,6.0,0.5190686155110597
24,6.0,0.4233335796743631
25,6.0,0.4621872776187955
26,6.0,0.34521981701254834
27,6.0,0.28415808081626887
28,6.0,0.27891946956515307
29,6.0,0.5054058330133556
0,6.0,0.7034596055746076
1,6.0,0.560344163328409
2,6.0,0.3933622911572456
3,6.0,0.6448591388761996
4,6.0,0.4748791325837373
5,6.0,0.31730210781097407
6,6.0,0.23231092095375055
7,6.0,0.23394417017698282
8,6.0,0.24885943531990046
9,6.0,0.6725695696659386
10,2.0,0.31069508194923395
11,2.0,0.33490724116563786
12,2.0,0.1702812165021896
13,2.0,0.16142933070659635
14,2.0,0.6340229492634533
15,2.0,0.4705018093809485
16,2.0,0.39347768016159523
17,2.0,0.2988497298210859
18,2.0,0.3481185082346201
19,2.0,0.3315920731984078
20,6.0,0.5857882788404821
21,6.0,0.539500500075519
22,6.0,0.44267310388386244
23,6.0,0.5437153195962309
24,6.0,0.47790998034179205
25,6.0,0.48616822250187386
26,6.0,0.42088270746171463
27,6.0,0.28886887058615673
28,6.0,0.5678284093737601
29,6.0,0.44979309896007175
0,6.0,0.6397175285965203
1,6.0,0.4828824922442435
2,6.0,0.29020683676935727
3,6.0,0.5763070257380604
4,6.0,0.512980729341507
5,6.0,0.21877088537439698
6,6.0,0.5486958269029855
7,6.0,0.2278744266368448
8,6.0,0.17391829937696454
9,6.0,0.1411988930776715
10,2.0,0.9121560193598268
11,2.0,0.8374638711102306
12,2.0,-0.17093709856271744
13,2.0,-0.28166677057743067
14,2.0,-0.31586928665637964
15,2.0,-0.44135840982198715
16,2.0,0.892689786851406
17,2.0,0.8156045079231261
18,2.0,-0.3810871168971061
19,2.0,-0.42643304169178003
20,6.0,0.04678584076464174
21,6.0,0.6461336649954318
22,6.0,0.6177312284708022
23,6.0,0.1483970445115119
24,6.0,0.6432870849967002
25,6.0,0.5497364718466996
26,6.0,0.5861599491909145
27,6.0,0.5637044077739118
28,6.0,0.16512800380587575
29,6.0,0.682078868150711
0,6.0,0.5778299719095229
1,6.0,0.5054068472236395
2,6.0,0.4769514501094817
3,6.0,0.46439238265156735
4,6.0,0.38461417239159335
5,6.0,0.2971670064143836
6,6.0,0.4659250015392899
7,6.0,0.4373743403702973
8,6.0,0.4358068238943814
9,6.0,0.42188122263178224
10,2.0,0.7440897412598132
11,2.0,-0.15978113934397697
12,2.0,0.9290227741003034
13,2.0,-0.44124878197908396
14,2.0,-0.5259521231055259
15,2.0,0.8724212795495986
16,2.0,-0.41408963501453394
17,2.0,-0.5373144373297691
18,2.0,-0.541572868824005
19,2.0,-0.5206483006477355
20,6.0,0.09816992655396457
21,6.0,0.19627074338495726
22,6.0,0.1756842397153377
23,6.0,0.1580908857285976
24,6.0,0.16797508671879763
25,6.0,0.6130848489701747
26,6.0,0.478558300063014
27,6.0,0.5087795937433838
28,6.0,0.3562323725782334
29,6.0,0.2241340172477066
0,6.0,0.6429310244275257
1,6.0,0.6490016300231217
2,6.0,0.3840024918317794
3,6.0,0.5034407563507556
4,6.0,0.4179832786321639
5,6.0,0.5000705923885107
6,6.0,0.40992565639317025
7,6.0,0.4178126491606235
8,6.0,0.40687187574803824
9,6.0,0.407364061102271
10,2.0,0.2693574801087379
11,2.0,0.5116266920231282
12,2.0,0.4738106373697518
13,2.0,0.18249832000583407
14,2.0,0.028264852240681634
15,2.0,0.49170490447431797
16,2.0,0.4136339575052261
17,2.0,0.06738259922713039
18,2.0,0.4776683712843805
19,2.0,0.4334247969090938
20,6.0,0.614942057058215
21,6.0,0.3319528587162494
22,6.0,0.20995350182056421
23,6.0,0.28771271556615824
24,6.0,0.5205959007143973
25,6.0,0.3294188305735588
26,6.0,0.2154139950871467
27,6.0,0.20943098515272138
28,6.0,0.5101589858531951
29,6.0,0.39747694483958174
0,6.0,0.728240756317973
1,6.0,0.4373447746038436
2,6.0,0.48960425984114403
3,6.0,0.49618574976921076
4,6.0,0.33996028825640673
5,6.0,0.25136136775836343
6,6.0,0.46258031763136376
7,6.0,0.36367110162973393
8,6.0,0.33735376968979824
9,6.0,0.366150252521038
10,2.0,0.7015238516032694
11,2.0,0.25719563663005823
12,2.0,0.057953111361712197
13,2.0,0.5229404643177985
14,2.0,0.39136320352554316
15,2.0,0.40239529311656946
16,2.0,0.5409001857042312
17,2.0,0.4298982769250869
18,2.0,0.16388690471649167
19,2.0,0.3419374674558639
20,6.0,0.4310558512806892
21,6.0,0.4084417745471
22,6.0,0.6084243638906627
23,6.0,0.43079649284481997
24,6.0,0.37279336899518956
25,6.0,0.37150384078267956
26,6.0,0.42329878732562054
27,6.0,0.291084736585617
28,6.0,0.2746258825063705
29,6.0,0.48024666216224426
0,6.0,0.6333992294967173
1,6.0,0.45956705929711444
2,6.0,0.5087945563718675
3,6.0,0.3655725866556167
4,6.0,0.515515599399805
5,6.0,0.44100816221907724
6,6.0,0.4401574339717626
7,6.0,0.3056479971855878
8,6.0,0.5074170511215924
9,6.0,0.324801777023822
10,2.0,0.5850533992052077
11,2.0,0.5203531440347432
12,2.0,0.1874985822942108
13,2.0,0.5450832396745681
14,2.0,-0.006206354126334204
15,2.0,-0.10263511538505554
16,2.0,0.5337225478142499
17,2.0,0.4220508951693772
18,2.0,0.0379093987867236
19,2.0,0.4329646155238151
20,6.0,0.2375625297427177
21,6.0,0.4900883361697196
22,6.0,0.39840535353869194
23,6.0,0.40860018227249373
24,6.0,0.41071303002536286
25,6.0,0.34579916924121784
26,6.0,0.32006877753883595
27,6.0,0.3159303022548556
28,6.0,0.44932429026812304
29,6.0,0.3531969166360795
0,6.0,0.5341772511601447
1,6.0,0.564500331878662
2,6.0,0.46729223057627667
3,6.0,0.5347938491031526
4,6.0,0.43441370688378805
5,6.0,0.3510379754006862
6,6.0,0.5401879753917455
7,6.0,0.4276890419423579
8,6.0,0.47363531868904823
9,6.0,0.49696715362370003
10,2.0,0.6339284274727105
11,2.0,0.4537490000948309
12,2.0,0.23089853418059642
13,2.0,0.4756022654473781
14,2.0,0.48491349443793297
15,2.0,0.4336505895480513
16,2.0,0.051569000352174016
17,2.0,-0.005665117176249636
18,2.0,0.45822115615010256
19,2.0,0.08220890164375302
20,6.0,0.4191057756543159
21,6.0,0.576313804835081
22,6.0,0.4802377633750438
23,6.0,0.45428744517266745
24,6.0,0.4203285835683345
25,6.0,0.48320372775197024
26,6.0,0.5915345987305044
27,6.0,0.44298365525901306
28,6.0,0.5557644143700599
29,6.0,0.4235608484596013
0,6.0,0.5752748940140008
1,6.0,0.6655143825337291
2,6.0,0.4055622220039367
3,6.0,0.4728777771815657
4,6.0,0.4149349965155124
5,6.0,0.3496013406547717
6,6.0,0.5485721016302704
7,6.0,0.4621588217560201
8,6.0,0.488804661668837
9,6.0,0.43515729345381254
10,2.0,0.6029814581852405
11,2.0,0.1760749034583568
12,2.0,0.4545913049951195
13,2.0,0.39566986588761205
14,2.0,0.003539159893989555
15,2.0,-0.10555510595440863
16,2.0,0.4544443394988774
17,2.0,0.3885178565979003
18,2.0,-0.013309420552104718
19,2.0,-0.12303502112627028
20,6.0,0.7051480785012243
21,6.0,0.3716344451531767
22,6.0,0.28140892460942263
23,6.0,0.43037614040076727
24,6.0,0.3908488089628007
25,6.0,0.425760120153427
26,6.0,0.3327908115461468
27,6.0,0.3164388742297887
28,6.0,0.2897627335041761
29,6.0,0.43922195676714176
0,6.0,0.5595073550939559
1,6.0,0.44609156996011723
2,6.0,0.3952206773683428
3,6.0,0.38544121384620655
4,6.0,0.4105052277445792
5,6.0,0.3792700897902249
6,6.0,0.3901847675442695
7,6.0,0.4168742960318922
8,6.0,0.36545039713382715
9,6.0,0.29614179581403727
10,2.0,0.7084111627191303
11,2.0,0.3714995441841892
12,2.0,0.42879215069115156
13,2.0,0.33929873257875437
14,2.0,0.3263998478651046
15,2.0,0.22861690074205396
16,2.0,0.024139312561601386
17,2.0,0.48954344168305386
18,2.0,0.11422376893460748
19,2.0,0.4631609343923627
20,6.0,0.37426079541910434
21,6.0,0.38004835508763785
22,6.0,0.4173328951001166
23,6.0,0.3295337706804275
24,6.0,0.40482086129486555
25,6.0,0.40272156195715064
26,6.0,0.3503424562513828
27,6.0,0.3164505138993263
28,6.0,0.4480286932666785
29,6.0,0.34408327192068094
0,6.0,0.6846877690404651
1,6.0,0.33893790468573565
2,6.0,0.2811045497655868
3,6.0,0.5927741676568984
4,6.0,0.5713116340339182
5,6.0,0.559382203966379
6,6.0,0.33596471883356566
7,6.0,0.6628013364970683
8,6.0,0.348385757766664
9,6.0,0.580124545842409
10,2.0,0.5073236720636486
11,2.0,0.21357500553131098
12,2.0,0.081247940659523
13,2.0,0.07703519612550733
14,2.0,0.07677481323480605
15,2.0,0.09384614229202269
16,2.0,0.06408385187387465
17,2.0,0.04756201803684234
18,2.0,0.36869703582487995
19,2.0,0.28834933228790754
20,6.0,0.28201999142765993
21,6.0,0.5228757709264754
22,6.0,0.230685019865632
23,6.0,0.24351149611175057
24,6.0,0.16220368817448613
25,6.0,0.16179702430963513
26,6.0,0.5553811471909283
27,6.0,0.45655225403606886
28,6.0,0.44621192850172514
29,6.0,0.46514109708368767
0,6.0,0.5180898127146064
1,6.0,0.49471501796506334
2,6.0,0.3969567837193608
3,6.0,0.4821835802868008
4,6.0,0.37250121217221016
5,6.0,0.41977815888822073
6,6.0,0.41442249529063696
7,6.0,0.35822233930230135
8,6.0,0.3528049513697624
9,6.0,0.3419862240552901
10,2.0,0.5478766709566115
11,2.0,0.5380846670013852
12,2.0,0.1815962344408035
13,2.0,0.028796740807592855
14,2.0,0.4914931922685354
15,2.0,0.00021063629537819645
16,2.0,0.524855164811015
17,2.0,0.056210173206636654
18,2.0,-0.04431075230240822
19,2.0,0.46011066809296597
20,6.0,0.32460930757224554
21,6.0,0.38502929918467993
22,6.0,0.4789137821644544
23,6.0,0.36982085369527334
24,6.0,0.33546813577413553
25,6.0,0.38830336369574064
26,6.0,0.43191166222095484
27,6.0,0.3094957955181598
28,6.0,0.40686609037220467
29,6.0,0.3992773368954658
0,6.0,0.7273370919283477
1,6.0,0.4704113230109214
2,6.0,0.23903980664908883
3,6.0,0.5952253025025128
4,6.0,0.5118862129747866
5,6.0,0.3249952355399727
6,6.0,0.5957936197519301
7,6.0,0.46437719219829876
8,6.0,0.3624488562345504
9,6.0,0.5692568756639956
10,2.0,0.2666239691898226
11,2.0,0.32014596648514265
12,2.0,0.5465177800506352
13,2.0,0.35195121169090265
14,2.0,0.28932311385869974
15,2.0,0.1953563794959336
16,2.0,0.10463709104806182
17,2.0,0.38551221229135985
18,2.0,0.1650414792820811
19,2.0,0.3879060819745063
20,6.0,0.4692251160740852
21,6.0,0.37972111441195
22,6.0,0.4216256868094205
23,6.0,0.3819035589694976
24,6.0,0.3771225810050963
25,6.0,0.4003423228859901
26,6.0,0.3164395438507199
27,6.0,0.2704507992602884
28,6.0,0.2776921913027763
29,6.0,0.3916726978495716
0,6.0,0.6312887362437322
1,6.0,0.575207142275758
2,6.0,0.523290788696613
3,6.0,0.32983668800443405
4,6.0,0.20368324406445024
5,6.0,0.5711081996560096
6,6.0,0.42759595811367024
7,6.0,0.4120957534760236
8,6.0,0.4105841573327779
9,6.0,0.4216759484261274
10,2.0,0.618840206414461
11,2.0,0.7426259461790322
12,2.0,0.07009013369679448
13,2.0,0.5492572744842618
14,2.0,-0.013127800077199943
15,2.0,-0.12381153786554933
16,2.0,-0.15769952582195398
17,2.0,-0.16795384185388681
18,2.0,-0.10747763561084867
19,2.0,-0.1564767230302095
20,6.0,0.22057085111737249
21,6.0,0.4180378010496496
22,6.0,0.28746466757729644
23,6.0,0.2245933506637811
24,6.0,0.2349277269095182
25,6.0,0.6083085779100655
26,6.0,0.36969012580811966
27,6.0,0.5657074823975562
28,6.0,0.42744302749633784
29,6.0,0.3842744901776313
0,6.0,0.47453340888023365
1,6.0,0.4348219782114028
2,6.0,0.43763809651136387
3,6.0,0.47570352628827084
4,6.0,0.5838096938095986
5,6.0,0.44960325397551054
6,6.0,0.4259277582168578
7,6.0,0.41640803962945927
8,6.0,0.4219786003232001
9,6.0,0.4129325076937675
10,2.0,0.6726033240556716
11,2.0,0.662310853600502
12,2.0,0.6476222071796655
13,2.0,0.6095864698290824
14,2.0,0.20385604817420241
15,2.0,0.10068599041551349
16,2.0,0.4240004047751426
17,2.0,0.38894780422560865
18,2.0,0.19121736148372287
19,2.0,0.35721833817660803
20,6.0,0.2995062563568353
21,6.0,0.4370156028307973
22,6.0,0.4164044968783855
23,6.0,0.3699890989810228
24,6.0,0.400503821671009
25,6.0,0.37768718227744097
26,6.0,0.3814815990626811
27,6.0,0.42014765366911877
28,6.0,0.3680600617080926
29,6.0,0.45891929976642126
0,6.0,0.6220182925462723
1,6.0,0.5117882601916789
2,6.0,0.45375483483076084
3,6.0,0.5793167985975741
4,6.0,0.4432359030470251
5,6.0,0.44611619040369976
6,6.0,0.47818685322999943
7,6.0,0.5657200310379266
8,6.0,0.40936167910695065
9,6.0,0.5859563518315553
10,2.0,0.9104210799559949
11,2.0,-0.3471970409154892
12,2.0,-0.42072476446628565
13,2.0,0.9203210994601249
14,2.0,-0.40182249993085856
15,2.0,-0.5028785616159439
16,2.0,0.8927099481225012
17,2.0,0.8337756544351577
18,2.0,-0.3612400367856025
19,2.0,0.829289123415947
20,6.0,0.791594449256081
21,6.0,0.2853658460080623
22,6.0,0.5867656283080577
23,6.0,0.47949632699601347
24,6.0,0.4851333741098641
25,6.0,0.4805175806395709
26,6.0,0.3356239600107073
27,6.0,0.4911683779209852
28,6.0,0.3452184610068797
29,6.0,0.27972147613763804
0,6.0,0.6061815824359654
1,6.0,0.4363679066300391
2,6.0,0.7025256566703317
3,6.0,0.5223074769601225
4,6.0,0.5364523269236087
5,6.0,0.36375265382230276
6,6.0,0.31504774745553726
7,6.0,0.5467622093856334
8,6.0,0.36688375845551485
9,6.0,0.23406901955604548
10,2.0,0.17415983974933621
11,2.0,0.2372236847877502
12,2.0,0.2772488892078399
13,2.0,0.32818531990051264
14,2.0,0.48551799356937403
15,2.0,0.581819251179695
16,2.0,0.30760830454528326
17,2.0,0.29491560161113733
18,2.0,0.367011422291398
19,2.0,0.15785705298185343
20,6.0,0.5424144151620565
21,6.0,0.31849600374698633
22,6.0,0.27977975178509945
23,6.0,0.2808532286435365
24,6.0,0.33395631331950415
25,6.0,0.3649128638207912
26,6.0,0.37035041721537704
27,6.0,0.284789603203535
28,6.0,0.3984151519834994
29,6.0,0.3197171930223703
0,6.0,0.5309642422944306
1,6.0,0.4095645379275083
2,6.0,0.46839304734021414
3,6.0,0.3283821754157542
4,6.0,0.3212197832763194
5,6.0,0.461535389535129
6,6.0,0.3233002386987209
7,6.0,0.4156637424603104
8,6.0,0.3758870046585797
9,6.0,0.4146322598680854
10,2.0,0.6049217097461222
11,2.0,0.3213493302464485
12,2.0,0.6030849255621432
13,2.0,0.3276899196207523
14,2.0,0.20926803350448606
15,2.0,0.23472204804420466
16,2.0,0.188653290271759
17,2.0,0.30780480243265623
18,2.0,0.2804727051407098
19,2.0,0.2296129167079925
20,6.0,0.5939731113612651
21,6.0,0.314497236162424
22,6.0,0.3349666967988014
23,6.0,0.4244980067014693
24,6.0,0.24298471957445142
25,6.0,0.28763009607791895
26,6.0,0.4401818951591848
27,6.0,0.37050456262659276
28,6.0,0.40909003838896746
29,6.0,0.45079701789654786
0,6.0,0.6239079497754573
1,6.0,0.4762511625885963
2,6.0,0.46300964243710035
3,6.0,0.5481107211671769
4,6.0,0.3273413628339767
5,6.0,0.284690111875534
6,6.0,0.5380847426131367
7,6.0,0.32915386185050005
8,6.0,0.5110587598755956
9,6.0,0.3224159628152847
10,2.0,0.24135690182447428
11,2.0,0.17440967261791226
12,2.0,0.6002720780670642
13,2.0,0.3268223609775304
14,2.0,0.3147649830207228
15,2.0,0.26259814202785486
16,2.0,0.21905444562435147
17,2.0,0.3266423400491476
18,2.0,0.21946365851908917
19,2.0,0.19494385458528993
20,6.0,0.4379730727523565
21,6.0,0.36368887871503824
22,6.0,0.22369959950447077
23,6.0,0.5862378515303134
24,6.0,0.2784218974411487
25,6.0,0.5650719795376061
26,6.0,0.452509818598628
27,6.0,0.2976140119135379
28,6.0,0.617331739515066
29,6.0,0.48512458428740496
0,6.0,0.5421754159033297
1,6.0,0.39234920311719174
2,6.0,0.3557353690266609
3,6.0,0.4605475184507667
4,6.0,0.33999728038907046
5,6.0,0.33715849369764317
6,6.0,0.4140367507934569
7,6.0,0.4578714855015277
8,6.0,0.3998952992260455
9,6.0,0.3170232512056827
10,2.0,0.36983086541295046
11,2.0,0.22547731286613265
12,2.0,0.5169458454474806
13,2.0,0.24196970695629713
14,2.0,0.3456379771232604
15,2.0,0.10093796253204343
16,2.0,0.4068100452423095
17,2.0,0.17084489762783048
18,2.0,0.3051586523652076
19,2.0,0.35624762624502176
20,6.0,0.5620993860065937
21,6.0,0.22146041691303248
22,6.0,0.26178684830665583
23,6.0,0.24927994608879087
24,6.0,0.4866874478757381
25,6.0,0.34280239790678013
26,6.0,0.4043426699936389
27,6.0,0.3679543491452932
28,6.0,0.32567467540502537
29,6.0,0.2559607550501823
0,6.0,0.40890273451805115
1,6.0,0.419736161828041
2,6.0,0.39857078902423376
3,6.0,0.4670010581612586
4,6.0,0.36382310371845955
5,6.0,0.4650352299213409
6,6.0,0.35758802853524674
7,6.0,0.48096174560487265
8,6.0,0.3035066165030002
9,6.0,0.4731110092252492
10,2.0,0.6705517929513005
11,2.0,0.31212108954787243
12,2.0,0.3913015369325875
13,2.0,0.29497867263853544
14,2.0,0.16859855502843854
15,2.0,0.13507757335901258
16,2.0,0.40358898602426047
17,2.0,0.2770652789622544
18,2.0,0.3909425847232341
19,2.0,0.25168104283511633
20,6.0,0.6506396122276782
21,6.0,0.5071312440559267
22,6.0,0.4629728868603706
23,6.0,0.49119393713772286
24,6.0,0.3910325970500707
25,6.0,0.5095062181353568
26,6.0,0.2689574225805699
27,6.0,0.5034775007516145
28,6.0,0.4242244630645472
29,6.0,0.5088728256523608
0,6.0,0.4923231732100248
1,6.0,0.24493670091032976
2,6.0,0.3185869269073009
3,6.0,0.2393689453601837
4,6.0,0.42173464037477965
5,6.0,0.3586471336893737
6,6.0,0.3691735435277223
7,6.0,0.38094386272132386
8,6.0,0.29259185120463366
9,6.0,0.1944295987486839
10,2.0,0.23545078188180918
11,2.0,0.29546339064836497
12,2.0,0.23502759449183938
13,2.0,0.1225352808833122
14,2.0,0.32876169309020037
15,2.0,0.06170035526156423
16,2.0,0.3227309770882129
17,2.0,0.020285923033952692
18,2.0,-0.03218194097280502
19,2.0,-0.02021322399377823
20,6.0,0.5627195918932556
21,6.0,0.21914825215935702
22,6.0,0.16004747897386545
23,6.0,0.5088661834597586
24,6.0,0.4158673766069113
25,6.0,0.42450277414172877
26,6.0,0.4274603491649031
27,6.0,0.4395748618990182
28,6.0,0.41735363006591786
29,6.0,0.2603741288185119
0,6.0,0.6034293174743651
1,6.0,0.5468863695859908
2,6.0,0.4953800067305564
3,6.0,0.5905277989804744
4,6.0,0.6249728836119174
5,6.0,0.5741392511990852
6,6.0,0.4569762563332914
7,6.0,0.3261570681352168
8,6.0,0.4661946333944797
9,6.0,0.4057951532304286
10,2.0,0.48692318610846985
11,2.0,0.34637215733528126
12,2.0,0.3593850843608379
13,2.0,0.32990031689405436
14,2.0,0.2571699693799019
15,2.0,0.2715804055333137
16,2.0,0.2920637279748916
17,2.0,0.20558680780231947
18,2.0,0.30946783721446985
19,2.0,0.17393956705927843
20,6.0,0.32358550839126105
21,6.0,0.30731269647367293
22,6.0,0.2767725610174238
23,6.0,0.28591985628008837
24,6.0,0.5626227045431732
25,6.0,0.44856252521276463
26,6.0,0.3763704560697078
27,6.0,0.2685913671739399
28,6.0,0.260713517665863
29,6.0,0.26374622748699034
0,6.0,0.5084704980254172
1,6.0,0.4437976107001304
2,6.0,0.3609368726611137
3,6.0,0.29353508353233326
4,6.0,0.32558646053075785
5,6.0,0.5904824212193488
6,6.0,0.47132846154272545
7,6.0,0.3866282515227794
8,6.0,0.42044869810342783
9,6.0,0.33834049478173245
10,2.0,0.2907302379608154
11,2.0,0.32477765344083304
12,2.0,0.1582863260991871
13,2.0,0.41170184500515455
14,2.0,0.20967869181185955
15,2.0,0.25521252490580076
16,2.0,0.189955148845911
17,2.0,0.2539895502850413
18,2.0,0.12622231710702178
19,2.0,0.14311192650347945
20,6.0,0.5871980627998709
21,6.0,0.48857460170984257
22,6.0,0.4435751028358936
23,6.0,0.37029160303063685
24,6.0,0.32366159930825233
25,6.0,0.35576363373547787
26,6.0,0.3207172313705086
27,6.0,0.4635834824293851
28,6.0,0.3113922178745269
29,6.0,0.31079372018575663
0,6.0,0.6459726653993129
1,6.0,0.44747570902109135
2,6.0,0.45848073950037355
3,6.0,0.5476736277341842
4,6.0,0.374786369735375
5,6.0,0.5231978110969066
6,6.0,0.41717500798404206
7,6.0,0.32544238679111
8,6.0,0.4637042097747325
9,6.0,0.39949189126491536
10,2.0,0.4245208948850631
11,2.0,0.4000489711761474
12,2.0,0.3207836076617241
13,2.0,0.2487112116068601
14,2.0,0.10158770717680451
15,2.0,0.6536581814289092
16,2.0,0.11423866450786588
17,2.0,0.5065489411354064
18,2.0,0.45383998751640314
19,2.0,0.43950548022985453
20,6.0,0.5409058518707751
21,6.0,0.44124352931976313
22,6.0,0.34094071388244623
23,6.0,0.3783267214894294
24,6.0,0.39565384387969965
25,6.0,0.36098069697618473
26,6.0,0.35678641498088826
27,6.0,0.345694564282894
28,6.0,0.34242824465036387
29,6.0,0.32150035351514805
0,6.0,0.5495388731360434
1,6.0,0.5737515501677989
2,6.0,0.4665432199835776
3,6.0,0.4442241936922073
4,6.0,0.4484245646744966
5,6.0,0.4559968523681163
6,6.0,0.43218077719211573
7,6.0,0.44249157607555384
8,6.0,0.3371710460633039
9,6.0,0.46183682233095164
10,2.0,0.637283332645893
11,2.0,0.47069963067769993
12,2.0,0.5245576398447155
13,2.0,0.4571185745298862
14,2.0,0.2661730935797095
15,2.0,0.27011493965983385
16,2.0,0.2032886743545532
17,2.0,0.2035027928650379
18,2.0,0.5266321403905748
19,2.0,0.2822973695583641
20,6.0,0.5433232933282851
21,6.0,0.531159620732069
22,6.0,0.5332923494279385
23,6.0,0.28364663105458016
24,6.0,0.5846465900540351
25,6.0,0.5446131266653537
26,6.0,0.48359971866011614
27,6.0,0.5239423699676989
28,6.0,0.25809827540069813
29,6.0,0.2336275149136781
0,6.0,0.5645337412133812
1,6.0,0.5130723044276236
2,6.0,0.34342602826654905
3,6.0,0.2797041907906532
4,6.0,0.4860879690386354
5,6.0,0.3943210067227482
6,6.0,0.3668199559906497
7,6.0,0.3523583807982504
8,6.0,0.34754747711122025
9,6.0,0.39979877509176726
10,2.0,0.5974126830697059
11,2.0,0.11778590944595631
12,2.0,0.4366119876503944
13,2.0,0.1249163709580898
14,2.0,0.5544943958520888
15,2.0,0.0021401273552328244
16,2.0,-0.06755369901657104
17,2.0,0.485823769122362
18,2.0,0.0046196037437766764
19,2.0,0.4932279177010058
20,6.0,0.3639355935156345
21,6.0,0.40993185341358174
22,6.0,0.342709261982236
23,6.0,0.325460513588041
24,6.0,0.3012142535299062
25,6.0,0.27529970370233053
26,6.0,0.25522240996360773
27,6.0,0.4006923167034983
28,6.0,0.35646105930209154
29,6.0,0.4130993955768644
0,6.0,0.6633408870548009
1,6.0,0.33213136158883566
2,6.0,0.5511141419410704
3,6.0,0.38242303044535214
4,6.0,0.27133179455995554
5,6.0,0.473633125424385
6,6.0,0.3446706300601362
7,6.0,0.3231016639620065
8,6.0,0.28487595543265337
9,6.0,0.39592741195519915
10,2.0,0.648286280222237
11,2.0,0.16471677646040914
12,2.0,0.6349820122122763
13,2.0,-0.0015096897259354856
14,2.0,-0.16244866698980331
15,2.0,-0.16347111272625622
16,2.0,0.621545422822237
17,2.0,0.49273477867245663
18,2.0,0.3853370808064937
19,2.0,0.4521567523479461
20,6.0,0.2925325315445661
21,6.0,0.3490958493202924
22,6.0,0.33503530826419586
23,6.0,0.3446317994967102
24,6.0,0.32704983092844486
25,6.0,0.35495954472571606
26,6.0,0.3694164138287305
27,6.0,0.3542077082674949
28,6.0,0.2791919624432921
29,6.0,0.23538938164710996
0,6.0,0.6860411502420901
1,6.0,0.5640374813228844
2,6.0,0.595501210540533
3,6.0,0.6587792728096246
4,6.0,0.33448113501071924
5,6.0,0.23120398446917526
6,6.0,0.20345651358366007
7,6.0,0.24129239469766614
8,6.0,0.23424614220857615
9,6.0,0.5218904279172419
10,2.0,0.6157891079783439
11,2.0,0.4185755737125873
12,2.0,0.46448645181953896
13,2.0,0.31868061143904913
14,2.0,0.13488146662712094
15,2.0,0.3701888136565684
16,2.0,0.29414464905858034
17,2.0,0.23709048237651578
18,2.0,0.43646262213587755
19,2.0,0.195223513059318
20,6.0,0.7165285684168337
21,6.0,0.417412863112986
22,6.0,0.3898783260956406
23,6.0,0.4304139614105224
24,6.0,0.43349860486341635
25,6.0,0.4248672635294496
26,6.0,0.4504396910779177
27,6.0,0.4004310471937059
28,6.0,0.4358252370730042
29,6.0,0.42581623792648304
0,6.0,0.4212986826896667
1,6.0,0.4515860937535762
2,6.0,0.5211044698953627
3,6.0,0.4129474386572837
4,6.0,0.4831828586757182
5,6.0,0.37097352836281056
6,6.0,0.3513408410362899
7,6.0,0.3167035318911075
8,6.0,0.29372584167867893
9,6.0,0.4955243356525897
10,2.0,0.620098378509283
11,2.0,0.24018431734293694
12,2.0,0.700643551768735
13,2.0,0.5478906321804969
14,2.0,0.5495304842479526
15,2.0,0.036586007103323916
16,2.0,0.5653640441596508
17,2.0,0.5881465189158915
18,2.0,0.5930898971855639
19,2.0,-0.09476957470178604
20,6.0,0.2925414718338288
21,6.0,0.36468920810148114
22,6.0,0.29839641787111754
23,6.0,0.33375534415245045
24,6.0,0.3047728277742862
25,6.0,0.48342609661631275
26,6.0,0.39564587548375124
27,6.0,0.3885565632954239
28,6.0,0.4955924805253743
29,6.0,0.37484358856454486
0,6.0,0.4985063495114445
1,6.0,0.4928732769330963
2,6.0,0.5031101624481379
3,6.0,0.47319284221157426
4,6.0,0.4399641775526106
5,6.0,0.43206509575247753
6,6.0,0.4381984584033488
7,6.0,0.534518513828516
8,6.0,0.4502035565674304
9,6.0,0.32415918959304685
10,2.0,0.6074332538992165
11,2.0,0.2888250686228275
12,2.0,0.1653930097818374
13,2.0,0.49931108299642796
14,2.0,0.1989650540053844
15,2.0,0.41541798785328865
16,2.0,0.31812563724815845
17,2.0,0.3080574702471494
18,2.0,0.15438034571707246
19,2.0,0.3740818761289119
20,6.0,0.6436071395874022
21,6.0,0.48686639219522465
22,6.0,0.4453998398967086
23,6.0,0.3314971271902322
24,6.0,0.4555503982119261
25,6.0,0.36006437242031086
26,6.0,0.3538741189986466
27,6.0,0.4549079556018113
28,6.0,0.3712140237912535
29,6.0,0.3883776385337114
0,6.0,0.37984430789947504
1,6.0,0.5146849863231181
2,6.0,0.45680528134107584
3,6.0,0.43692085146903986
4,6.0,0.3735037399455904
5,6.0,0.4326818361878394
6,6.0,0.3847490921616553
7,6.0,0.3942910030018537
8,6.0,0.3451637094840406
9,6.0,0.43273271620273585
10,2.0,0.5463369637727736
11,2.0,0.546543762087822
12,2.0,0.1885402016341686
13,2.0,0.5729839727282523
14,2.0,0.5247088074684142
15,2.0,0.211759477853775
16,2.0,0.11779651045799253
17,2.0,0.029030375182628625
18,2.0,0.07083455473184584
19,2.0,0.4806945174932479
20,6.0,0.6238492093980311
21,6.0,0.5094010308384894
22,6.0,0.41030698269605625
23,6.0,0.3715596646070479
24,6.0,0.5194194689393042
25,6.0,0.4361210130155086
26,6.0,0.383740335702896
27,6.0,0.33394514210522164
28,6.0,0.2951472823042422
29,6.0,0.3220656118355691
0,6.0,0.5422052219510077
1,6.0,0.41997431404888624
2,6.0,0.6048789210617541
3,6.0,0.42023524641990656
4,6.0,0.3103353343904018
5,6.0,0.30969564616680145
6,6.0,0.5879408791661261
7,6.0,0.4280275972560047
8,6.0,0.5487354770302771
9,6.0,0.4207158125936984
10,2.0,0.42992039397358883
11,2.0,0.29575312510132784
12,2.0,0.2513519804924726
13,2.0,0.4753651060163973
14,2.0,0.39480466581881035
15,2.0,0.2680045366287231
16,2.0,0.2907446206954773
17,2.0,0.2323283404111862
18,2.0,0.4035712704062461
19,2.0,0.1059748865664005
20,6.0,0.43187794834375376
21,6.0,0.43893547542393196
22,6.0,0.42195449769496907
23,6.0,0.44224951881915325
24,6.0,0.33706732839345926
25,6.0,0.46917615178972477
26,6.0,0.37284897267818445
27,6.0,0.44615149497985834
28,6.0,0.44559829053468997
29,6.0,0.3937359079718589
0,6.0,0.5409456621855496
1,6.0,0.4194865701720118
2,6.0,0.43139410670846695
3,6.0,0.439947037026286
4,6.0,0.2889078110456466
5,6.0,0.5403831927105783
6,6.0,0.3927580416202544
7,6.0,0.494161058217287
8,6.0,0.40574697498232115
9,6.0,0.37661357223987574
10,2.0,0.41545133292675007
11,2.0,0.6012904383242129
12,2.0,0.34744850546121586
13,2.0,0.41598683595657343
14,2.0,0.17671725153923032
15,2.0,0.4660989642143249
16,2.0,0.1481571458280086
17,2.0,0.10935699194669721
18,2.0,0.47866839542984957
19,2.0,0.35514756012707943
20,6.0,0.43367052078247065
21,6.0,0.3766907826066016
22,6.0,0.3503684625029563
23,6.0,0.3766366317868232
24,6.0,0.45287639833986754
25,6.0,0.2985643108841031
26,6.0,0.5012318640947341
27,6.0,0.35175954550504673
28,6.0,0.35284788906574244
29,6.0,0.47068413253873576
0,6.0,0.5084463236853479
1,6.0,0.5299862071406095
2,6.0,0.47140167653560633
3,6.0,0.5024997896980493
4,6.0,0.3995367288589477
5,6.0,0.34209775924682617
6,6.0,0.37421210110187525
7,6.0,0.531224576756358
8,6.0,0.41196081228554243
9,6.0,0.4892628475790842
10,2.0,0.6365965325385332
11,2.0,0.3346509179100393
12,2.0,0.15824073180556295
13,2.0,0.12904646247625348
14,2.0,0.18933683633804319
15,2.0,0.15658255293965337
16,2.0,0.16204165667295453
17,2.0,0.16204302385449404
18,2.0,0.14589605852961537
19,2.0,0.1630006022751331
20,6.0,0.45388942211866373
21,6.0,0.4575070361606776
22,6.0,0.561401476850733
23,6.0,0.39882483473047603
24,6.0,0.5219766459194942
25,6.0,0.40774983167648304
26,6.0,0.3902687337249517
27,6.0,0.45800746604800213
28,6.0,0.533667305484414
29,6.0,0.44683687016367907
0,6.0,0.6528708124533293
1,6.0,0.4546285739634185
2,6.0,0.5464926883578299
3,6.0,0.4585072100162505
4,6.0,0.41755019663833076
5,6.0,0.40314935566857446
6,6.0,0.4084959514439105
7,6.0,0.34618772566318506
8,6.0,0.2570556048303842
9,6.0,0.5104047283530234
10,2.0,0.6536322496831416
11,2.0,0.3596915532834827
12,2.0,0.16479444503784174
13,2.0,0.722403248772025
14,2.0,0.5132263060659169
15,2.0,0.2024633418768644
16,2.0,0.4770691189914941
17,2.0,0.33585711196064943
18,2.0,0.15898608602583403
19,2.0,0.027919713873416168
20,6.0,0.4298197338357567
21,6.0,0.5621278439648448
22,6.0,0.45852649677544827
23,6.0,0.4163325102999806
24,6.0,0.526080636307597
25,6.0,0.4197040768340229
26,6.0,0.4663697676733135
27,6.0,0.3812725665047764
28,6.0,0.4053613962605595
29,6.0,0.2928197719156741
0,6.0,0.6001457725651561
1,6.0,0.4937353301793336
2,6.0,0.4448674544692039
3,6.0,0.376233298331499
4,6.0,0.4550455138087272
5,6.0,0.4292523930780589
6,6.0,0.40114150196313847
7,6.0,0.4147256780415773
8,6.0,0.5249936576001345
9,6.0,0.37116065248847
10,2.0,0.3384690936654805
11,2.0,0.7137511316686868
12,2.0,0.22450004192069167
13,2.0,0.6286037191748618
14,2.0,0.3907380765303969
15,2.0,0.37484848499298085
16,2.0,0.2760112844407558
17,2.0,0.10112796723842618
18,2.0,0.5091879004612565
19,2.0,0.11448158696293828
20,6.0,0.3588327579200267
21,6.0,0.6242429539561271
22,6.0,0.4227754874154924
23,6.0,0.5710796639323233
24,6.0,0.5497972322627901
25,6.0,0.3552568797022103
26,6.0,0.24807716533541677
27,6.0,0.24987483397126192
28,6.0,0.2896729037165641
29,6.0,0.5151184166315942
0,6.0,0.5012104399502276
1,6.0,0.5095929233357309
2,6.0,0.6178387794643639
3,6.0,0.5766955018043517
4,6.0,0.5516235306859015
5,6.0,0.340956512838602
6,6.0,0.281055923551321
7,6.0,0.57923252787441
8,6.0,0.3970214477740227
9,6.0,0.48829044913873065
10,2.0,0.5817815028131007
11,2.0,0.3214460909366607
12,2.0,0.45141278114169825
13,2.0,0.3561413064599036
14,2.0,0.21689060330390925
15,2.0,0.21464868634939188
16,2.0,0.15512813627719876
17,2.0,0.2499860972166061
18,2.0,0.15938137471675873
19,2.0,0.14909313619136808
20,6.0,0.5533182583749293
21,6.0,0.4001847542822361
22,6.0,0.35072567313909525
23,6.0,0.6367330327630042
24,6.0,0.48479604348540295
25,6.0,0.2777885384857654
26,6.0,0.5151415986474602
27,6.0,0.45394573919475073
28,6.0,0.4909310380462556
29,6.0,0.40627473313361395
0,6.0,0.6092005576938389
1,6.0,0.35276622325181956
2,6.0,0.4753918945789336
3,6.0,0.34543542936444277
4,6.0,0.33342781988903875
5,6.0,0.38566445780452335
6,6.0,0.33112221769988526
7,6.0,0.3014307171106338
8,6.0,0.29329326748847956
9,6.0,0.2852382473647594
10,2.0,0.7390664927661417
11,2.0,0.2787791043519973
12,2.0,0.21353407204151148
13,2.0,0.41959719359874714
14,2.0,0.27419780194759363
15,2.0,0.1773143112659454
16,2.0,0.27146400511264795
17,2.0,0.24229085445404047
18,2.0,0.24379795044660565
19,2.0,0.28796796500682825
20,6.0,0.5958129260689019
21,6.0,0.2734514772891998
22,6.0,0.528053568676114
23,6.0,0.27920458838343615
24,6.0,0.47831897530704726
25,6.0,0.31217793934047217
26,6.0,0.44165339949540783
27,6.0,0.4159831791184842
28,6.0,0.3961065439507364
29,6.0,0.3362659834092482
0,6.0,0.6645854003727435
1,6.0,0.591273933649063
2,6.0,0.47269695997238154
3,6.0,0.5039553008973597
4,6.0,0.3861102387309074
5,6.0,0.4112165886908769
6,6.0,0.29019611142575735
7,6.0,0.2842020631360355
8,6.0,0.26079771481454367
9,6.0,0.449344804866996
10,2.0,0.3988726586103438
11,2.0,0.5268742665648459
12,2.0,0.24752022186294192
13,2.0,0.3043780159205198
14,2.0,0.20796665223315355
15,2.0,0.19906396139413116
16,2.0,0.3756445813924073
17,2.0,0.16443570330739019
18,2.0,0.17276781797409055
19,2.0,0.2579398155212402
20,6.0,0.556624200195074
21,6.0,0.23702296335250134
22,6.0,0.6003113954793661
23,6.0,0.47491205297410477
24,6.0,0.4734189473092555
25,6.0,0.19067001156508917
26,6.0,0.5633584531024097
27,6.0,0.4560993984341621
28,6.0,0.4575977697968482
29,6.0,0.4673422314226626
0,6.0,0.6501777358353137
1,6.0,0.5482392720878122
2,6.0,0.3772074449807405
3,6.0,0.22812503203749654
4,6.0,0.5303098470903932
5,6.0,0.42840915359556664
6,6.0,0.36093915253877634
7,6.0,0.2501278072595596
8,6.0,0.4431336065754294
9,6.0,0.40015826560556883
10,2.0,0.5228779651224612
11,2.0,0.300194626674056
12,2.0,0.2994531532749533
13,2.0,0.3943259138613938
14,2.0,0.44119407329708327
15,2.0,0.26768781431019306
16,2.0,0.21496035158634183
17,2.0,0.2213824167847633
18,2.0,0.28827507421374315
19,2.0,0.2526240684092044
20,6.0,0.4493062868714332
21,6.0,0.4025034401565789
22,6.0,0.35792696848511685
23,6.0,0.4578911513090133
24,6.0,0.36194046167656774
25,6.0,0.3572197915054857
26,6.0,0.45682809897698456
27,6.0,0.4453029667492955
28,6.0,0.4481335841119289
29,6.0,0.32293212413787836
0,6.0,0.6962178759276866
1,6.0,0.43849795777350653
2,6.0,0.3903631893917917
3,6.0,0.5174196120351552
4,6.0,0.3994000414386391
5,6.0,0.37835141690447915
6,6.0,0.3048021718859672
7,6.0,0.5206561381928622
8,6.0,0.42793308221735055
9,6.0,0.2801049053668975
10,2.0,0.2660046722739935
11,2.0,0.17080624215304846
12,2.0,0.10536149889230725
13,2.0,0.34243018459528674
14,2.0,0.30351665243506426
15,2.0,0.27683412656188006
16,2.0,0.246985487639904
17,2.0,0.13849909463897345
18,2.0,0.3058654491323977
19,2.0,0.24581148568540803
20,6.0,0.6205750927329061
21,6.0,0.43992285430431355
22,6.0,0.36276365444064135
23,6.0,0.5112519711256026
24,6.0,0.375371791422367
25,6.0,0.2876634625717997
26,6.0,0.28090791217982763
27,6.0,0.30544994771480555
28,6.0,0.44765982870012516
29,6.0,0.32243733108043665
0,6.0,0.6208460181951522
1,6.0,0.42161686718463887
2,6.0,0.3844152316451072
3,6.0,0.3617633655667304
4,6.0,0.36566887050867075
5,6.0,0.378436904400587
6,6.0,0.3765646070241927
7,6.0,0.37890708819031704
8,6.0,0.38627473637461657
9,6.0,0.4615160189568996
10,2.0,0.6061657508835195
11,2.0,0.6456096833571792
12,2.0,0.4335314258933066
13,2.0,0.2467074636369943
14,2.0,0.09119927510619162
15,2.0,0.5409195097163318
16,2.0,0.3065504683181643
17,2.0,0.5001310012303292
18,2.0,0.2502783176605589
19,2.0,0.19049939140677447
20,6.0,0.6783295311033725
21,6.0,0.6007677279412745
22,6.0,0.4020489761605858
23,6.0,0.2852101288735866
24,6.0,0.27557657659053797
25,6.0,0.5672526075504719
26,6.0,0.46888207178562874
27,6.0,0.28164383396506304
28,6.0,0.5777598787099122
29,6.0,0.38250599661841983
0,6.0,0.5479299500584601
1,6.0,0.5769121386110782
2,6.0,0.4087957702577113
3,6.0,0.5078384857624768
4,6.0,0.4590835142880677
5,6.0,0.3083780463784932
6,6.0,0.4828426027670502
7,6.0,0.36533809825778
8,6.0,0.4554907754063605
9,6.0,0.364281941205263
10,2.0,0.5827803788997696
11,2.0,0.4434459079056977
12,2.0,0.23533210903406135
13,2.0,0.000577084720134729
14,2.0,0.008979119360446921
15,2.0,0.5449914969503878
16,2.0,0.10205227881669995
17,2.0,0.04244709014892576
18,2.0,-0.008471220731735235
19,2.0,0.5608528777956961
20,6.0,0.6244439519941806
21,6.0,0.4704586677253246
22,6.0,0.5104362331330775
23,6.0,0.38851185515522946
24,6.0,0.44675440341234196
25,6.0,0.4565549604594707
26,6.0,0.41052647680044163
27,6.0,0.4671081490814685
28,6.0,0.42516322620213026
29,6.0,0.3526070686057209
0,6.0,0.6514580212533473
1,6.0,0.6065538302063941
2,6.0,0.36985142529010767
3,6.0,0.3113241493701934
4,6.0,0.5143284602090715
5,6.0,0.35885803960263724
6,6.0,0.2840209016576409
7,6.0,0.5020463652908801
8,6.0,0.32572177238762373
9,6.0,0.48601048067212094
10,2.0,0.5816788244992493
11,2.0,0.4064205661416053
12,2.0,0.4262439552694558
13,2.0,0.31533622369170183
14,2.0,0.28611969575285906
15,2.0,0.19064919650554654
16,2.0,0.1521455645561218
17,2.0,0.13037756085395813
18,2.0,0.1332607567310333
19,2.0,0.11472684890031812
20,6.0,0.3249854668974876
21,6.0,0.5638789061922579
22,6.0,0.3836826235055923
23,6.0,0.2868122798390686
24,6.0,0.6015827301889657
25,6.0,0.4091620594263076
26,6.0,0.4231393858790397
27,6.0,0.3441691286861896
28,6.0,0.575400961562991
29,6.0,0.3203853424638509
0,6.0,0.594621818512678
1,6.0,0.46559571567922825
2,6.0,0.47224957123398775
3,6.0,0.5178051982074975
4,6.0,0.46792032755911345
5,6.0,0.3587407222948968
6,6.0,0.467804480344057
7,6.0,0.3831137949600815
8,6.0,0.34829993371386075
9,6.0,0.3770269649103283
10,2.0,0.7144967727363108
11,2.0,0.5801783157512544
12,2.0,0.5956435836851596
13,2.0,0.27590624988079065
14,2.0,-0.006331424228847043
15,2.0,-0.07362101785838604
16,2.0,-0.025998163502663384
17,2.0,0.5677089616656302
18,2.0,0.46753625571727747
19,2.0,0.024758038111031038
20,6.0,0.735887687653303
21,6.0,0.2501586135476827
22,6.0,0.5938031692057847
23,6.0,0.519393641501665
24,6.0,0.2921450920403003
25,6.0,0.17610619310289619
26,6.0,0.5862476006150245
27,6.0,0.4743502084165811
28,6.0,0.2802454084157943
29,6.0,0.5982501804828643
0,6.0,0.6612204005941748
1,6.0,0.49336005002260197
2,6.0,0.38244144618511194
3,6.0,0.28853397071361536
4,6.0,0.5242996122688054
5,6.0,0.337058775126934
6,6.0,0.2794724684208631
7,6.0,0.3091768883168697
8,6.0,0.2707595517858863
9,6.0,0.25697400048375124
10,2.0,0.4652127847075462
11,2.0,0.5465676356106995
12,2.0,0.2988631865009665
13,2.0,0.40402926411479706
14,2.0,0.23907261661952356
15,2.0,0.3184334393590688
16,2.0,0.2658071853220462
17,2.0,0.12418724969029425
18,2.0,0.09302157908678053
19,2.0,0.06943309307098387
20,6.0,0.45438524521887297
21,6.0,0.5558727122843264
22,6.0,0.4377931030467152
23,6.0,0.4853309169411658
24,6.0,0.4265397212002425
25,6.0,0.48257045447826374
26,6.0,0.4501369148492812
27,6.0,0.3849965333938598
28,6.0,0.25968802906572813
29,6.0,0.24365292023867363
0,6.0,0.6592927500605582
1,6.0,0.5098326727747916
2,6.0,0.4714189246296882
3,6.0,0.4982021986506878
4,6.0,0.3753063241019844
5,6.0,0.30534081067889923
6,6.0,0.6141506582498549
7,6.0,0.3792442378471605
8,6.0,0.31180182285606856
9,6.0,0.5366932488977908
10,2.0,0.5097639579325913
11,2.0,0.28924049856141204
12,2.0,0.3662017825990914
13,2.0,0.2590243630111217
14,2.0,0.19182136654853815
15,2.0,0.1832117661833763
16,2.0,0.1570024490356445
17,2.0,0.1784865260124206
18,2.0,0.3334941663779317
19,2.0,0.2766464911401271
20,6.0,0.14956359099596736
21,6.0,0.5646476633846759
22,6.0,0.27850075718015427
23,6.0,0.5579948537051677
24,6.0,0.4792471900582313
25,6.0,0.45238292962312693
26,6.0,0.4307644590735435
27,6.0,0.3585417205467819
28,6.0,0.5531302839517593
29,6.0,0.32951889093965286
0,6.0,0.6497132219374179
1,6.0,0.4840881302952766
2,6.0,0.5176080716773866
3,6.0,0.43880093097686756
4,6.0,0.27886357903480524
5,6.0,0.30487233400344843
6,6.0,0.5195285435765981
7,6.0,0.34264584258198727
8,6.0,0.3404202256351709
9,6.0,0.30446655023843044
10,2.0,0.6978676244616507
11,2.0,0.023206897079944572
12,2.0,-0.17923927819356322
13,2.0,0.6679287143051623
14,2.0,-0.19631654780823737
15,2.0,0.7481166068464516
16,2.0,0.5787296853959559
17,2.0,-0.1300046071410179
18,2.0,-0.2558032441884279
19,2.0,0.7256121989339589
20,6.0,0.17054971680045125
21,6.0,0.4128846290986984
22,6.0,0.5335777923464774
23,6.0,0.3560217022895812
24,6.0,0.39937077020294953
25,6.0,0.4944773241877555
26,6.0,0.3806575417984276
27,6.0,0.48832273110747326
28,6.0,0.3993447256507351
29,6.0,0.2739533502608537
0,6.0,0.674063704907894
1,6.0,0.5532053029164671
2,6.0,0.48338412865996355
3,6.0,0.37793444236740464
4,6.0,0.3165312455967068
5,6.0,0.4511190969496965
6,6.0,0.43926217034459103
7,6.0,0.31105387490242714
8,6.0,0.48064274527132506
9,6.0,0.36837039887905115
10,2.0,0.4081435841508209
11,2.0,0.667678453028202
12,2.0,0.36767409741878504
13,2.0,0.2435882184654474
14,2.0,0.42524517234414805
15,2.0,0.30244396952912206
16,2.0,0.32118562859250227
17,2.0,0.3370484467595815
18,2.0,0.0960693564265966
19,2.0,0.43450242374092335
20,6.0,0.44033916341140866
21,6.0,0.30094346776604647
22,6.0,0.5872628055512904
23,6.0,0.37910637818276877
24,6.0,0.5927344895899295
25,6.0,0.48085416294634337
26,6.0,0.3762434814125299
27,6.0,0.4104674197733401
28,6.0,0.47324162162840355
29,6.0,0.2823903672397136
0,6.0,0.6511423438787459
1,6.0,0.36795037309639145
2,6.0,0.4594834754243492
3,6.0,0.299181199632585
4,6.0,0.24804479256272313
5,6.0,0.22771782055497164
6,6.0,0.41546278633177275
7,6.0,0.3113466873764991
8,6.0,0.33637082646600897
9,6.0,0.4372281040996312
10,2.0,0.1874410137534141
11,2.0,0.7556480988860129
12,2.0,0.5120903737843036
13,2.0,0.42288537882268423
14,2.0,0.11471621505916116
15,2.0,0.46119194693164894
16,2.0,-0.06907280720770359
17,2.0,0.5105434184661134
18,2.0,-0.128072589635849
19,2.0,0.45470955409109587
20,6.0,0.26840769452974195
21,6.0,0.48077866621315474
22,6.0,0.204118151217699
23,6.0,0.5190259432420133
24,6.0,0.3994681723415851
25,6.0,0.3958120606839656
26,6.0,0.23787678591907022
27,6.0,0.5036198738962411
28,6.0,0.394349955022335
29,6.0,0.21194597333669657
0,6.0,0.5715787857770919
1,6.0,0.4244857504963875
2,6.0,0.46572435088455666
3,6.0,0.43639857694506634
4,6.0,0.4359675012528896
5,6.0,0.4106141335796564
6,6.0,0.3548822738230228
7,6.0,0.36058687604963774
8,6.0,0.28039669914869586
9,6.0,0.2663677004165947
10,2.0,0.6567913854523795
11,2.0,0.4024819284677505
12,2.0,0.16658397577702996
13,2.0,0.3732435852289199
14,2.0,0.09153507277369496
15,2.0,0.5237824954092503
16,2.0,-0.025856428314000365
17,2.0,0.46112753613851953
18,2.0,0.07521630340488625
19,2.0,-0.06466435641050337
20,6.0,0.3494431339204311
21,6.0,0.39631389081478113
22,6.0,0.36515689082443703
23,6.0,0.3571542333811521
24,6.0,0.36526979692280287
25,6.0,0.2853103801608085
26,6.0,0.4183918838389217
27,6.0,0.3708176035434007
28,6.0,0.3799258307553827
29,6.0,0.3487556502223014
0,6.0,0.6394264511764048
1,6.0,0.41483233543112863
2,6.0,0.6807498880662022
3,6.0,0.26090400427347044
4,6.0,0.22843069012742484
5,6.0,0.1890214616432786
6,6.0,0.17962685134261844
7,6.0,0.14359368197619912
8,6.0,0.5310109170386567
9,6.0,0.2288637990131974
10,2.0,0.3194007463753223
11,2.0,0.360398344695568
12,2.0,0.450348968617618
13,2.0,0.02969569406559457
14,2.0,0.055911358445882776
15,2.0,0.3923067087307571
16,2.0,0.29736682213842863
17,2.0,0.2782004857435822
18,2.0,0.09102535154670476
19,2.0,0.03819055296480654
20,6.0,0.5169777749106287
21,6.0,0.40700028277933586
22,6.0,0.38013223710004235
23,6.0,0.17846634238958353
24,6.0,0.41784771997481573
25,6.0,0.3204445028677582
26,6.0,0.252129822038114
27,6.0,0.4037590974476188
28,6.0,0.3180059120059013
29,6.0,0.318510789424181
0,6.0,0.5839111721143125
1,6.0,0.3883155426010489
2,6.0,0.5685659702867268
3,6.0,0.4318193369545042
4,6.0,0.3423204161226749
5,6.0,0.33275642618536944
6,6.0,0.2963190376758575
7,6.0,0.604388128966093
8,6.0,0.5005903970450162
9,6.0,0.4606113852933048
10,2.0,0.6296066623181104
11,2.0,0.5766691216267645
12,2.0,0.5722374927718191
13,2.0,0.13425051886588332
14,2.0,-0.0015504099428653793
15,2.0,-0.040257629938423634
16,2.0,-0.05677442532032728
17,2.0,0.5988176930695771
18,2.0,0.5189712988212705
19,2.0,0.46838921261951316
20,6.0,0.6478955671191214
21,6.0,0.641256634145975
22,6.0,0.5736198723316192
23,6.0,0.5425086580216884
24,6.0,0.5484121665358542
25,6.0,0.5365486126393079
26,6.0,0.5351824816316366
27,6.0,0.3449983447790145
28,6.0,0.27168905735015864
29,6.0,0.26301810890436167
0,6.0,0.7270089008379726
1,6.0,0.4185532396659254
2,6.0,0.5583315370604395
3,6.0,0.4526365660130977
4,6.0,0.35599770396947855
5,6.0,0.47385346936061973
6,6.0,0.4113818947225808
7,6.0,0.3706314582377672
8,6.0,0.3477245327085256
9,6.0,0.46844149380922306
10,2.0,0.35368762305006374
11,2.0,0.5711621061782352
12,2.0,0.0946890478953719
13,2.0,0.016776549629867073
14,2.0,-0.01762569695711136
15,2.0,0.4153300020843744
16,2.0,0.12647754140198228
17,2.0,0.3064463455229997
18,2.0,0.29729462321847666
19,2.0,0.12669797963462767
20,6.0,0.509439225308597
21,6.0,0.4079566206783055
22,6.0,0.4496394325979053
23,6.0,0.35311030037701124
24,6.0,0.3981182444840669
25,6.0,0.249147817492485
26,6.0,0.4164154231548308
27,6.0,0.3333613630384206
28,6.0,0.35623281262814993
29,6.0,0.2807668410241604
0,6.0,0.6671726554632185
1,6.0,0.5565191879868506
2,6.0,0.4615153484046458
3,6.0,0.609037946909666
4,6.0,0.4898986294865607
5,6.0,0.3604239823762327
6,6.0,0.25960214063525194
7,6.0,0.6212156005203722
8,6.0,0.5060851797461509
9,6.0,0.42467838525772084
10,2.0,0.5678312163799999
11,2.0,0.7908168528228997
12,2.0,0.19835188006982205
13,2.0,0.18987061269581312
14,2.0,0.5599919166415929
15,2.0,0.19076609611511225
16,2.0,0.41132828593254084
17,2.0,0.26226442307233805
18,2.0,0.19145037978887555
19,2.0,0.3967478424310683
20,6.0,0.6095469035208224
21,6.0,0.3531149690970778
22,6.0,0.5874532833695411
23,6.0,0.48987310379743565
24,6.0,0.4261425361037253
25,6.0,0.45216125249862665
26,6.0,0.3685765594709664
27,6.0,0.5768009275197982
28,6.0,0.4324621483683585
29,6.0,0.43829955160617823
0,6.0,0.6362014636397361
1,6.0,0.5024606883525847
2,6.0,0.5722796544432639
3,6.0,0.5481468653306364
4,6.0,0.3735808283090591
5,6.0,0.42204380035400385
6,6.0,0.37402595637831826
7,6.0,0.327013000845909
8,6.0,0.5487641282379626
9,6.0,0.4044064430927391
10,2.0,0.493798978626728
11,2.0,0.4699026606976985
12,2.0,0.35332001000642765
13,2.0,0.5241551157087087
14,2.0,0.3190168741930392
15,2.0,0.24464068375527856
16,2.0,0.5419440828263759
17,2.0,0.32758904527872795
18,2.0,0.42385131120681757
19,2.0,0.3977164272218942
20,6.0,0.6366863809525966
21,6.0,0.3307366762310266
22,6.0,0.36198047362267965
23,6.0,0.362541951239109
24,6.0,0.48499369202181686
25,6.0,0.3177792187780141
26,6.0,0.25098409503698343
27,6.0,0.23243223130702964
28,6.0,0.5462347818538547
29,6.0,0.3234960734844207
0,6.0,0.7208571657538413
1,6.0,0.4917002880247309
2,6.0,0.39542821049690235
3,6.0,0.5641826651990413
4,6.0,0.4054948799312114
5,6.0,0.6178387897089123
6,6.0,0.3755853064358234
7,6.0,0.6025641200831159
8,6.0,0.35033939778804774
9,6.0,0.5616104202345013
10,2.0,0.4356378950178622
11,2.0,0.4717797227203845
12,2.0,0.14454069733619687
13,2.0,0.074860081076622
14,2.0,0.45510321110486973
15,2.0,0.22772442549467084
16,2.0,0.4438752010464667
17,2.0,0.232804799452424
18,2.0,0.3184338472783565
19,2.0,0.3073325846344232
20,6.0,0.4175126776099204
21,6.0,0.5486242976039647
22,6.0,0.601825889199972
23,6.0,0.4466318059712648
24,6.0,0.3672312386333942
25,6.0,0.3769806846976279
26,6.0,0.5957174859941005
27,6.0,0.4737606160342692
28,6.0,0.4464044049382209
29,6.0,0.37404247745871544
0,6.0,0.427454630145803
1,6.0,0.34187946002930397
2,6.0,0.5414226409047841
3,6.0,0.35540950857102865
4,6.0,0.3507882803678512
5,6.0,0.3348982781171798
6,6.0,0.3297750670462846
7,6.0,0.4064702354371547
8,6.0,0.3018841687589883
9,6.0,0.21887317858636374
10,2.0,0.5042983517050742
11,2.0,0.3562631076201796
12,2.0,0.22173893544822926
13,2.0,0.1440252987667918
14,2.0,0.13094065338373181
15,2.0,0.15618168190121648
16,2.0,0.2174529593903571
17,2.0,0.1343780644237995
18,2.0,0.0504019260406494
19,2.0,0.2283320035785436
20,6.0,0.41059871390461916
21,6.0,0.3011886496096849
22,6.0,0.2402456835843622
23,6.0,0.21071035152999681
24,6.0,0.48631422128528345
25,6.0,0.39765554852783674
26,6.0,0.36556406877934927
27,6.0,0.29727821983397
28,6.0,0.2318301261402666
29,6.0,0.3845998309552669
0,6.0,0.6086144903674721
1,6.0,0.40987625345587725
2,6.0,0.26812404394149775
3,6.0,0.5175292585045098
4,6.0,0.3895667623728513
5,6.0,0.31486923247575754
6,6.0,0.25456865876913065
7,6.0,0.23152427375316614
8,6.0,0.44229055009782303
9,6.0,0.35267638415098185
10,2.0,0.4667947590351104
11,2.0,0.38842435181140894
12,2.0,0.2519324123859405
13,2.0,0.185614600777626
14,2.0,0.1771412193775177
15,2.0,0.2505148127675056
16,2.0,0.23801269009709353
17,2.0,0.031456280499696725
18,2.0,0.0152229256927967
19,2.0,0.0510558784008026
20,6.0,0.3568286150693893
21,6.0,0.453280322253704
22,6.0,0.4365623015910386
23,6.0,0.38788844645023335
24,6.0,0.38177171722054476
25,6.0,0.2890220456756651
26,6.0,0.3823613598942756
27,6.0,0.3856462333351373
28,6.0,0.3562633534893393
29,6.0,0.3772849142551421
0,6.0,0.5821717754006385
1,6.0,0.4418423138558864
2,6.0,0.31120807304978365
3,6.0,0.562497666105628
4,6.0,0.38489726558327664
5,6.0,0.3602657811716198
6,6.0,0.33888910105451936
7,6.0,0.4336797222495078
8,6.0,0.2432411424815654
9,6.0,0.5175296328961848
10,2.0,0.8989234007894991
11,2.0,0.7866203458979725
12,2.0,0.01768949814140793
13,2.0,-0.23308863490819928
14,2.0,-0.33233358711004257
15,2.0,0.7247972600162028
16,2.0,0.5568208452314137
17,2.0,0.5402652639895678
18,2.0,0.5683119297027587
19,2.0,0.5540245398879051
20,6.0,0.29227614030241955
21,6.0,0.5297090843087061
22,6.0,0.269454849883914
23,6.0,0.18346704915165898
24,6.0,0.5268268133513628
25,6.0,0.2663740704301744
26,6.0,0.2203581668436527
27,6.0,0.2091226354241371
28,6.0,0.4763621728634461
29,6.0,0.41013274714350695
0,6.0,0.5993194133043288
1,6.0,0.5050726234912871
2,6.0,0.4556013718247413
3,6.0,0.40457407571375364
4,6.0,0.5393144898116587
5,6.0,0.3935176562517881
6,6.0,0.4225247465074062
7,6.0,0.3181843305937945
8,6.0,0.5473847817629575
9,6.0,0.47235835809260596
10,2.0,0.4118873404804616
11,2.0,0.08226256817579268
12,2.0,0.1641320139169693
13,2.0,0.5680538518354296
14,2.0,0.13924156874418256
15,2.0,0.5370228132233023
16,2.0,0.09993486665189262
17,2.0,-0.01516732200980188
18,2.0,0.5673243980854749
19,2.0,0.04105785349383948
20,6.0,0.6285048313438891
21,6.0,0.5275966413319111
22,6.0,0.2759247310459613
23,6.0,0.6163501068949698
24,6.0,0.23909024149179453
25,6.0,0.5875196438282727
26,6.0,0.24075675196945662
27,6.0,0.5790723375976085
28,6.0,0.20466084219515318
29,6.0,0.6134058889001607
0,6.0,0.5458479523658751
1,6.0,0.5802426799200475
2,6.0,0.48463098146021355
3,6.0,0.46888573840260495
4,6.0,0.409008827060461
5,6.0,0.4682051092386245
6,6.0,0.4143044999800622
7,6.0,0.40644758893176913
8,6.0,0.3895427696406841
9,6.0,0.4648875817656516
10,2.0,0.648020977154374
11,2.0,0.2817791327834129
12,2.0,0.27822782844305033
13,2.0,0.2748790234327316
14,2.0,0.4899852760136127
15,2.0,0.16472033876925704
16,2.0,0.2362604588270187
17,2.0,0.3492618617601692
18,2.0,0.2592247929424047
19,2.0,0.32070525339804584
20,6.0,0.6255693733692167
21,6.0,0.4483667379245161
22,6.0,0.4773023594170808
23,6.0,0.4258201867341994
24,6.0,0.40574114397168154
25,6.0,0.43233112618327135
26,6.0,0.45779130607843393
27,6.0,0.421711130067706
28,6.0,0.42031620722264046
29,6.0,0.43002732796594495
0,6.0,0.6647795476019382
1,6.0,0.5899830982089042
2,6.0,0.4625157341361045
3,6.0,0.5415195375680922
4,6.0,0.34195062331855286
5,6.0,0.5722588263452052
6,6.0,0.3025055788457393
7,6.0,0.17729868181049818
8,6.0,0.5636291792616247
9,6.0,0.3033086503855883
10,2.0,0.6127834632934536
11,2.0,0.3964953836984932
12,2.0,0.2586898803710937
13,2.0,0.5308595355600118
14,2.0,0.3094712989404797
15,2.0,0.2868010606616735
16,2.0,0.2926494684070348
17,2.0,0.301966969971545
18,2.0,0.3397380206733941
19,2.0,0.2531117442995309
20,6.0,0.31513825617730606
21,6.0,0.2678184257820248
22,6.0,0.21866535209119314
23,6.0,0.5036266641691326
24,6.0,0.2539359042420983
25,6.0,0.46747277118265623
26,6.0,0.35460067912936205
27,6.0,0.28759360191179434
28,6.0,0.4549452252686023
29,6.0,0.2540769804618321
0,6.0,0.5544377635233103
1,6.0,0.5023902589455246
2,6.0,0.5909591154195367
3,6.0,0.35766176506876934
4,6.0,0.5884857453638687
5,6.0,0.5612625963985919
6,6.0,0.40444472245872015
7,6.0,0.5541020054370164
8,6.0,0.35849998053163284
9,6.0,0.35553793236613274
10,2.0,0.4331568498164415
11,2.0,0.4912441363558172
12,2.0,0.5981670208275317
13,2.0,0.39312115311622614
14,2.0,0.47069177986122657
15,2.0,0.33931815763935436
16,2.0,0.23434389010071752
17,2.0,0.2452286500483751
18,2.0,0.40486516430974
19,2.0,0.3261939166113733
20,6.0,0.5427432060241698
21,6.0,0.6327872797846793
22,6.0,0.49877386912703503
23,6.0,0.5098861958831548
24,6.0,0.5861224220134317
25,6.0,0.4164845384657382
26,6.0,0.5143507991451769
27,6.0,0.5395709956064819
28,6.0,0.4758898066356777
29,6.0,0.5378312575630843
0,6.0,0.6731832697987554
1,6.0,0.5259345916565507
2,6.0,0.5032722987234591
3,6.0,0.4516840300057083
4,6.0,0.5352159645408391
5,6.0,0.4674047748558222
6,6.0,0.40815038513392204
7,6.0,0.42340859211981285
8,6.0,0.34727313928306097
9,6.0,0.3686378318816423
10,2.0,0.663710583001375
11,2.0,0.7228178493678569
12,2.0,0.6311054304242133
13,2.0,0.2504299003630876
14,2.0,0.6298250514373648
15,2.0,0.06252296455204485
16,2.0,0.6128267953172325
17,2.0,0.48892203811556095
18,2.0,0.42676455900073046
19,2.0,0.11065468750894067
20,6.0,0.5298906713724135
21,6.0,0.3839245997369289
22,6.0,0.49948593415319914
23,6.0,0.348130214959383
24,6.0,0.3412026688456535
25,6.0,0.3613810930401086
26,6.0,0.38435678929090494
27,6.0,0.4954232070595025
28,6.0,0.3895737923448905
29,6.0,0.39772817166522134
0,6.0,0.7431661635637282
1,6.0,0.4258826952427625
2,6.0,0.5940198363387025
3,6.0,0.4203617572784423
4,6.0,0.5375953819602727
5,6.0,0.32585160434246063
6,6.0,0.27535874396562576
7,6.0,0.4542859978973865
8,6.0,0.2986199259757995
9,6.0,0.24216007441282267
10,2.0,0.9758495357818899
11,2.0,0.15887420624494547
12,2.0,-0.21992947440594432
13,2.0,0.9742206335067747
14,2.0,-0.1877956613898277
15,2.0,0.806759875267744
16,2.0,0.6940862797200679
17,2.0,-0.22011721134185788
18,2.0,0.796797603368759
19,2.0,0.643705416470766
20,6.0,0.7034431556239723
21,6.0,0.2854053415358066
22,6.0,0.18275877460837361
23,6.0,0.09926664084196088
24,6.0,0.09527294337749478
25,6.0,0.6331513691693543
26,6.0,0.5063902493566274
27,6.0,0.4297642004676162
28,6.0,0.45188926719129074
29,6.0,0.45529405400156964
0,6.0,0.5420924872159957
1,6.0,0.39218955021351565
2,6.0,0.49354938417673105
3,6.0,0.42025581747293467
4,6.0,0.4021216258406638
5,6.0,0.3795955330133437
6,6.0,0.3752734586596488
7,6.0,0.4407673543319105
8,6.0,0.3001668760553002
9,6.0,0.40238528698682774
10,2.0,0.5238363742828367
11,2.0,0.2619123458862304
12,2.0,0.2661840617656707
13,2.0,0.32789888978004456
14,2.0,0.5641130115836858
15,2.0,0.34575527068227524
16,2.0,0.3886416070163249
17,2.0,0.20409721136093137
18,2.0,0.43694252893328656
19,2.0,0.21700685704126949
20,6.0,0.4700209870934486
21,6.0,0.52304770052433
22,6.0,0.4286233820021152
23,6.0,0.32798017188906664
24,6.0,0.31729911826550955
25,6.0,0.25890067312866444
26,6.0,0.2424399862065911
27,6.0,0.2752826930955052
28,6.0,0.23308068676851687
29,6.0,0.5793491485528647
0,6.0,0.5917237233370541
1,6.0,0.4559374079108237
2,6.0,0.4136764146387576
3,6.0,0.42160120233893383
4,6.0,0.2950336426729336
5,6.0,0.6148561667650937
6,6.0,0.46968829724937666
7,6.0,0.3537012115120887
8,6.0,0.47697451710700983
9,6.0,0.38734585163183505
10,2.0,0.31594123691320414
11,2.0,0.4851325799245386
12,2.0,0.28294319380074734
13,2.0,0.16265116073191163
14,2.0,0.24677508138120172
15,2.0,0.21820238232612604
16,2.0,0.208701804280281
17,2.0,0.24696797039359802
18,2.0,0.13710797787643966
19,2.0,0.10598146636039017
20,6.0,0.5636608684435486
21,6.0,0.4312803242355584
22,6.0,0.2930252933874726
23,6.0,0.2494016736745834
24,6.0,0.2411266546696424
25,6.0,0.4925181157886981
26,6.0,0.3985119760036468
27,6.0,0.47164170909672964
28,6.0,0.35932411067187775
29,6.0,0.42287517711520184
0,6.0,0.6337886527180671
1,6.0,0.44840589305385936
2,6.0,0.30934149038512254
3,6.0,0.2964579099789261
4,6.0,0.5884597525000571
5,6.0,0.43639331869781006
6,6.0,0.45130115863867093
7,6.0,0.5119689423590897
8,6.0,0.426034715026617
9,6.0,0.3128024591132998
10,2.0,0.6320093618705868
11,2.0,0.09257676545530553
12,2.0,-0.1382215432822704
13,2.0,0.6730060204863546
14,2.0,0.5279907342046499
15,2.0,0.029944099020212864
16,2.0,-0.09511753171682355
17,2.0,-0.05207416415214539
18,2.0,0.5983475279062984
19,2.0,0.061066255904734114
20,6.0,0.7688415460288522
21,6.0,0.2950128689408301
22,6.0,0.660158229060471
23,6.0,0.5305546857416629
24,6.0,0.45494521409273136
25,6.0,0.43300776742398733
26,6.0,0.28124182857573027
27,6.0,0.28608548827469343
28,6.0,0.2425980549305677
29,6.0,0.2593631707131862
0,6.0,0.5676258467137812
1,6.0,0.4143582843244075
2,6.0,0.2975963978096842
3,6.0,0.5797048266977071
4,6.0,0.48658472299575795
5,6.0,0.4207234978675842
6,6.0,0.4112119898200034
7,6.0,0.4416262358427047
8,6.0,0.5189768783748149
9,6.0,0.4355308152735232
10,2.0,0.48130347207188595
11,2.0,0.37259463779628266
12,2.0,0.48513597995042795
13,2.0,0.15249811299145216
14,2.0,-0.0009818505495786806
15,2.0,-0.019925290253013376
16,2.0,-0.04100514762103558
17,2.0,0.4905930086970329
18,2.0,0.3736601639539002
19,2.0,0.1361648980528116
20,6.0,0.7210871800780294
21,6.0,0.6265526833012699
22,6.0,0.36034113541245455
23,6.0,0.5429322887212037
24,6.0,0.36266272701323027
25,6.0,0.5179764907807111
26,6.0,0.406305082142353
27,6.0,0.41857806965708727
28,6.0,0.4990237816236912
29,6.0,0.3727140203118323
0,6.0,0.7410802911035715
1,6.0,0.4917420558631419
2,6.0,0.49595111422240723
3,6.0,0.5003143288195131
4,6.0,0.44318214710801834
5,6.0,0.37326251342892636
6,6.0,0.4978705793619155
7,6.0,0.3235069569200276
8,6.0,0.33540169429033984
9,6.0,0.29543598089367146
10,2.0,0.7491691485047339
11,2.0,0.16283267736434934
12,2.0,-0.07852610689587892
13,2.0,-0.07317096088081598
14,2.0,-0.014415839475987019
15,2.0,-0.05325656430795789
16,2.0,0.5436448082327842
17,2.0,-0.05122298607602716
18,2.0,-0.1612997525371611
19,2.0,0.5680923983454703
20,6.0,0.6255967505276202
21,6.0,0.14845216087996954
22,6.0,0.5683114849962293
23,6.0,0.4811023527290671
24,6.0,0.45059948274865735
25,6.0,0.1691955928690731
26,6.0,0.5454012975096701
27,6.0,0.44024142995476717
28,6.0,0.17709529399871818
29,6.0,0.029473155736923204
0,6.0,0.5368184372782706
1,6.0,0.5753199271275661
2,6.0,0.4225663598626851
3,6.0,0.41588571667671204
4,6.0,0.34422684833407396
5,6.0,0.2853840254247188
6,6.0,0.30391159094870085
7,6.0,0.3410738259553908
8,6.0,0.4168429113924502
9,6.0,0.33603826165199274
10,2.0,0.6089798007160424
11,2.0,0.5426138434559106
12,2.0,0.5262733660638332
13,2.0,0.5663120746612549
14,2.0,0.5978940576314925
15,2.0,0.04466521739959714
16,2.0,-0.07471649907529354
17,2.0,0.6469134818762541
18,2.0,0.4642337821424007
19,2.0,0.025530297309160215
20,6.0,0.41389081254601473
21,6.0,0.41283132508397097
22,6.0,0.5240841787308453
23,6.0,0.3789299838244914
24,6.0,0.3546800315380096
25,6.0,0.5012654289603232
26,6.0,0.2916197404265403
27,6.0,0.4752540756016969
28,6.0,0.43880179151892656
29,6.0,0.2908459780737757
0,6.0,0.7087032981216906
1,6.0,0.4990669842809438
2,6.0,0.43149759061634535
3,6.0,0.48579116910696024
4,6.0,0.3403373153414576
5,6.0,0.4471481088548898
6,6.0,0.3378950282931327
7,6.0,0.3481446113437413
8,6.0,0.4274744880385696
9,6.0,0.3482679687440395
10,2.0,0.3373000025749206
11,2.0,0.39896925538778294
12,2.0,0.42900799214839924
13,2.0,0.2690293965861201
14,2.0,0.23732958210166538
15,2.0,0.3768117111176252
16,2.0,0.20826618024148044
17,2.0,0.20402150787413115
18,2.0,0.11742013320326804
19,2.0,0.33092709165066475
20,6.0,0.49111363105475897
21,6.0,0.4406626559793949
22,6.0,0.36457372736185784
23,6.0,0.3923565950244664
24,6.0,0.3852181676775216
25,6.0,0.33503195550292725
26,6.0,0.3356464030221104
27,6.0,0.38102079462259997
28,6.0,0.45853129122406233
29,6.0,0.3239556048065424
0,6.0,0.6268722806125878
1,6.0,0.5753249078989028
2,6.0,0.36104047298431385
3,6.0,0.6075384041760116
4,6.0,0.5061733853071927
5,6.0,0.48324847221374506
6,6.0,0.5649245574604719
7,6.0,0.40747849270701403
8,6.0,0.2976205945014953
9,6.0,0.5834049507975577
10,2.0,0.405633927322924
11,2.0,0.5896965828724204
12,2.0,0.5673730671405791
13,2.0,0.269296308979392
14,2.0,0.20592918246984476
15,2.0,0.3776389509439468
16,2.0,0.2019889838993549
17,2.0,0.28795544244349
18,2.0,0.16532947868108747
19,2.0,0.1826047301292419
20,6.0,0.47035948187112797
21,6.0,0.5299336086027323
22,6.0,0.4187348764389753
23,6.0,0.43008279241621483
24,6.0,0.4581013191491365
25,6.0,0.4042766802012919
26,6.0,0.45183868054300536
27,6.0,0.29886500863358373
28,6.0,0.430068714544177
29,6.0,0.4531645756214856
0,6.0,0.5729263350367545
1,6.0,0.5949180424213408
2,6.0,0.337940793018788
3,6.0,0.5960335657000541
4,6.0,0.38784651644527907
5,6.0,0.5577747151255606
6,6.0,0.3483584113419055
7,6.0,0.5908229872584342
8,6.0,0.5178871974349021
9,6.0,0.36034547723829735
10,2.0,0.4065472334623337
11,2.0,0.3108430206775665
12,2.0,0.20493037998676297
13,2.0,0.1786543577909469
14,2.0,0.7027446404099463
15,2.0,0.13412124663591382
16,2.0,0.6433611288666723
17,2.0,0.41828921902924765
18,2.0,0.24235688894987098
19,2.0,0.12608422338962552
20,6.0,0.5521357282996177
21,6.0,0.5235274098813533
22,6.0,0.5383681952953338
23,6.0,0.471300066448748
24,6.0,0.5799193382263182
25,6.0,0.36415985471103335
26,6.0,0.6505859568715096
27,6.0,0.3862589660566299
28,6.0,0.6103302687406539
29,6.0,0.3696922902017831
0,6.0,0.6438105348497628
1,6.0,0.41180485952645535
2,6.0,0.5171902440488337
3,6.0,0.4514085203409194
4,6.0,0.44799012318253506
5,6.0,0.3951212912797927
6,6.0,0.5075813382863997
7,6.0,0.42429879866540426
8,6.0,0.4157255571335553
9,6.0,0.486292106565088
10,2.0,0.8492942843586204
11,2.0,0.7546004988253114
12,2.0,-0.02864548936486246
13,2.0,-0.3023578971624374
14,2.0,0.8831892274320124
15,2.0,-0.33627505600452423
16,2.0,0.7403669804334638
17,2.0,-0.3116841614246368
18,2.0,-0.31713926792144775
19,2.0,-0.305673785507679
20,6.0,0.8175407424569129
21,6.0,0.6126934094354509
22,6.0,0.25903417216613883
23,6.0,0.26489216368645424
24,6.0,0.265138883376494
25,6.0,0.45630743540823454
26,6.0,0.34723225422203535
27,6.0,0.4411660740152001
28,6.0,0.3657304756343364
29,6.0,0.3457930702716112
0,6.0,0.5093352708499878
1,6.0,0.41059487776510645
2,6.0,0.5749543297570198
3,6.0,0.42573991743847717
4,6.0,0.2943268343806266
5,6.0,0.2883493453264236
6,6.0,0.28366671875119204
7,6.0,0.2795003987848758
8,6.0,0.27518131583929056
9,6.0,0.23276266083121297
10,2.0,0.7082997635006903
11,2.0,0.28584931604564184
12,2.0,0.4323049620725214
13,2.0,0.21104320324957365
14,2.0,0.3119615809991955
15,2.0,0.11892515793442725
16,2.0,0.3555864198133349
17,2.0,0.11946819350123403
18,2.0,0.11536625027656552
19,2.0,0.10424583405256269
20,6.0,0.47777647152543057
21,6.0,0.4885121579281985
22,6.0,0.4186065047979354
23,6.0,0.40345438942313183
24,6.0,0.29879306908696884
25,6.0,0.4690989255905151
26,6.0,0.4245920330286025
27,6.0,0.2962830308824777
28,6.0,0.2745683137327432
29,6.0,0.2637382913380861
0,6.0,0.46907033026218403
1,6.0,0.42992515861988057
2,6.0,0.4938867092132568
3,6.0,0.5030321031808852
4,6.0,0.4132754150778054
5,6.0,0.5679807234555482
6,6.0,0.4752435311675071
7,6.0,0.34734869375824917
8,6.0,0.5447195935994387
9,6.0,0.4445618018507957
10,2.0,0.5264611691236495
11,2.0,0.1815150920301675
12,2.0,-0.13976821629330513
13,2.0,-0.14258485287427902
14,2.0,-0.16274659894406793
15,2.0,0.6390641797333955
16,2.0,0.5769413001835345
17,2.0,-0.05991521384567024
18,2.0,0.6331825256347655
19,2.0,0.48822056502103794
20,6.0,0.7097654519602655
21,6.0,0.5610150583088397
22,6.0,0.30416300147771824
23,6.0,0.23433455824851984
24,6.0,0.614958276040852
25,6.0,0.5232590697705745
26,6.0,0.27808422036468977
27,6.0,0.18643238674849266
28,6.0,0.14989752811379725
29,6.0,0.6664211833849549
0,6.0,0.5141832120716571
1,6.0,0.4554736856371164
2,6.0,0.38300662487745274
3,6.0,0.4984820606186985
4,6.0,0.3676339173689484
5,6.0,0.3212491367012262
6,6.0,0.5480227693915366
7,6.0,0.42980786459520454
8,6.0,0.35183673445135344
9,6.0,0.49462894815951575
10,2.0,0.6191528029739856
11,2.0,0.21234440896660084
12,2.0,0.4894415456801652
13,2.0,0.34664849750697607
14,2.0,0.04257676377892493
15,2.0,-0.051521495915949345
16,2.0,0.44673593714833254
17,2.0,0.05113506224006413
18,2.0,-0.03205789439380169
19,2.0,0.42428707703948015
20,6.0,0.6043336056172847
21,6.0,0.5285271834582089
22,6.0,0.37770694028586144
23,6.0,0.27781309559941286
24,6.0,0.29005278088152403
25,6.0,0.27426125854253763
26,6.0,0.27836297079920763
27,6.0,0.2874197177588939
28,6.0,0.5275347996503114
29,6.0,0.4585360812488943
0,6.0,0.5006045401096343
1,6.0,0.6221248432993888
2,6.0,0.6144264880567788
3,6.0,0.43947249755456136
4,6.0,0.5428415648639201
5,6.0,0.4307806135620921
6,6.0,0.41961982403881837
7,6.0,0.244855310767889
8,6.0,0.24633112922310824
9,6.0,0.5718086548149585
10,2.0,0.8894292339682577
11,2.0,0.043286155909299816
12,2.0,0.944243613630533
13,2.0,0.716520171612501
14,2.0,0.6707057990133761
15,2.0,0.6388781564310193
16,2.0,-0.03535098209977153
17,2.0,0.748909968882799
18,2.0,0.5890307715162634
19,2.0,0.07566638197749849
20,6.0,0.14692329242825503
21,6.0,0.2967849518172443
22,6.0,0.42346366494894017
23,6.0,0.2922817878425121
24,6.0,0.45226923422887916
25,6.0,0.36221340671181673
26,6.0,0.4470926662907004
27,6.0,0.35290739033371205
28,6.0,0.3632634505629539
29,6.0,0.3200269024819135
0,6.0,0.7476530773565171
1,6.0,0.527624238282442
2,6.0,0.437565017491579
3,6.0,0.3689141105860471
4,6.0,0.45426295604556793
5,6.0,0.33714192733168596
6,6.0,0.41839255020022387
7,6.0,0.34123166836798186
8,6.0,0.33246219251304854
9,6.0,0.5014134692028164
10,2.0,0.7577932514250277
11,2.0,0.2956475839018821
12,2.0,0.22813666611909864
13,2.0,0.2295591831207275
14,2.0,0.3893495732918381
15,2.0,0.464064598083496
16,2.0,0.3695693248882889
17,2.0,0.15435882890596983
18,2.0,0.4468714818358421
19,2.0,0.24709458323195574
20,6.0,0.4707851018756627
21,6.0,0.5056038933107628
22,6.0,0.4090341581031679
23,6.0,0.45499549480155105
24,6.0,0.32531983545050014
25,6.0,0.20907961949706072
26,6.0,0.5061460568249457
27,6.0,0.3186706053093075
28,6.0,0.5437818880891426
29,6.0,0.33539872244000424
0,6.0,0.6348208785057067
1,6.0,0.5237468918785452
2,6.0,0.446327332407236
3,6.0,0.4490213878452777
4,6.0,0.5637754993513225
5,6.0,0.41321424953639496
6,6.0,0.38593168556690205
7,6.0,0.3189218174666166
8,6.0,0.24159164540469644
9,6.0,0.2630739172745961
10,2.0,0.5345897190272807
11,2.0,0.6129168295301496
12,2.0,0.254501424729824
13,2.0,0.24915514513850207
14,2.0,0.2818144857883453
15,2.0,0.17299111187458036
16,2.0,0.27966027148067946
17,2.0,0.20349250361323354
18,2.0,0.11603798251599069
19,2.0,0.3457213304936886
20,6.0,0.38486350700259203
21,6.0,0.42183667048811907
22,6.0,0.4576547630131244
23,6.0,0.4850136376917361
24,6.0,0.47124261409044255
25,6.0,0.30799456313252443
26,6.0,0.5064146891236304
27,6.0,0.4115706160664558
28,6.0,0.3715116120874881
29,6.0,0.40197810903191555
0,6.0,0.4426236227154731
1,6.0,0.45514056086540217
2,6.0,0.3934055939316749
3,6.0,0.3801200911402702
4,6.0,0.44702450884506095
5,6.0,0.5266018919646739
6,6.0,0.39561901614069933
7,6.0,0.2961661163717508
8,6.0,0.24706100346520538
9,6.0,0.5223803967237471
10,2.0,0.6769345328211783
11,2.0,0.205861747264862
12,2.0,0.06950503587722776
13,2.0,0.41911064425949
14,2.0,0.3371194098144769
15,2.0,0.2734949556179344
16,2.0,0.2497274819761514
17,2.0,0.2424448989331722
18,2.0,0.3047307799570262
19,2.0,0.0649316683411598
20,6.0,0.6121903173625468
21,6.0,0.49237412214279164
22,6.0,0.5213595405220984
23,6.0,0.4025203585624694
24,6.0,0.22504548728466028
25,6.0,0.49439197778701777
26,6.0,0.36241630557924503
27,6.0,0.48673802986741055
28,6.0,0.28351536393165583
29,6.0,0.2712858244776725
0,6.0,0.49091317132115353
1,6.0,0.28467351943254465
2,6.0,0.303011767566204
3,6.0,0.57326602935791
4,6.0,0.3753732163459062
5,6.0,0.46094448724761594
6,6.0,0.3098812140524387
7,6.0,0.26058987155556673
8,6.0,0.45182780269533385
9,6.0,0.44349422678351397
10,2.0,0.33238039910793293
11,2.0,0.2416813969612121
12,2.0,0.201080247759819
13,2.0,0.7037611384876071
14,2.0,0.24809827562421555
15,2.0,0.3843162674456834
16,2.0,0.2391054099425673
17,2.0,0.322454085573554
18,2.0,0.3021078219171613
19,2.0,0.16464480385184285
20,6.0,0.5391370486468076
21,6.0,0.5271113067865371
22,6.0,0.35321843251585955
23,6.0,0.5320452568121253
24,6.0,0.3050793837755918
25,6.0,0.5561584598617627
26,6.0,0.4764970457181334
27,6.0,0.47261464898474503
28,6.0,0.32109131198376406
29,6.0,0.5330053361831232
0,6.0,0.6046217568218707
1,6.0,0.4402667963877319
2,6.0,0.5960049862042068
3,6.0,0.4085856284946202
4,6.0,0.46507041715085495
5,6.0,0.39430190250277514
6,6.0,0.4366206489503383
7,6.0,0.48198590893298376
8,6.0,0.32779421843588347
9,6.0,0.3300541844218969
10,2.0,0.659785959869623
11,2.0,0.6557509824633597
12,2.0,-0.01662537641823295
13,2.0,0.744503617286682
14,2.0,0.6035640160553156
15,2.0,-0.1687836647033691
16,2.0,0.6677359882742165
17,2.0,0.6317762471735476
18,2.0,0.5866799901705234
19,2.0,0.5949019137769936
20,6.0,0.7643147446215152
21,6.0,0.3332932130433618
22,6.0,0.5581309772096573
23,6.0,0.38151513971388334
24,6.0,0.4782202271744608
25,6.0,0.4052438167855143
26,6.0,0.40086467936635006
27,6.0,0.29250799305737013
28,6.0,0.3348920149728655
29,6.0,0.359460035804659
0,6.0,0.4969338650116696
1,6.0,0.6117894244380294
2,6.0,0.35840626060962666
3,6.0,0.5784055930562316
4,6.0,0.38799176365137095
5,6.0,0.3708672448992728
6,6.0,0.39720278978347767
7,6.0,0.39427425339817995
8,6.0,0.4670560844242572
9,6.0,0.2251546680927276
10,2.0,0.8173915408551691
11,2.0,0.7626089639961718
12,2.0,0.6433619484305382
13,2.0,0.6779663935303687
14,2.0,-0.16758435592055318
15,2.0,0.7447467073798179
16,2.0,0.6610895544290543
17,2.0,0.5763087309896945
18,2.0,-0.05567231029272081
19,2.0,0.6062806397676467
20,6.0,0.34027684479951853
21,6.0,0.26822724193334574
22,6.0,0.19790455698966974
23,6.0,0.1790049374103546
24,6.0,0.21465851366519922
25,6.0,0.2056915313005447
26,6.0,0.46391353907529254
27,6.0,0.2944291420280933
28,6.0,0.2267466709017753
29,6.0,0.18543761968612665
0,6.0,0.5064305588603019
1,6.0,0.5740054957568644
2,6.0,0.5348217859864234
3,6.0,0.38976066745817656
4,6.0,0.5157083440572022
5,6.0,0.3880132026970386
6,6.0,0.36807379871606816
7,6.0,0.4387822858989238
8,6.0,0.3416990227997302
9,6.0,0.3561909422278403
10,2.0,0.5779044628143309
11,2.0,0.3396586524322628
12,2.0,0.7331733983010053
13,2.0,0.5709667736664414
14,2.0,0.567329023964703
15,2.0,0.5723501788452268
16,2.0,0.058819787576794604
17,2.0,0.5263915624236687
18,2.0,0.4915310651413164
19,2.0,0.44306395947933197
20,6.0,0.6879209429025649
21,6.0,0.2541567790322005
22,6.0,0.461438295431435
23,6.0,0.25050801970064634
24,6.0,0.44488687068223937
25,6.0,0.3790118247270583
26,6.0,0.34622225165367115
27,6.0,0.315482398495078
28,6.0,0.26002086745575065
29,6.0,0.4063934441655873
0,6.0,0.7674646238738204
1,6.0,0.324353128671646
2,6.0,0.653641566634178
3,6.0,0.5051394631154834
4,6.0,0.3714791068341582
5,6.0,0.2985687963664531
6,6.0,0.32195810228586186
7,6.0,0.3141076657921075
8,6.0,0.5538433156907557
9,6.0,0.37265291856601823
10,2.0,0.8797039724886415
11,2.0,0.16539541119709605
12,2.0,0.68069364503026
13,2.0,0.08982037939131257
14,2.0,0.4887126004323362
15,2.0,0.11630898527801034
16,2.0,0.53205574513413
17,2.0,0.4312915802001952
18,2.0,0.08166819438338276
19,2.0,0.5352401635609566
20,6.0,0.5384138654917477
21,6.0,0.3613651065388694
22,6.0,0.5334075056016444
23,6.0,0.4693356151692568
24,6.0,0.3031709343194961
25,6.0,0.22348047047853467
26,6.0,0.5516607984900473
27,6.0,0.26372451405040914
28,6.0,0.5807212069630622
29,6.0,0.5146551430225371
0,6.0,0.6748619154095647
1,6.0,0.5203896621242164
2,6.0,0.3883028216660022
3,6.0,0.5544439144432544
4,6.0,0.3477357365190982
5,6.0,0.2610178589820861
6,6.0,0.2527023330330848
7,6.0,0.5920071676373481
8,6.0,0.38078600727021683
9,6.0,0.5027636662125586
10,2.0,0.7660143636167048
11,2.0,0.6077908352017402
12,2.0,0.17767102830111972
13,2.0,-0.07848296128213406
14,2.0,-0.015669120475649844
15,2.0,-0.013708417303860201
16,2.0,0.6383242234587668
17,2.0,0.42063049972057337
18,2.0,0.4274014374241232
19,2.0,0.15076965466141698
20,6.0,0.6282544974237678
21,6.0,0.42952382564544667
22,6.0,0.38728380389511574
23,6.0,0.3828755822032689
24,6.0,0.3916198126971721
25,6.0,0.2832681164145469
26,6.0,0.26971108559519047
27,6.0,0.40828878898173565
28,6.0,0.40198612213134755
29,6.0,0.35548406280577177
0,6.0,0.6360162787605076
1,6.0,0.5050881505012511
2,6.0,0.6418345412239431
3,6.0,0.49445903301239
4,6.0,0.4774049222469329
5,6.0,0.3372329529374837
6,6.0,0.5051434494089334
7,6.0,0.2779357507824897
8,6.0,0.1916391418781131
9,6.0,0.5530130257830023
10,2.0,0.7297294698655603
11,2.0,0.3768791230395435
12,2.0,0.08331353627727366
13,2.0,0.43243647925555706
14,2.0,0.32497718557715416
15,2.0,0.17124837450683114
16,2.0,0.3429314866662025
17,2.0,0.11755917035043238
18,2.0,0.3467149510979652
19,2.0,0.25039868056774134
20,6.0,0.4307740870863198
21,6.0,0.45804204791784286
22,6.0,0.343528258614242
23,6.0,0.5196912474930285
24,6.0,0.32028205902315665
25,6.0,0.5810430068522691
26,6.0,0.3019443931989371
27,6.0,0.5607731118798255
28,6.0,0.44071774557232846
29,6.0,0.43918522261083115
0,6.0,0.5517918749246745
1,6.0,0.45578217343427235
2,6.0,0.33834543451666826
3,6.0,0.5040799509733914
4,6.0,0.3793308371677994
5,6.0,0.448801158927381
6,6.0,0.33992321742698545
7,6.0,0.4539474896155297
8,6.0,0.3927245344966649
9,6.0,0.4382619955576955
10,2.0,0.2847898788750171
11,2.0,0.004229299724102007
12,2.0,0.04396180808544157
13,2.0,0.05895155668258666
14,2.0,0.02106301486492156
15,2.0,-0.06475345790386199
16,2.0,-0.07334989309310913
17,2.0,-0.09491150081157683
18,2.0,-0.12957464158535
19,2.0,0.7063190788030623
20,6.0,0.2846037577837705
21,6.0,0.501013358007185
22,6.0,0.3993744067847728
23,6.0,0.4297109614126383
24,6.0,0.32948602177202696
25,6.0,0.23809205368161196
26,6.0,0.5180933359079062
27,6.0,0.40723674371838564
28,6.0,0.46737821539863933
29,6.0,0.35068587772548193
0,6.0,0.6603314317762851
1,6.0,0.4983024818357079
2,6.0,0.44053353916387994
3,6.0,0.4211375173181295
4,6.0,0.3361113034188747
5,6.0,0.35028045997023577
6,6.0,0.27094718068838114
7,6.0,0.44230099301785225
8,6.0,0.3149728435091674
9,6.0,0.29941898770630354
10,2.0,0.04804474674165245
11,2.0,-0.027124103158712387
12,2.0,-0.07910079322755335
13,2.0,0.8007170981727539
14,2.0,-0.02890508994460108
15,2.0,0.6742999763227997
16,2.0,-0.07076242193579674
17,2.0,0.7929248139262197
18,2.0,0.6038661431521176
19,2.0,-0.05248134769499304
20,6.0,0.6121580433100461
21,6.0,0.5258423159830271
22,6.0,0.3235627519898116
23,6.0,0.42104205116629595
24,6.0,0.39063456840813154
25,6.0,0.38521516323089594
26,6.0,0.3819888252764939
27,6.0,0.36514021223410953
28,6.0,0.30450312420725817
29,6.0,0.4708085786551236
0,6.0,0.5832392163574694
1,6.0,0.6139099402353166
2,6.0,0.5923809618689119
3,6.0,0.3444303190335631
4,6.0,0.19940909743309015
5,6.0,0.22001983225345606
6,6.0,0.6861802227795122
7,6.0,0.5020657740533351
8,6.0,0.43365638330578793
9,6.0,0.3000392257235943
10,2.0,0.8846681602299211
11,2.0,0.9601623602211474
12,2.0,0.0117238783277571
13,2.0,-0.18376330286264422
14,2.0,0.9375333115458486
15,2.0,0.8521638959646224
16,2.0,0.7938972339034078
17,2.0,0.7520656660199164
18,2.0,0.8133088424801825
19,2.0,-0.19452618993818757
20,6.0,0.8848528913222252
21,6.0,0.6203440409153699
22,6.0,0.24145811703056091
23,6.0,0.557285128161311
24,6.0,0.5092291235923766
25,6.0,0.4760933853685855
26,6.0,0.3027371913194656
27,6.0,0.4762921221554279
28,6.0,0.2950664181262254
29,6.0,0.5306701501831411
0,6.0,0.507970041478984
1,6.0,0.407983724027872
2,6.0,0.3790930062532424
3,6.0,0.618473570793867
4,6.0,0.5022771400399505
5,6.0,0.4269235795363783
6,6.0,0.37550506368279446
7,6.0,0.30071161338128144
8,6.0,0.5122642535716294
9,6.0,0.4155658092349767
10,2.0,0.5202064663171767
11,2.0,0.3144882079213857
12,2.0,0.00016439519822597376
13,2.0,-0.04665743000805379
14,2.0,0.0021982379257678934
15,2.0,0.6585331968963146
16,2.0,0.1396106909960508
17,2.0,-0.0297003434970975
18,2.0,0.7132526729255914
19,2.0,0.12367828935384748
20,6.0,0.2700669122859835
21,6.0,0.536611845716834
22,6.0,0.33362470753490914
23,6.0,0.2718047350645065
24,6.0,0.2944723526015877
25,6.0,0.47097158106043924
26,6.0,0.40707409940659994
27,6.0,0.35751242190599436
28,6.0,0.25325229018926615
29,6.0,0.49126736260950554
0,6.0,0.5329245142638682
1,6.0,0.4824348911643027
2,6.0,0.42435683868825425
3,6.0,0.39299322292208666
4,6.0,0.4872638983651995
5,6.0,0.5048704324290155
6,6.0,0.4070477653294801
7,6.0,0.5262415842153131
8,6.0,0.41615054011344904
9,6.0,0.5100572835654019
10,2.0,0.7894302159547804
11,2.0,0.3227463252842426
12,2.0,0.22557514370419082
13,2.0,0.5394316725432872
14,2.0,0.25126035884022707
15,2.0,0.5268508074805139
16,2.0,0.17470641713589427
17,2.0,0.02167684398591517
18,2.0,0.528547003865242
19,2.0,0.11261162161827085
20,6.0,0.5362079925835131
21,6.0,0.39183654636144627
22,6.0,0.4885026733390986
23,6.0,0.46052351780235756
24,6.0,0.4572802260518073
25,6.0,0.40448178537189955
26,6.0,0.4153585974127053
27,6.0,0.3421058133244514
28,6.0,0.4618237409740686
29,6.0,0.3595870845019816
0,6.0,0.6495145708322524
1,6.0,0.5859802961349486
2,6.0,0.5750501230359076
3,6.0,0.49172863736748684
4,6.0,0.40366252884268755
5,6.0,0.5448780823498963
6,6.0,0.43340507894754404
7,6.0,0.45286774076521386
8,6.0,0.3503583893179893
9,6.0,0.3121447362937032
10,2.0,0.43577589653432364
11,2.0,0.23698224127292628
12,2.0,0.24976085871458048
13,2.0,0.5004462338984011
14,2.0,0.26816232502460474
15,2.0,0.2909554168581962
16,2.0,0.17059696710202837
17,2.0,0.15752068161964414
18,2.0,0.23448910936713213
19,2.0,0.2052543796598911
20,6.0,0.4460564907640218
21,6.0,0.4286298593506216
22,6.0,0.3568083029240369
23,6.0,0.261294562369585
24,6.0,0.4525503823533653
25,6.0,0.3233621511608362
26,6.0,0.4998194659128784
27,6.0,0.36673569865524763
28,6.0,0.38250383269041766
29,6.0,0.4093758519738912
0,6.0,0.5384811051189898
1,6.0,0.5123627707362174
2,6.0,0.6109484788030385
3,6.0,0.448118501342833
4,6.0,0.5443686237558721
5,6.0,0.43972688168287266
6,6.0,0.3042341340333223
7,6.0,0.30502587184309954
8,6.0,0.2608685493469238
9,6.0,0.5931544732302427
10,2.0,0.826146401464939
11,2.0,0.04061135463416572
12,2.0,-0.13478047773241997
13,2.0,-0.10605166293680668
14,2.0,0.8159254938364028
15,2.0,0.5806319937109946
16,2.0,0.6121300980448722
17,2.0,-0.06804023263975979
18,2.0,-0.1540993181988597
19,2.0,0.7097453698515891
20,6.0,0.7540826946496962
21,6.0,0.6354793310165404
22,6.0,0.5250863153487443
23,6.0,0.3406960871070623
24,6.0,0.6803213767707348
25,6.0,0.5252354107797145
26,6.0,0.5171236693859099
27,6.0,0.3677353169769048
28,6.0,0.18245884776115412
29,6.0,0.6621757987886666
0,6.0,0.4820113629102706
1,6.0,0.4677470475435256
2,6.0,0.4520258205011486
3,6.0,0.37672872468829144
4,6.0,0.3843508921563624
5,6.0,0.4071213994175195
6,6.0,0.29241373576223845
7,6.0,0.5422394908964633
8,6.0,0.3154428745619952
9,6.0,0.23319251276552672
10,2.0,0.8297149203717706
11,2.0,0.28464091999921937
12,2.0,0.11746734753251072
13,2.0,0.6941259535960852
14,2.0,0.15987630374729628
15,2.0,-0.04111902043223382
16,2.0,-0.05516895279288291
17,2.0,-0.008597311563789853
18,2.0,0.5213557146489619
19,2.0,0.5079768029972911
20,6.0,0.7601803131401537
21,6.0,0.3709259964525699
22,6.0,0.5887658111751078
23,6.0,0.4223305229097604
24,6.0,0.37913231924176205
25,6.0,0.3997362572699785
26,6.0,0.4083150643855332
27,6.0,0.4024394173175096
28,6.0,0.3937693834304809
29,6.0,0.32877046894282097
0,6.0,0.6536266468465327
1,6.0,0.5008692890405654
2,6.0,0.33262424822896713
3,6.0,0.608810944482684
4,6.0,0.32489348575472826
5,6.0,0.5767858568578957
6,6.0,0.47232357785105694
7,6.0,0.36081779748201365
8,6.0,0.5698249489068984
9,6.0,0.4477083384990691
10,2.0,0.5019669253379105
11,2.0,0.3942941445857286
12,2.0,0.3098805723711847
13,2.0,0.20293319411575791
14,2.0,0.4482750929892062
15,2.0,0.2863825745880603
16,2.0,0.402886714786291
17,2.0,0.26857680827379227
18,2.0,0.3156709703616797
19,2.0,0.3628475442528724
20,6.0,0.47359144687652577
21,6.0,0.4777928441762923
22,6.0,0.4487513955682515
23,6.0,0.34847447462379927
24,6.0,0.3537570158950984
25,6.0,0.35654974123463024
26,6.0,0.47696705162525166
27,6.0,0.39838622137904156
28,6.0,0.4770268946886062
29,6.0,0.4138717278838157
0,6.0,0.5078263692557811
1,6.0,0.42887873947620386
2,6.0,0.32178899645805353
3,6.0,0.5566110902000218
4,6.0,0.4524955675005912
5,6.0,0.5193802486173807
6,6.0,0.5518704573623835
7,6.0,0.3482872396707534
8,6.0,0.4094880698248743
9,6.0,0.25907898694276804
10,2.0,0.6983803343027828
11,2.0,0.21668576449155802
12,2.0,-0.1519596055150032
13,2.0,0.8531457185745236
14,2.0,0.6938233673572539
15,2.0,0.633175417780876
16,2.0,-0.04216580162756148
17,2.0,0.7209379300475119
18,2.0,0.5512019917368889
19,2.0,0.6185808479785918
20,6.0,0.28675573691725725
21,6.0,0.6105652917176484
22,6.0,0.49003148451447487
23,6.0,0.46159856580197806
24,6.0,0.2291973587125539
25,6.0,0.1328463554382324
26,6.0,0.1295531392097473
27,6.0,0.15086814761161801
28,6.0,0.12737679481506345
29,6.0,0.49414473678916687
0,6.0,0.5505945626646279
1,6.0,0.4341386291198432
2,6.0,0.5111124049872159
3,6.0,0.38942084275186056
4,6.0,0.47199205961078394
5,6.0,0.46173034654930223
6,6.0,0.3186919633299111
7,6.0,0.46518537879455824
8,6.0,0.3999455831944942
9,6.0,0.4814344802871346
10,2.0,0.4778679013252257
11,2.0,0.4282518662512302
12,2.0,0.4196654316037892
13,2.0,0.3227168847806751
14,2.0,0.24067355599254367
15,2.0,0.10588860418647525
16,2.0,0.3750320235267281
17,2.0,0.26156250014901156
18,2.0,0.31979051697999233
19,2.0,0.2270130794495344
20,6.0,0.523809915408492
21,6.0,0.42231344955507655
22,6.0,0.45507238432764996
23,6.0,0.40594182012137014
24,6.0,0.5148967467248439
25,6.0,0.405668327701278
26,6.0,0.47497482411563385
27,6.0,0.3932214016094803
28,6.0,0.37712590990122397
29,6.0,0.4165802057832479
0,6.0,0.5775256184861063
1,6.0,0.34693906269967545
2,6.0,0.2769590392708778
3,6.0,0.15674347430467603
4,6.0,0.6681362818926572
5,6.0,0.3990291319787501
6,6.0,0.3653606083244085
7,6.0,0.2153581194579601
8,6.0,0.17625673860311505
9,6.0,0.6485852785408496
10,2.0,0.771749548614025
11,2.0,0.29309075977653254
12,2.0,0.08524039387702939
13,2.0,0.5002562906593083
14,2.0,0.4598993640393018
15,2.0,-0.0038033565506339234
16,2.0,0.4860978722572326
17,2.0,0.31744823232293123
18,2.0,0.3155330121517181
19,2.0,0.31193173304200167
20,6.0,0.7182515896856784
21,6.0,0.4425132973119616
22,6.0,0.5140640027821063
23,6.0,0.38981420360505575
24,6.0,0.41531089320778836
25,6.0,0.2963842265307903
26,6.0,0.4555287286639213
27,6.0,0.3875226415693759
28,6.0,0.31545167788863177
29,6.0,0.2643032073974609
0,6.0,0.5214951839298009
1,6.0,0.4576970878988504
2,6.0,0.4397347345948219
3,6.0,0.43608141504228104
4,6.0,0.3960680812597274
5,6.0,0.561412390321493
6,6.0,0.39391308790072793
7,6.0,0.48571014637127513
8,6.0,0.4662004653364419
9,6.0,0.442832265049219
10,2.0,0.4501690492033958
11,2.0,0.176837146282196
12,2.0,0.03462491184473037
13,2.0,0.11954052746295928
14,2.0,0.44637735513970245
15,2.0,0.34232960967347015
16,2.0,0.24718879163265223
17,2.0,0.16613552719354627
18,2.0,0.4301360668614505
19,2.0,0.22544974647462368
20,6.0,0.592666421085596
21,6.0,0.5998758003115653
22,6.0,0.5505122747272252
23,6.0,0.3261685408651828
24,6.0,0.3753517195582389
25,6.0,0.36680377274751663
26,6.0,0.34972782060503954
27,6.0,0.5322346612811087
28,6.0,0.3967429101467132
29,6.0,0.3642320483922958
0,6.0,0.5602359622716903
1,6.0,0.6311705573461949
2,6.0,0.4850926944054662
3,6.0,0.4099522456526755
4,6.0,0.340957798063755
5,6.0,0.5450693685561417
6,6.0,0.4706511041149496
7,6.0,0.45702369697391976
8,6.0,0.34463452547788614
9,6.0,0.24622835218906397
10,2.0,0.2650341540575027
11,2.0,0.6339851245284079
12,2.0,0.5799070596694945
13,2.0,0.3020144365727901
14,2.0,0.28630912257358426
15,2.0,0.2180133499205112
16,2.0,0.279509387910366
17,2.0,0.24911598488688463
18,2.0,0.15836473554372785
19,2.0,0.1674298048019409
20,6.0,0.6771960631012915
21,6.0,0.5219714567065238
22,6.0,0.4353840351104736
23,6.0,0.43128402531147
24,6.0,0.43644581735134114
25,6.0,0.41660647094249714
26,6.0,0.4093676134943962
27,6.0,0.3631709981709718
28,6.0,0.24026277195662255
29,6.0,0.4915627241134643
0,6.0,0.5112431831657885
1,6.0,0.5321184932254254
2,6.0,0.3716028910130262
3,6.0,0.29888526443392033
4,6.0,0.28869092464447016
5,6.0,0.5153161101043223
6,6.0,0.3903897078707813
7,6.0,0.26916249282658095
8,6.0,0.44801368564367283
9,6.0,0.3531284872442483
10,2.0,0.3462721593677997
11,2.0,0.3565034568309784
12,2.0,0.127007570117712
13,2.0,0.23147117346525187
14,2.0,0.297919453587383
15,2.0,0.11615662090480326
16,2.0,0.0395520906895399
17,2.0,0.20721258409321303
18,2.0,0.12724415771663186
19,2.0,0.08271741867065428
20,6.0,0.4097702372819184
21,6.0,0.5043037985451518
22,6.0,0.4360153404995798
23,6.0,0.3233700413256883
24,6.0,0.2653397731482982
25,6.0,0.2819347605109214
26,6.0,0.29011960513889784
27,6.0,0.26615975797176356
28,6.0,0.27729844301939005
29,6.0,0.26789635047316546
0,6.0,0.6674386588856577
1,6.0,0.42366807356302155
2,6.0,0.35435719229280943
3,6.0,0.528279349207878
4,6.0,0.37799526378512377
5,6.0,0.29110487550497055
6,6.0,0.4855644758790731
7,6.0,0.4065741114318371
8,6.0,0.46234031207859505
9,6.0,0.3579473961144685
10,2.0,0.2904468231135979
11,2.0,0.35119605809450144
12,2.0,0.3422161787748336
13,2.0,0.22962993849068875
14,2.0,0.2910208683460951
15,2.0,0.385754246264696
16,2.0,0.1847088038921356
17,2.0,0.45399628952145565
18,2.0,0.3086230233311653
19,2.0,0.23728216439485547
20,6.0,0.629238650202751
21,6.0,0.5231050774455069
22,6.0,0.5454103276133536
23,6.0,0.5154390614479779
24,6.0,0.3493694216012954
25,6.0,0.3446133062243461
26,6.0,0.3608169183135032
27,6.0,0.36351904273033137
28,6.0,0.5028382949531077
29,6.0,0.3380637400550767
0,6.0,0.3878255300223827
1,6.0,0.40790391527116293
2,6.0,0.45266878791153425
3,6.0,0.49241962283849705
4,6.0,0.32662375096697355
5,6.0,0.4950364488177001
6,6.0,0.4271209239959716
7,6.0,0.35173310246318573
8,6.0,0.46674590464681376
9,6.0,0.4393353594932704
10,2.0,0.5405844496563076
11,2.0,0.38215470127761353
12,2.0,0.5074110589921473
13,2.0,0.3628774350509047
14,2.0,0.27550928667187685
15,2.0,0.19379004463553423
16,2.0,0.1512249447405338
17,2.0,0.45735919103026385
18,2.0,0.26789533719420433
19,2.0,0.26426261407323176
20,6.0,0.5291241472586988
21,6.0,0.46738399646710593
22,6.0,0.4561950068455189
23,6.0,0.30457679135724897
24,6.0,0.5209117047488688
25,6.0,0.4191246211994438
26,6.0,0.30980649683624495
27,6.0,0.48606190085411066
28,6.0,0.4127524278592318
29,6.0,0.3344455612823366
0,6.0,0.564565373584628
1,6.0,0.39498303830623616
2,6.0,0.46439395844936365
3,6.0,0.21015965193510053
4,6.0,0.4896689434535801
5,6.0,0.3189191054552793
6,6.0,0.18836420774459836
7,6.0,0.1493807844817638
8,6.0,0.14619185775518415
9,6.0,0.524989423342049
10,2.0,0.500022605061531
11,2.0,0.35861081071197976
12,2.0,0.06870005466043948
13,2.0,0.3695154916495084
14,2.0,0.17687952020787628
15,2.0,0.1561887469142675
16,2.0,0.10033840313553807
17,2.0,0.0483056642115116
18,2.0,0.09511612355709073
19,2.0,0.03736548498272895
20,6.0,0.4144987203180789
21,6.0,0.3125668093562126
22,6.0,0.28580947220325464
23,6.0,0.4725486342795192
24,6.0,0.3454263890162109
25,6.0,0.4267795523628592
26,6.0,0.31410303222946817
27,6.0,0.19935025647282595
28,6.0,0.20922028459608547
29,6.0,0.4139430825598537
0,6.0,0.613971749320626
1,6.0,0.31736955069936806
2,6.0,0.25131510198116297
3,6.0,0.24975384026765818
4,6.0,0.21229382604360578
5,6.0,0.49836000520735974
6,6.0,0.354369499720633
7,6.0,0.3961679004132747
8,6.0,0.3292580991983413
9,6.0,0.3129826784133911
10,2.0,0.3831161335110663
11,2.0,0.39149136841297144
12,2.0,0.2609933465719223
13,2.0,0.5180783756077288
14,2.0,0.20930190011858935
15,2.0,0.30619408842176193
16,2.0,0.24165344610810274
17,2.0,0.18873025849461553
18,2.0,0.2889803405851125
19,2.0,0.24686423037201163
20,6.0,0.5791374151594936
21,6.0,0.3240116443485021
22,6.0,0.20366560667753217
23,6.0,0.21550237387418741
24,6.0,0.1690907552838325
25,6.0,0.1821152940392494
26,6.0,0.5373198632150887
27,6.0,0.4573350017890333
28,6.0,0.47375460155308236
29,6.0,0.22482079174369568
0,6.0,0.49654487520456303
1,6.0,0.5409698805888182
2,6.0,0.5292253028601407
3,6.0,0.38851095689460624
4,6.0,0.5876094810664653
5,6.0,0.439641922712326
6,6.0,0.3814907297492026
7,6.0,0.5962641658261417
8,6.0,0.4174394495785236
9,6.0,0.3318637534976005
10,2.0,0.44076688960194577
11,2.0,0.4735520035028457
12,2.0,0.4952725358307361
13,2.0,0.45286174863576883
14,2.0,0.17097936570644373
15,2.0,0.05478988416143691
16,2.0,0.003233972936868651
17,2.0,0.5751775698736309
18,2.0,0.13478144258260724
19,2.0,-0.054867889033630504
20,6.0,0.7924600169062612
21,6.0,0.5087742521427571
22,6.0,0.4342684820294379
23,6.0,0.38947509042918677
24,6.0,0.4214146202430128
25,6.0,0.3757889792323112
26,6.0,0.5158713357523084
27,6.0,0.4393564984202384
28,6.0,0.3931465242058038
29,6.0,0.44758922513574356
0,6.0,0.5479165017604827
1,6.0,0.5053736604750155
2,6.0,0.32936067227274174
3,6.0,0.38090643659234036
4,6.0,0.35666509158909315
5,6.0,0.2791199022904038
6,6.0,0.23671145550906653
7,6.0,0.42088109254837025
8,6.0,0.3199193943291902
9,6.0,0.3812303878366946
10,2.0,0.6929803080856799
11,2.0,0.3237934913486242
12,2.0,0.32468049786984915
13,2.0,0.30776221398264164
14,2.0,0.3051595077849924
15,2.0,0.37152809824328864
16,2.0,0.10825755447149274
17,2.0,0.07248072139918803
18,2.0,0.24971182300942016
19,2.0,0.08075175853446125
20,6.0,0.5300271026790141
21,6.0,0.34676585346460337
22,6.0,0.5006839688867329
23,6.0,0.3771435897797345
24,6.0,0.3160189501941203
25,6.0,0.34411425516009325
26,6.0,0.41913551092147816
27,6.0,0.3275922387838363
28,6.0,0.42218758352100844
29,6.0,0.3157240226864814
0,6.0,0.5739812143146991
1,6.0,0.44945354049559677
2,6.0,0.33269996382296074
3,6.0,0.2920810021460056
4,6.0,0.5339357112534343
5,6.0,0.4043906130827962
6,6.0,0.2949343435466289
7,6.0,0.2974241450428962
8,6.0,0.4160823742859065
9,6.0,0.45862048864364613
10,2.0,0.4908137347083538
11,2.0,0.5942164063453673
12,2.0,0.26722954493016
13,2.0,0.37367679923772806
14,2.0,0.20095733925700185
15,2.0,0.28688113857060665
16,2.0,0.21463456982746715
17,2.0,0.1738648898899555
18,2.0,0.23429759079590434
19,2.0,0.20682797906920314
20,6.0,0.5410347376018761
21,6.0,0.46363795944489533
22,6.0,0.5096350638195871
23,6.0,0.4780009831301867
24,6.0,0.4660225356929003
25,6.0,0.4603895838372408
26,6.0,0.3887739982455968
27,6.0,0.33713025785982603
28,6.0,0.34430911205708975
29,6.0,0.4362911041826009
0,6.0,0.5666588470339774
1,6.0,0.5452693626284598
2,6.0,0.48538673669099797
3,6.0,0.2901127971708774
4,6.0,0.5189827941358088
5,6.0,0.274512181058526
6,6.0,0.5051855370402335
7,6.0,0.3312788959592581
8,6.0,0.25405274976947106
9,6.0,0.2373682516627013
10,2.0,0.432476283982396
11,2.0,0.4328505662269889
12,2.0,0.17475960403680796
13,2.0,0.2719383905641734
14,2.0,0.26392205059528345
15,2.0,0.20301853131968525
16,2.0,0.16796524415258315
17,2.0,0.18078386876732105
18,2.0,0.14933897554874417
19,2.0,0.20155369117856023
20,6.0,0.4272618293762206
21,6.0,0.4176484011113643
22,6.0,0.3921455815434455
23,6.0,0.5236164818052201
24,6.0,0.31439517438411707
25,6.0,0.4895987533964216
26,6.0,0.344161495566368
27,6.0,0.48067805473692704
28,6.0,0.4181091338396071
29,6.0,0.4057293492369353
0,6.0,0.5869799852371215
1,6.0,0.4969871826469897
2,6.0,0.4645010512322187
3,6.0,0.38747155945748085
4,6.0,0.3666454497724771
5,6.0,0.36562011484056706
6,6.0,0.30460102716460813
7,6.0,0.341359375976026
8,6.0,0.3548182940576225
9,6.0,0.44823630154132843
10,2.0,0.32104470394551743
11,2.0,0.6613501012325286
12,2.0,0.27770094573497767
13,2.0,0.3147593587636947
14,2.0,0.22824243456125257
15,2.0,0.122124008834362
16,2.0,0.34609930217266077
17,2.0,0.2932002246379852
18,2.0,0.33560246974229807
19,2.0,0.06329392641782759
20,6.0,0.6228813752532004
21,6.0,0.41085542738437647
22,6.0,0.393700897693634
23,6.0,0.37578375637531275
24,6.0,0.33572924137115473
25,6.0,0.4334653411060571
26,6.0,0.5188592001795768
27,6.0,0.3635923787951469
28,6.0,0.22447147360071534
29,6.0,0.47263924777507776
0,6.0,0.4963220376521348
1,6.0,0.48536278307437886
2,6.0,0.48370238160714507
3,6.0,0.47028295369818796
4,6.0,0.4187713805586099
5,6.0,0.5425110971555113
6,6.0,0.38337468914687634
7,6.0,0.37312647979706515
8,6.0,0.3848171895369886
9,6.0,0.43746273068245495
10,2.0,0.4411336220800876
11,2.0,0.4080160437151789
12,2.0,0.254800759255886
13,2.0,0.2268980741500854
14,2.0,0.36518886312842364
15,2.0,0.2225529011338949
16,2.0,0.21900193020701408
17,2.0,0.2887588292360305
18,2.0,0.313179176300764
19,2.0,0.26006481796503067
20,6.0,0.6020814739167689
21,6.0,0.4386763526126741
22,6.0,0.4606548233423381
23,6.0,0.44191422744188447
24,6.0,0.4391953952144831
25,6.0,0.3433616794645785
26,6.0,0.3347250409424304
27,6.0,0.34028565138578404
28,6.0,0.5095249824225901
29,6.0,0.45344545051921153
0,6.0,0.4791572783142327
1,6.0,0.4904659278690814
2,6.0,0.6722801644355058
3,6.0,0.4831845872104167
4,6.0,0.5191329177469014
5,6.0,0.4478009087033569
6,6.0,0.500622771680355
7,6.0,0.487117544747889
8,6.0,0.39161427877843374
9,6.0,0.5068463142961263
10,2.0,0.7510555908083915
11,2.0,0.6012313831597565
12,2.0,0.5724111704621463
13,2.0,0.18130998685955996
14,2.0,0.6028135772794484
15,2.0,0.4121521380729973
16,2.0,0.18990758806467053
17,2.0,-0.013944479171186694
18,2.0,-0.07994085131213068
19,2.0,-0.03853732813149692
20,6.0,0.2885184288024902
21,6.0,0.6275253240019082
22,6.0,0.43601254932582373
23,6.0,0.4894438851624726
24,6.0,0.47606989531777794
25,6.0,0.4622981250286101
26,6.0,0.44063381571322674
27,6.0,0.47073750080016896
28,6.0,0.3980263508856296
29,6.0,0.3876611720770597
0,6.0,0.6622740030288695
1,6.0,0.48519608937203873
2,6.0,0.6226846165955066
3,6.0,0.44573352485895146
4,6.0,0.5329836681485175
5,6.0,0.42818785272538656
6,6.0,0.37249503470957274
7,6.0,0.3320514485239982
8,6.0,0.33124615810811514
9,6.0,0.3372180219739675
10,2.0,0.27684041112661356
11,2.0,0.5691612842492758
12,2.0,0.3875705981627106
13,2.0,0.31789274420589203
14,2.0,0.11504253558814523
15,2.0,0.4280348680913448
16,2.0,0.4293088242411613
17,2.0,0.3686958141624927
18,2.0,0.06897162552922963
19,2.0,0.15136867761611933
20,6.0,0.576862122863531
21,6.0,0.45709149911999697
22,6.0,0.3784334808588027
23,6.0,0.5338121373206376
24,6.0,0.3125820271670817
25,6.0,0.3023014739155768
26,6.0,0.27006551623344416
27,6.0,0.3065176829695701
28,6.0,0.3140468001365661
29,6.0,0.31191579252481455
0,6.0,0.5296067297458648
1,6.0,0.38748579472303385
2,6.0,0.3854096010327338
3,6.0,0.3793042376637458
4,6.0,0.4065407291054725
5,6.0,0.27958403504453594
6,6.0,0.2981486171483993
7,6.0,0.25213864631950844
8,6.0,0.5419831965118646
9,6.0,0.32555049378424883
10,2.0,0.5222789533436297
11,2.0,0.40851030126214016
12,2.0,0.3257942162454128
13,2.0,0.43937449622899283
14,2.0,0.3174182195216417
15,2.0,0.3223575856536627
16,2.0,0.3076828718185424
17,2.0,0.1895274580456316
18,2.0,0.10926479054614899
19,2.0,0.3281916510313749
20,6.0,0.5698126286733896
21,6.0,0.48602658510208124
22,6.0,0.40751643478870386
23,6.0,0.39865578338503826
24,6.0,0.40022011753171677
25,6.0,0.32931346818804735
26,6.0,0.3118109190836548
27,6.0,0.2778830181341618
28,6.0,0.4968706863000988
29,6.0,0.28795273602008814
0,6.0,0.6511109322309492
1,6.0,0.4340343214571475
2,6.0,0.570208178833127
3,6.0,0.41921967081725586
4,6.0,0.44315582700073713
5,6.0,0.40642386674880976
6,6.0,0.3761860677041112
7,6.0,0.36370445467764506
8,6.0,0.3420788198709487
9,6.0,0.3839118544710799
10,2.0,0.7187540717422961
11,2.0,0.5261653531342744
12,2.0,0.49083735782187426
13,2.0,0.3101935982704162
14,2.0,0.44240629859268654
15,2.0,0.3478465850930661
16,2.0,0.25417568348348135
17,2.0,0.4868562072515487
18,2.0,0.35848705470561976
19,2.0,0.3497430235147475
20,6.0,0.542049078270793
21,6.0,0.3893867842853068
22,6.0,0.5562454489991068
23,6.0,0.42616713047027577
24,6.0,0.399735515937209
25,6.0,0.4054771922528743
26,6.0,0.39056323282420624
27,6.0,0.31570126861333836
28,6.0,0.32191082835197443
29,6.0,0.3866786994040011
0,6.0,0.48692203313112253
1,6.0,0.3231320542981848
2,6.0,0.3206304589402861
3,6.0,0.32612092560157174
4,6.0,0.514013816253282
5,6.0,0.3730573691427707
6,6.0,0.5052267254795878
7,6.0,0.4079080186784267
8,6.0,0.43433455843478436
9,6.0,0.3593417219817638
10,2.0,0.4518387299031018
11,2.0,0.4238289408385753
12,2.0,0.34961897321045393
13,2.0,0.22445827675983304
14,2.0,0.3092767391353845
15,2.0,0.18907457403838632
16,2.0,0.2351911556906998
17,2.0,0.2161007774993777
18,2.0,0.22655120305716986
19,2.0,0.29226831346750254
20,6.0,0.521647473797202
21,6.0,0.4477420151233672
22,6.0,0.4289636472240089
23,6.0,0.44681801646947855
24,6.0,0.37576766684651364
25,6.0,0.43817016854882235
26,6.0,0.38610672391951073
27,6.0,0.4027236234396695
28,6.0,0.3570679482072591
29,6.0,0.3732124678790568
0,6.0,0.6289817839860915
1,6.0,0.5473216143436729
2,6.0,0.549561331514269
3,6.0,0.46460580825805653
4,6.0,0.5664856443181633
5,6.0,0.3924998105503618
6,6.0,0.30561908893287176
7,6.0,0.5861546806991099
8,6.0,0.39361313730478276
9,6.0,0.48032722808420647
10,2.0,0.5054840289521961
11,2.0,0.6558261478785424
12,2.0,0.31244877167046065
13,2.0,0.5941909700632094
14,2.0,0.35009197704493994
15,2.0,0.33288023434579367
16,2.0,0.2807968240231275
17,2.0,0.23271593824028966
18,2.0,0.29793137125670904
19,2.0,0.2084830645471811
20,6.0,0.6249091550707816
21,6.0,0.48016350436955685
22,6.0,0.42477593570947636
23,6.0,0.3926381766796111
24,6.0,0.4238931154832243
25,6.0,0.34643705189228047
26,6.0,0.4718992244452237
27,6.0,0.44697858719155187
28,6.0,0.31891130376607174
29,6.0,0.47071490995585913
0,6.0,0.5675718076527118
1,6.0,0.3792156316339969
2,6.0,0.3014263622462749
3,6.0,0.31097384542226786
4,6.0,0.3079464957118034
5,6.0,0.48168131057173
6,6.0,0.3121769016142934
7,6.0,0.3187632902991026
8,6.0,0.4229019246995448
9,6.0,0.26053828001022333
10,2.0,0.17231560871005053
11,2.0,0.09745480865240096
12,2.0,-0.00010179355740547446
13,2.0,0.6161693334579467
14,2.0,0.4682853291451465
15,2.0,0.0674311853945255
16,2.0,0.5973721782211214
17,2.0,0.007261177524924258
18,2.0,0.47073882352560753
19,2.0,-0.015907300636172315
20,6.0,0.2916148463264107
21,6.0,0.24935204535722727
22,6.0,0.24836244806647298
23,6.0,0.25186163559556
24,6.0,0.21969944983720777
25,6.0,0.472138313576579
26,6.0,0.40411822125315655
27,6.0,0.35830267053097486
28,6.0,0.3357639713212847
29,6.0,0.1862539108842611
0,6.0,0.7645712271332739
1,6.0,0.3771851826459169
2,6.0,0.23512464016675944
3,6.0,0.500813141465187
4,6.0,0.29144448507577175
5,6.0,0.30163158476352686
6,6.0,0.3838569838553666
7,6.0,0.29988196119666094
8,6.0,0.4572539227083324
9,6.0,0.34037891123443836
10,2.0,0.41310905292630185
11,2.0,0.415023274719715
12,2.0,0.21659007668495173
13,2.0,0.48955642618238915
14,2.0,0.3808777744416147
15,2.0,0.40367577224969853
16,2.0,0.28091499581933016
17,2.0,0.4050563707714899
18,2.0,0.23059322964400047
19,2.0,0.34451404074206937
20,6.0,0.6724096913821994
21,6.0,0.4313371712341904
22,6.0,0.36137521173805
23,6.0,0.4520139433443546
24,6.0,0.3498468697071075
25,6.0,0.5561301000416278
26,6.0,0.37115718517452473
27,6.0,0.3939009085297584
28,6.0,0.49952346086502064
29,6.0,0.3746182126924395
0,6.0,0.6074981298297643
1,6.0,0.4580190726555883
2,6.0,0.4829706847667693
3,6.0,0.40657846373505885
4,6.0,0.4005859810858964
5,6.0,0.35948299616575236
6,6.0,0.33652042318135494
7,6.0,0.3488183682784437
8,6.0,0.3326896876096725
9,6.0,0.47079464048147196
10,2.0,0.746796558611095
11,2.0,0.2893283665180206
12,2.0,0.27197014540433884
13,2.0,0.4061288968659937
14,2.0,0.2505708318203687
15,2.0,0.17591519746929404
16,2.0,0.385456547141075
17,2.0,0.20050834119319913
18,2.0,0.16784406453371045
19,2.0,0.292540973983705
20,6.0,0.676331605762243
21,6.0,0.4052050728350877
22,6.0,0.3255408573895692
23,6.0,0.4984852485358714
24,6.0,0.3973786914721131
25,6.0,0.36633282527327526
26,6.0,0.35405843629268924
27,6.0,0.253534834831953
28,6.0,0.45100088603794564
29,6.0,0.3452351568266748
0,6.0,0.5297004841268061
1,6.0,0.4545443691313266
2,6.0,0.5087631456553935
3,6.0,0.513467501848936
4,6.0,0.3819195097894407
5,6.0,0.4249248150736093
6,6.0,0.39525551814585913
7,6.0,0.41687447694130236
8,6.0,0.4652841095812618
9,6.0,0.49530698265880335
10,2.0,0.44889323320239766
11,2.0,0.5862395204603671
12,2.0,0.5076702781952916
13,2.0,0.3650696519762277
14,2.0,0.34248442109674204
15,2.0,0.3031149078160524
16,2.0,0.22654516249895093
17,2.0,0.30768903158605093
18,2.0,0.28748486470431084
19,2.0,0.28781951591372484
20,6.0,0.5934053789824246
21,6.0,0.48152482029399823
22,6.0,0.3840281963348388
23,6.0,0.36095282901078457
24,6.0,0.2851479202508926
25,6.0,0.4694435644196346
26,6.0,0.4003090665210038
27,6.0,0.39259978290647257
28,6.0,0.25370398629456753
29,6.0,0.45429007243365044
0,6.0,0.6361950249411165
1,6.0,0.46233497094362963
2,6.0,0.5735215097665786
3,6.0,0.40947901271283615
4,6.0,0.41068667732179154
5,6.0,0.27783143706619734
6,6.0,0.4878789596259593
7,6.0,0.36867222096770996
8,6.0,0.45823972485959524
9,6.0,0.29572993703186506
10,2.0,0.3146853484213351
11,2.0,0.18070717155933377
12,2.0,0.27007614076137537
13,2.0,0.5770934728789142
14,2.0,0.4394560363143682
15,2.0,0.4531064629554748
16,2.0,0.17852621478959912
17,2.0,0.022839283570647233
18,2.0,-0.024775404948741205
19,2.0,0.4866873344872146
20,6.0,0.5449974499642848
21,6.0,0.5346416821703314
22,6.0,0.389659657375887
23,6.0,0.3644906114786863
24,6.0,0.279014715924859
25,6.0,0.29983885958790774
26,6.0,0.5014601382426916
27,6.0,0.43135473784059275
28,6.0,0.44434464164078225
29,6.0,0.33458180539309973
0,6.0,0.5056793615221976
1,6.0,0.5058593899011611
2,6.0,0.4078766591846942
3,6.0,0.499121332541108
4,6.0,0.31528829596936697
5,6.0,0.4633313687518238
6,6.0,0.28817123174667353
7,6.0,0.46774157136678685
8,6.0,0.30841858312487597
9,6.0,0.3202531803399324
10,2.0,0.49769751634448756
11,2.0,0.5141175631433724
12,2.0,0.2937388680875301
13,2.0,0.20807283144677055
14,2.0,0.330323863774538
15,2.0,0.22889349609613416
16,2.0,0.24489796534180638
17,2.0,0.17990127276061682
18,2.0,0.3149782922118902
19,2.0,0.16665490024024618
20,6.0,0.5728964563459157
21,6.0,0.5090233730152248
22,6.0,0.3331769602373242
23,6.0,0.4449199009686708
24,6.0,0.2709537893533706
25,6.0,0.44013656757306296
26,6.0,0.30745473504066456
27,6.0,0.4121136246249079
28,6.0,0.4938140055164693
29,6.0,0.4015558473765849
0,6.0,0.4466527067124843
1,6.0,0.43198234587907786
2,6.0,0.4166843444108962
3,6.0,0.45504784397780884
4,6.0,0.3824289068579673
5,6.0,0.3618979454040527
6,6.0,0.4166963808238505
7,6.0,0.28458371921442444
8,6.0,0.29274236597120756
9,6.0,0.5044659757986664
10,2.0,0.35118076950311655
11,2.0,0.35851585492491717
12,2.0,0.20595121197402474
13,2.0,0.317502949386835
14,2.0,0.1815678684506565
15,2.0,0.06107875777524894
16,2.0,0.07768604205921291
17,2.0,0.3359558343072421
18,2.0,0.13555356487631795
19,2.0,0.0433171513432171
20,6.0,0.3694422408007085
21,6.0,0.3988529071211814
22,6.0,0.37958830222487444
23,6.0,0.3788988068699836
24,6.0,0.42363955639302725
25,6.0,0.3963936325162648
26,6.0,0.37938747741281975
27,6.0,0.37705309316515917
28,6.0,0.39265091530978674
29,6.0,0.38316528801806266
0,6.0,0.5470551215112208
1,6.0,0.48152231611311425
2,6.0,0.35522343683987845
3,6.0,0.49347369745373715
4,6.0,0.38015755638480175
5,6.0,0.3383825924247502
6,6.0,0.25253275036811823
7,6.0,0.5461533162742852
8,6.0,0.41456012218259264
9,6.0,0.3747895304113626
10,2.0,0.45354202017188067
11,2.0,0.22599940374493593
12,2.0,0.1860673353075981
13,2.0,0.3825772460550069
14,2.0,0.3071149373427033
15,2.0,0.25345830712467426
16,2.0,0.24311911500990388
17,2.0,0.2759743137285113
18,2.0,0.3063186635263264
19,2.0,0.18070099316537377
20,6.0,0.4372082911431789
21,6.0,0.4370854096487164
22,6.0,0.30948562826961273
23,6.0,0.2538828589022159
24,6.0,0.48446247339597903
25,6.0,0.3033019471913575
26,6.0,0.4008134054020046
27,6.0,0.3602761754300445
28,6.0,0.35259812558069814
29,6.0,0.2760630894917994
0,6.0,0.5478415153920649
1,6.0,0.4961039498448371
2,6.0,0.34466361254453654
3,6.0,0.3057438731193542
4,6.0,0.5276158545166253
5,6.0,0.4378648989368229
6,6.0,0.4377083824947476
7,6.0,0.4198735587997361
8,6.0,0.4442811612971126
9,6.0,0.39099772647023195
10,2.0,0.4611125900410114
11,2.0,0.8471879214048385
12,2.0,0.4408120550215244
13,2.0,0.36727561429142935
14,2.0,0.1377957817167043
15,2.0,0.12999254185706374
16,2.0,0.2374212155118584
17,2.0,0.2222228869795799
18,2.0,0.19538174569606778
19,2.0,0.21611925587058062
20,6.0,0.5082976557314395
21,6.0,0.4222721392288803
22,6.0,0.3813594970852136
23,6.0,0.5376924751326441
24,6.0,0.3282472994178533
25,6.0,0.2968996725976467
26,6.0,0.3436762690544128
27,6.0,0.35157388821244234
28,6.0,0.47229607775807375
29,6.0,0.4521114323288201
0,6.0,0.698960945010185
1,6.0,0.5045900577679276
2,6.0,0.4147329963743686
3,6.0,0.4022005014121532
4,6.0,0.5397750791162251
5,6.0,0.46477151475846756
6,6.0,0.453730309382081
7,6.0,0.4653422012925147
8,6.0,0.3945490941405296
9,6.0,0.5217721182852982
10,2.0,0.6713026911020278
11,2.0,0.31858471198938776
12,2.0,0.19985823985189194
13,2.0,0.20988371223211286
14,2.0,0.19814202375710005
15,2.0,0.3278306629508733
16,2.0,0.15792392939329147
17,2.0,0.3445716220885514
18,2.0,0.26379451714456076
19,2.0,0.16650635004043576
20,6.0,0.5979076661169528
21,6.0,0.4857040308415889
22,6.0,0.38282050192356104
23,6.0,0.483623132109642
24,6.0,0.49101990461349476
25,6.0,0.45029839314520353
26,6.0,0.42196506634354586
27,6.0,0.4494225978851318
28,6.0,0.5265631906222551
29,6.0,0.4175965301692485
0,6.0,0.8226628331467509
1,6.0,0.42404131032526476
2,6.0,0.6308643682859837
3,6.0,0.5253335386514663
4,6.0,0.5085886120796204
5,6.0,0.48799069970846165
6,6.0,0.5112039484083651
7,6.0,0.3485232088714837
8,6.0,0.23235767916776234
9,6.0,0.5613541156053542
10,2.0,0.18700524978339667
11,2.0,1.0016824007034302
12,2.0,0.5943709984421729
13,2.0,0.4880363419651984
14,2.0,0.03413110971450802
15,2.0,-0.09508731309324503
16,2.0,-0.05323909223079682
17,2.0,0.6280967112397774
18,2.0,-0.000562258064746882
19,2.0,-0.06509220227599144
20,6.0,0.7907955907285212
21,6.0,0.18347990512847895
22,6.0,0.7062311451882123
23,6.0,0.15584720298647875
24,6.0,0.6417830362915992
25,6.0,0.19650736823678014
26,6.0,0.6308419257402419
27,6.0,0.20673397742211816
28,6.0,0.6652666218578814
29,6.0,0.12779840454459188
0,6.0,0.5611264854669569
1,6.0,0.5993505641818045
2,6.0,0.4630104023963212
3,6.0,0.38255716860294336
4,6.0,0.2840711902827024
5,6.0,0.5087535455822944
6,6.0,0.38485821243375534
7,6.0,0.3266311474144458
8,6.0,0.4834648575633763
9,6.0,0.3968553366721607
10,2.0,0.519056811928749
11,2.0,0.3042282657697796
12,2.0,0.031177607364952554
13,2.0,0.03248618030920623
14,2.0,0.017333520285319527
15,2.0,0.001745684249840443
16,2.0,0.00987586879637092
17,2.0,0.02050617430359124
18,2.0,0.4516779799014329
19,2.0,0.14669460244476792
20,6.0,0.4963818725664167
21,6.0,0.42182423733174795
22,6.0,0.4692927207797765
23,6.0,0.3192802511621266
24,6.0,0.45466410461813206
25,6.0,0.3272261843085288
26,6.0,0.2645926624536514
27,6.0,0.28259521722793574
28,6.0,0.23272588849067682
29,6.0,0.2349205613136291
0,6.0,0.6853482015430926
1,6.0,0.4325776079203933
2,6.0,0.3556528240442275
3,6.0,0.28663346916437143
4,6.0,0.23854742571711537
5,6.0,0.6370110427960752
6,6.0,0.43043798301368946
7,6.0,0.385401289910078
8,6.0,0.377386150881648
9,6.0,0.3797095417976379
10,2.0,0.7462626863270997
11,2.0,0.5131883583962916
12,2.0,0.5029260404407977
13,2.0,0.2457098141312599
14,2.0,0.04049823310197096
15,2.0,0.6654403246939181
16,2.0,0.5213001361116766
17,2.0,0.5251110210083424
18,2.0,-0.016411893069744114
19,2.0,0.690947233699262
20,6.0,0.640391308814287
21,6.0,0.3156485296785831
22,6.0,0.6666998378932475
23,6.0,0.32315825857222075
24,6.0,0.16518248990178103
25,6.0,0.15726759284734723
26,6.0,0.6959790140390395
27,6.0,0.5288411490619181
28,6.0,0.37149282824248064
29,6.0,0.16615613177418703
0,6.0,0.5512314215302466
1,6.0,0.5422821436077355
2,6.0,0.3805747060105204
3,6.0,0.3925239890813827
4,6.0,0.3710799794644117
5,6.0,0.34544511325657357
6,6.0,0.3514166399836539
7,6.0,0.4869330916553735
8,6.0,0.29933942854404444
9,6.0,0.29506839066743845
10,2.0,0.6742307525128125
11,2.0,0.4759071916341781
12,2.0,0.23579481244087214
13,2.0,0.29023978859186167
14,2.0,0.4145933178224367
15,2.0,0.2560524679720401
16,2.0,0.17609440535306925
17,2.0,0.36254211980849493
18,2.0,0.25495575543027366
19,2.0,0.07187496591359374
20,6.0,0.46996178943663824
21,6.0,0.5634051766246556
22,6.0,0.27932340372353787
23,6.0,0.5276691839098929
24,6.0,0.36014483356848354
25,6.0,0.2954318858683109
26,6.0,0.29371043108403677
27,6.0,0.46690556756220747
28,6.0,0.29262981005012983
29,6.0,0.4873511407058685
0,6.0,0.6171166691929101
1,6.0,0.5427915211766957
2,6.0,0.41163830086588854
3,6.0,0.25279101799242193
4,6.0,0.5696464292705058
5,6.0,0.3436323693022131
6,6.0,0.17953053489327428
7,6.0,0.5606746897101401
8,6.0,0.258607521187514
9,6.0,0.20110882259905333
10,2.0,0.4094667183235287
11,2.0,0.4395290063694119
12,2.0,0.4882820229977368
13,2.0,0.47958097048103804
14,2.0,0.276392149273306
15,2.0,0.118118941783905
16,2.0,0.09931460767984386
17,2.0,0.5169792789965867
18,2.0,0.32423930615186686
19,2.0,0.3246176922693848
20,6.0,0.5771723163779824
21,6.0,0.46441399119794363
22,6.0,0.4922169307246803
23,6.0,0.4937633988447486
24,6.0,0.21603263542056078
25,6.0,0.1475690910592675
26,6.0,0.5637784600257872
27,6.0,0.4410992115736007
28,6.0,0.20884755509905512
29,6.0,0.5479455161839722
0,6.0,0.5669650994241237
1,6.0,0.506312783807516
2,6.0,0.3928896342404186
3,6.0,0.38470730651170004
4,6.0,0.30592885054647917
5,6.0,0.42410413455218066
6,6.0,0.415954228490591
7,6.0,0.4366948548704385
8,6.0,0.338065146934241
9,6.0,0.4361755433492362
10,2.0,0.5713336132466792
11,2.0,0.4028932265937327
12,2.0,0.3301881290972232
13,2.0,0.21689103357493872
14,2.0,0.3393432721495628
15,2.0,0.3780902680009603
16,2.0,0.2406399734318256
17,2.0,0.3171053566038608
18,2.0,0.46248192712664593
19,2.0,0.1515752067789435
20,6.0,0.5178462471812962
21,6.0,0.5991391110001131
22,6.0,0.3063678164035082
23,6.0,0.47780904360115517
24,6.0,0.4066415112465619
25,6.0,0.46629279106855387
26,6.0,0.38766681402921666
27,6.0,0.44304654747247685
28,6.0,0.35131113417446613
29,6.0,0.3411932587623595
0,6.0,0.6098281443119048
1,6.0,0.42296596989035595
2,6.0,0.6594014717265962
3,6.0,0.45473490655422205
4,6.0,0.4782856930978595
5,6.0,0.26489738374948496
6,6.0,0.5712125776335596
7,6.0,0.39328592643141735
8,6.0,0.31498701870441437
9,6.0,0.46875018440186966
10,2.0,0.6586120054125785
11,2.0,0.30392509885132307
12,2.0,0.4118555397726595
13,2.0,0.4319351594895124
14,2.0,0.39250955963507284
15,2.0,0.09725869842804967
16,2.0,0.12048985250294204
17,2.0,0.2522416554274968
18,2.0,0.09528991510160266
19,2.0,0.21801369637250895
20,6.0,0.34637094661593437
21,6.0,0.4464954705908894
22,6.0,0.49754479667171825
23,6.0,0.4776518093422054
24,6.0,0.3182447496801614
25,6.0,0.29591635242104525
26,6.0,0.5737319868057965
27,6.0,0.4399123135954141
28,6.0,0.38477062247693533
29,6.0,0.47659440897405136
0,6.0,0.39461986394599075
1,6.0,0.46862457972019905
2,6.0,0.40797619521617884
3,6.0,0.42465884238481516
4,6.0,0.35475497227162117
5,6.0,0.3968968987464904
6,6.0,0.3276540227234363
7,6.0,0.27584975678473705
8,6.0,0.4457961097359656
9,6.0,0.3585349470376968
10,2.0,0.8586700200103221
11,2.0,0.11680345609784122
12,2.0,0.027961079031229002
13,2.0,0.5409760586917399
14,2.0,0.009821685962378967
15,2.0,0.4159431094303726
16,2.0,0.32554701948538417
17,2.0,0.061906981514766785
18,2.0,-0.017745575867593292
19,2.0,0.3628523368388414
20,6.0,0.4672892615199088
21,6.0,0.41478715837001795
22,6.0,0.4103124029934405
23,6.0,0.40232559852302063
24,6.0,0.3723702272400259
25,6.0,0.40306898579001416
26,6.0,0.3256703838706016
27,6.0,0.40931396419182414
28,6.0,0.3374354355037212
29,6.0,0.4206207692623138
0,6.0,0.6671889312565326
1,6.0,0.41981517337262625
2,6.0,0.5299363210797309
3,6.0,0.5182276815176009
4,6.0,0.4634152576327323
5,6.0,0.45206345245242113
6,6.0,0.4364945907145738
7,6.0,0.4055892936885356
8,6.0,0.4635925453621893
9,6.0,0.23927313461899752
10,2.0,1.0173045918345451
11,2.0,0.22006893903017039
12,2.0,-0.07061812002211809
13,2.0,0.7513700192794203
14,2.0,0.0681182974949479
15,2.0,0.40577684529125685
16,2.0,0.3814933854155242
17,2.0,0.3725977251306175
18,2.0,0.34178966470062727
19,2.0,0.050713991746306405
20,6.0,0.6684363726526498
21,6.0,0.5337399002164602
22,6.0,0.3308642930351197
23,6.0,0.570558588951826
24,6.0,0.28170508518815035
25,6.0,0.5270799435675143
26,6.0,0.4137987587600946
27,6.0,0.37189071974717075
28,6.0,0.3060834109783172
29,6.0,0.16453651338815686
0,6.0,0.5550013929605483
1,6.0,0.48935150355100626
2,6.0,0.5276490673422812
3,6.0,0.5117881521582602
4,6.0,0.44808044005185355
5,6.0,0.33147129416465754
6,6.0,0.2880278851371258
7,6.0,0.567561219446361
8,6.0,0.41901394538581366
9,6.0,0.3331031177658587
10,2.0,0.3902358897030353
11,2.0,0.24329877644777292
12,2.0,0.23278302699327463
13,2.0,0.4631675537675618
14,2.0,0.20412962883710858
15,2.0,0.34894704446196545
16,2.0,0.23680541245266792
17,2.0,0.21285814233124253
18,2.0,0.29637952335178847
19,2.0,0.28572733048349613
20,6.0,0.7048841379582881
21,6.0,0.410130014643073
22,6.0,0.3670490160584449
23,6.0,0.28586441278457636
24,6.0,0.5792856365442275
25,6.0,0.34269354864954943
26,6.0,0.49060785025358195
27,6.0,0.31002295389771456
28,6.0,0.5101598929613829
29,6.0,0.39709396287798876
0,6.0,0.43836952745914454
1,6.0,0.5466571925207971
2,6.0,0.4890722259879111
3,6.0,0.4077656716108321
4,6.0,0.38132469356060017
5,6.0,0.4884878403972834
6,6.0,0.4309090375900268
7,6.0,0.3235040158033371
8,6.0,0.4645609741564839
9,6.0,0.3881993889808654
10,2.0,0.6208040411584078
11,2.0,0.33788819611072535
12,2.0,0.17797273397445676
13,2.0,0.19829888641834256
14,2.0,0.2170445621013641
15,2.0,0.22449049353599543
16,2.0,0.3804695159196853
17,2.0,0.34399174898862833
18,2.0,0.15202137827873227
19,2.0,0.12799713015556333
20,6.0,0.6185590457171201
21,6.0,0.3870511427521705
22,6.0,0.5065159872174262
23,6.0,0.412076300010085
24,6.0,0.353481201454997
25,6.0,0.5053106620907782
26,6.0,0.3656492680311202
27,6.0,0.43870491394773115
28,6.0,0.3893010318279266
29,6.0,0.43817100115120394
0,6.0,0.517299924045801
1,6.0,0.3268571086227893
2,6.0,0.40613774955272663
3,6.0,0.2859168769791722
4,6.0,0.2677310034632682
5,6.0,0.2209741864353418
6,6.0,0.37758054863661517
7,6.0,0.34037065878510464
8,6.0,0.38266988983377803
9,6.0,0.2547020092606544
10,2.0,0.45521727576851834
11,2.0,0.3858028315007686
12,2.0,0.30635701864957804
13,2.0,0.3139527812600135
14,2.0,0.11320739984512328
15,2.0,0.02375799417495727
16,2.0,0.038469124585390084
17,2.0,0.36060614872258157
18,2.0,0.3762561567127704
19,2.0,0.24754338618367905
20,6.0,0.37248261051718146
21,6.0,0.43078238889574993
22,6.0,0.41316893231123675
23,6.0,0.392545012757182
24,6.0,0.364751111716032
25,6.0,0.3541106320917606
26,6.0,0.35903071425855154
27,6.0,0.337262624874711
28,6.0,0.3625536151230334
29,6.0,0.38261670339852566
