i,Ht,chi
0,6.0,0.5180661893682553
1,6.0,0.4618799965828656
2,6.0,0.4189490657299756
3,6.0,0.39984441921114916
4,6.0,0.37573214992880805
5,6.0,0.3544496558606624
6,6.0,0.5091316294856368
7,6.0,0.44975258223712433
8,6.0,0.38133853673934925
9,6.0,0.34775923565030087
10,3.0,0.40620578080415715
11,3.0,0.288655400276184
12,3.0,0.25321236252784723
13,3.0,0.3797667548060417
14,3.0,0.17945432662963867
15,3.0,0.36608110927045345
16,3.0,0.14996920712292192
17,3.0,0.08433063328266141
18,3.0,0.06830004602670668
19,3.0,0.08773552626371382
20,6.0,0.44203109480440606
21,6.0,0.3584840930998325
22,6.0,0.49536375328898413
23,6.0,0.5192085891030728
24,6.0,0.46851078467443574
25,6.0,0.3967496142722665
26,6.0,0.366464678198099
27,6.0,0.3797557577490806
28,6.0,0.3659389140084385
29,6.0,0.34090110100805754
0,6.0,0.4606436565518378
1,6.0,0.362667329609394
2,6.0,0.32930628955364216
3,6.0,0.335017830133438
4,6.0,0.5309950876981019
5,6.0,0.4350696466863155
6,6.0,0.4554815664887427
7,6.0,0.33102279342710966
8,6.0,0.5718889664858579
9,6.0,0.3055757712572812
10,3.0,0.6594360582530497
11,3.0,0.07483456842601297
12,3.0,-0.0210767574608326
13,3.0,0.43763072602450837
14,3.0,0.3987030433490871
15,3.0,0.3363325167447328
16,3.0,0.3638849202543497
17,3.0,0.023208680795505636
18,3.0,-0.05762727465480566
19,3.0,-0.09173791343346238
20,6.0,0.29654906969517464
21,6.0,0.49897258728742594
22,6.0,0.48978065140545357
23,6.0,0.43267554976046074
24,6.0,0.4656753651797771
25,6.0,0.46920651197433466
26,6.0,0.4515498634427785
27,6.0,0.3477496150881051
28,6.0,0.2702487409114837
29,6.0,0.2258440032601356
0,6.0,0.4903540555387734
1,6.0,0.4098490364849567
2,6.0,0.5079056005924939
3,6.0,0.4522392926737665
4,6.0,0.4457214968279003
5,6.0,0.4251377352047711
6,6.0,0.34998095408082003
7,6.0,0.41466036951169366
8,6.0,0.3079324202262796
9,6.0,0.4959124289453029
10,3.0,0.5170014183968306
11,3.0,0.33628997951745976
12,3.0,0.10236291959881781
13,3.0,0.1455285809934139
14,3.0,0.2112601678818464
15,3.0,0.22404329292476172
16,3.0,0.16534540988504884
17,3.0,0.21160016208887097
18,3.0,0.16502264840528366
19,3.0,0.29439316317439074
20,6.0,0.40870462730526913
21,6.0,0.3809922374784946
22,6.0,0.3148235864937305
23,6.0,0.1920589972287416
24,6.0,0.1573167126625776
25,6.0,0.48571402579545964
26,6.0,0.2926883473992347
27,6.0,0.4655732731334864
28,6.0,0.35290136560797686
29,6.0,0.35617500916123385
0,6.0,0.6634874916635451
1,6.0,0.527585357427597
2,6.0,0.49581108242273325
3,6.0,0.3517503701150417
4,6.0,0.4797795936465263
5,6.0,0.45365907065570343
6,6.0,0.4806974809616803
7,6.0,0.35654554888606066
8,6.0,0.46223266050219525
9,6.0,0.32261005789041514
10,3.0,0.3658257573843001
11,3.0,0.14709992893040177
12,3.0,0.7129657752811908
13,3.0,0.2283087689429521
14,3.0,0.1085087298415601
15,3.0,0.47777673229575146
16,3.0,0.37644385825842613
17,3.0,0.3435463868081569
18,3.0,0.16369399800896642
19,3.0,0.3920629238709807
20,6.0,0.46018886566162104
21,6.0,0.3357631317339837
22,6.0,0.5007152683101593
23,6.0,0.4289365531876682
24,6.0,0.323299302603118
25,6.0,0.2803295394405722
26,6.0,0.5613435339182615
27,6.0,0.35653895279392595
28,6.0,0.2579131633974611
29,6.0,0.5287253949791192
0,6.0,0.5998445339500903
1,6.0,0.46078754216432566
2,6.0,0.3838038025423884
3,6.0,0.3473546658060513
4,6.0,0.5285779860569163
5,6.0,0.41911653801798815
6,6.0,0.40449980646371836
7,6.0,0.42477951943874354
8,6.0,0.38784811273217196
9,6.0,0.5284756235778332
10,3.0,0.5905668199993669
11,3.0,0.5649027018807827
12,3.0,0.509341998025775
13,3.0,0.5087048104032873
14,3.0,0.44090675655752415
15,3.0,0.3890462024137377
16,3.0,0.07837224192917344
17,3.0,0.0669595282524824
18,3.0,0.1407428574748337
19,3.0,0.6475867088884114
20,6.0,0.5626482665538787
21,6.0,0.45964268408715714
22,6.0,0.41654542833566655
23,6.0,0.4856796506792306
24,6.0,0.3677329812198876
25,6.0,0.3164472542703151
26,6.0,0.28797061741352076
27,6.0,0.2908890917897224
28,6.0,0.27490647137165064
29,6.0,0.47544485703110684
0,6.0,0.6507570818066596
1,6.0,0.3616281170397996
2,6.0,0.6441158037632703
3,6.0,0.514595255255699
4,6.0,0.44913992099463934
5,6.0,0.4458489632233976
6,6.0,0.4469695687294006
7,6.0,0.4092264436185359
8,6.0,0.5532696377485989
9,6.0,0.36665321793407196
10,3.0,0.647713414626196
11,3.0,0.115018468350172
12,3.0,0.02335206232964991
13,3.0,0.12051593465730545
14,3.0,0.443307016044855
15,3.0,0.40071214549243445
16,3.0,0.3500956390053033
17,3.0,0.3449205616489052
18,3.0,0.35144420433789486
19,3.0,0.196954455692321
20,6.0,0.5219753552228211
21,6.0,0.4657737258821725
22,6.0,0.44023078680038447
23,6.0,0.37258260650560254
24,6.0,0.2738191150128841
25,6.0,0.27925176545977587
26,6.0,0.2678851000964641
27,6.0,0.28287490084767336
28,6.0,0.2754552140831947
29,6.0,0.28435163199901575
0,6.0,0.3511763215065002
1,6.0,0.6340155620127915
2,6.0,0.4499413892626762
3,6.0,0.3467315584421157
4,6.0,0.32008016854524607
5,6.0,0.5966796840075403
6,6.0,0.41512344591319555
7,6.0,0.3779870187863707
8,6.0,0.3479410920699592
9,6.0,0.3318201247602701
10,3.0,0.500421711243689
11,3.0,0.7000656854361295
12,3.0,0.4624603278934954
13,3.0,0.1839842572808265
14,3.0,0.06455231457948683
15,3.0,0.004349797964096057
16,3.0,0.4542172481305896
17,3.0,0.43599398620426644
18,3.0,0.41476346179842943
19,3.0,0.057540077716112116
20,6.0,0.4154758378863334
21,6.0,0.3379888087511062
22,6.0,0.43276382796466345
23,6.0,0.2904886081814765
24,6.0,0.2306136898696422
25,6.0,0.47222910448908795
26,6.0,0.35409388318657875
27,6.0,0.32276526093482966
28,6.0,0.40227563679218287
29,6.0,0.5008508060127496
0,6.0,0.7352986298501489
1,6.0,0.390411864966154
2,6.0,0.48886504024267186
3,6.0,0.4349459903314709
4,6.0,0.2433211640454828
5,6.0,0.51678853854537
6,6.0,0.34561716020107264
7,6.0,0.37794578075408924
8,6.0,0.37660758197307576
9,6.0,0.3777930359356105
10,3.0,0.28164833551272744
11,3.0,0.5351070165634154
12,3.0,0.3914939742535352
13,3.0,0.3324996773153543
14,3.0,0.18762752960901702
15,3.0,0.4413115978240966
16,3.0,0.35106298886239523
17,3.0,0.334798652678728
18,3.0,0.2494906112551689
19,3.0,0.2611681226699147
20,6.0,0.4535829783417284
21,6.0,0.41612272709608067
22,6.0,0.5064723305404185
23,6.0,0.3435123525559901
24,6.0,0.2718924675136804
25,6.0,0.47161806374788273
26,6.0,0.3583238907158374
27,6.0,0.4824558794498443
28,6.0,0.412274707108736
29,6.0,0.41504416242241854
0,6.0,0.5917925387620925
1,6.0,0.5169506557285785
2,6.0,0.3064799914136528
3,6.0,0.2905922699719667
4,6.0,0.5875399075448512
5,6.0,0.39999368041753763
6,6.0,0.4773986237123608
7,6.0,0.3647411465644836
8,6.0,0.4579905830323695
9,6.0,0.4083311413414775
10,3.0,0.605172999203205
11,3.0,0.5557583197951316
12,3.0,0.06962475192267445
13,3.0,0.523779222741723
14,3.0,0.4958706945180892
15,3.0,0.4928500483511015
16,3.0,0.03697220142930744
17,3.0,-0.04853858472779393
18,3.0,-0.0579557993914932
19,3.0,0.5332969967275857
20,6.0,0.3475452102720737
21,6.0,0.459463033825159
22,6.0,0.4569448875263333
23,6.0,0.3540490791201591
24,6.0,0.3899462074041366
25,6.0,0.49398576072417194
26,6.0,0.3498402535915375
27,6.0,0.338906554505229
28,6.0,0.4639581535011529
29,6.0,0.4689051955938338
0,6.0,0.5627082027494906
1,6.0,0.5138857699930667
2,6.0,0.45680998824536795
3,6.0,0.46785902418196196
4,6.0,0.4232221953570842
5,6.0,0.42792767286300654
6,6.0,0.4188112970441579
7,6.0,0.42592236679047335
8,6.0,0.4368587220087647
9,6.0,0.36197928711771954
10,3.0,0.7220125608146188
11,3.0,0.5901893395930528
12,3.0,0.19581145979464049
13,3.0,0.1503130346536636
14,3.0,0.09096567332744596
15,3.0,0.0051826462149619995
16,3.0,0.6270635649561881
17,3.0,0.11509097740054128
18,3.0,-0.010515667498111732
19,3.0,0.000292956829071039
20,6.0,0.3509726151823997
21,6.0,0.5251710275188087
22,6.0,0.3583850376307964
23,6.0,0.19271774590015406
24,6.0,0.5566444322466849
25,6.0,0.41221958678215737
26,6.0,0.3915436714887618
27,6.0,0.4209151919931173
28,6.0,0.30870238505303854
29,6.0,0.5396098755300044
0,6.0,0.554919509217143
1,6.0,0.47204463742673386
2,6.0,0.31464322656393046
3,6.0,0.4072176255285739
4,6.0,0.3387400088831782
5,6.0,0.2840079250745475
6,6.0,0.3285533618181944
7,6.0,0.4464296591468154
8,6.0,0.33878083713352675
9,6.0,0.38252492435276503
10,3.0,0.3090240600286051
11,3.0,0.5383632592856883
12,3.0,0.1337549993768334
13,3.0,0.03183742985129354
14,3.0,0.038388451561331735
15,3.0,0.00919766910374164
16,3.0,0.536053592339158
17,3.0,0.38703345693647856
18,3.0,0.22451102733612058
19,3.0,0.04800838418304919
20,6.0,0.5911351330578326
21,6.0,0.4133966676890849
22,6.0,0.2708884738385677
23,6.0,0.28213407099246973
24,6.0,0.28534196317195887
25,6.0,0.46254143118858326
26,6.0,0.3897018134593963
27,6.0,0.36653415858745564
28,6.0,0.4447749399114399
29,6.0,0.37912498787045473
0,6.0,0.5376141201704739
1,6.0,0.5348408743739127
2,6.0,0.37690765783190716
3,6.0,0.29554047808051104
4,6.0,0.5077462568879126
5,6.0,0.48955895192921156
6,6.0,0.4486462213099002
7,6.0,0.4421096183359622
8,6.0,0.3805825170129537
9,6.0,0.26194640435278416
10,3.0,0.4268878418952226
11,3.0,0.47535251174122084
12,3.0,0.3897553016431629
13,3.0,0.22711583413183686
14,3.0,0.06905481405556199
15,3.0,0.04806246794760226
16,3.0,0.5476723222527652
17,3.0,0.27021121140569443
18,3.0,0.474671478383243
19,3.0,0.2971667675301432
20,6.0,0.4796812646090984
21,6.0,0.3902333304286002
22,6.0,0.2830920870183035
23,6.0,0.2511429544538259
24,6.0,0.5922234533354639
25,6.0,0.2578317314619198
26,6.0,0.5523441143450326
27,6.0,0.24376935744658107
28,6.0,0.2053912170231342
29,6.0,0.6097858957946299
0,6.0,0.5232490170747041
1,6.0,0.41136999987065787
2,6.0,0.43962894845753897
3,6.0,0.3601169399917125
4,6.0,0.38152720732614387
5,6.0,0.4584432456176727
6,6.0,0.37407455500215286
7,6.0,0.26593039405997837
8,6.0,0.271857492334675
9,6.0,0.2740622486453503
10,3.0,0.5425730873830615
11,3.0,0.3118700957857072
12,3.0,0.21823985874652857
13,3.0,0.5522864095401018
14,3.0,0.3262291140854358
15,3.0,0.308964442461729
16,3.0,0.27098914422094816
17,3.0,0.1605197014287114
18,3.0,0.18115816637873647
19,3.0,0.2826497443020343
20,6.0,0.4645039355382322
21,6.0,0.39748738007619966
22,6.0,0.47542359773069615
23,6.0,0.3549158796668052
24,6.0,0.3370159976184367
25,6.0,0.4586710678413509
26,6.0,0.3635297967121005
27,6.0,0.3286388209089636
28,6.0,0.31229658378288144
29,6.0,0.3171038785949349
0,6.0,0.6560905948281288
1,6.0,0.5266747018322347
2,6.0,0.47412220761179913
3,6.0,0.43898702412843693
4,6.0,0.434892114251852
5,6.0,0.5112033812329172
6,6.0,0.40966771915554995
7,6.0,0.4618806783109902
8,6.0,0.41016019135713566
9,6.0,0.3070878461003303
10,3.0,0.28979949653148646
11,3.0,0.6709334719926118
12,3.0,0.39501256495714177
13,3.0,0.5421964917331933
14,3.0,0.4790326841175555
15,3.0,0.4130654004402458
16,3.0,0.18263194710016248
17,3.0,0.038180641829967485
18,3.0,0.4760926375165581
19,3.0,0.05316467583179472
20,6.0,0.6150927115231751
21,6.0,0.5134161695023066
22,6.0,0.5460660038515924
23,6.0,0.5288274865597485
24,6.0,0.4959170287474989
25,6.0,0.5176297686994075
26,6.0,0.3442995036020874
27,6.0,0.6117210144875571
28,6.0,0.29196913540363306
29,6.0,0.6113128447905182
0,6.0,0.6116257086396216
1,6.0,0.42342707514762873
2,6.0,0.54162123426795
3,6.0,0.2587983030825853
4,6.0,0.5673895627260207
5,6.0,0.41015336709097017
6,6.0,0.28166675037937233
7,6.0,0.28380951052531594
8,6.0,0.2896860721521079
9,6.0,0.3111673975363373
10,3.0,0.569331221282482
11,3.0,0.33758436888456334
12,3.0,0.18638955056667322
13,3.0,0.4206865229643881
14,3.0,0.2605484509840607
15,3.0,0.22329743113368747
16,3.0,0.23465537466108793
17,3.0,0.3293645195662975
18,3.0,0.15614097565412519
19,3.0,0.3284634104929864
20,6.0,0.643684796988964
21,6.0,0.4812231361865996
22,6.0,0.46139199566096056
23,6.0,0.2531910915859043
24,6.0,0.23797708936035628
25,6.0,0.22409040806815023
26,6.0,0.5163079164922236
27,6.0,0.41340058296918863
28,6.0,0.38113261014223093
29,6.0,0.35582394711673254
0,6.0,0.674909546971321
1,6.0,0.506392785347998
2,6.0,0.45396956894546736
3,6.0,0.450996484607458
4,6.0,0.36552375950850546
5,6.0,0.2630460858345031
6,6.0,0.4858883491833694
7,6.0,0.4235214833170175
8,6.0,0.296966528519988
9,6.0,0.47791492159012694
10,3.0,0.37326128175482143
11,3.0,0.42789265885949124
12,3.0,0.3978928960859775
13,3.0,0.2492810110561549
14,3.0,0.4149590922752394
15,3.0,0.2808644045144319
16,3.0,0.1573443133383989
17,3.0,0.042916343081742504
18,3.0,0.4735012352466582
19,3.0,0.2712244894355535
20,6.0,0.5706760063767432
21,6.0,0.37656021409202356
22,6.0,0.5002578571438788
23,6.0,0.34118231851607556
24,6.0,0.493289029225707
25,6.0,0.3082214803434908
26,6.0,0.4424824137240647
27,6.0,0.28925796598196024
28,6.0,0.4022950641810893
29,6.0,0.2377142440527677
0,6.0,0.5501435995101928
1,6.0,0.31280990131199354
2,6.0,0.6330059580504894
3,6.0,0.5404362380504607
4,6.0,0.318312742980197
5,6.0,0.253234592732042
6,6.0,0.2121586161665618
7,6.0,0.20270519470795986
8,6.0,0.21391918719746167
9,6.0,0.1944042313843965
10,3.0,0.5679363925009965
11,3.0,0.4333581151440739
12,3.0,0.48533637635409826
13,3.0,0.22159898281097407
14,3.0,0.46070504188537587
15,3.0,0.281103167682886
16,3.0,0.10396553575992581
17,3.0,0.1181318089365959
18,3.0,0.3437709212303161
19,3.0,0.2171982359141111
20,6.0,0.4009313797578215
21,6.0,0.3957079770043492
22,6.0,0.41441284166648984
23,6.0,0.4280746704898774
24,6.0,0.41659700497984875
25,6.0,0.4335359092801808
26,6.0,0.45162707101553673
27,6.0,0.35539236292243
28,6.0,0.3741394458338618
29,6.0,0.40539506287314
0,6.0,0.6496225968003271
1,6.0,0.47539616376161564
2,6.0,0.4225034415721893
3,6.0,0.45835963264107693
4,6.0,0.5573169626295565
5,6.0,0.3966176267713308
6,6.0,0.5324553605169057
7,6.0,0.40247843042016024
8,6.0,0.49175549671053875
9,6.0,0.42008755728602404
10,3.0,0.47943792305886734
11,3.0,0.3708360660821199
12,3.0,0.4059203444048761
13,3.0,0.3693766931537538
14,3.0,0.3430035673081874
15,3.0,0.14127141237258908
16,3.0,0.38536294642835844
17,3.0,0.22537140955682838
18,3.0,0.24268381856381888
19,3.0,0.07675898820161818
20,6.0,0.3311659321188926
21,6.0,0.5897389044985174
22,6.0,0.3711433876305818
23,6.0,0.5308811794966458
24,6.0,0.4872792083770036
25,6.0,0.47638189513236273
26,6.0,0.4436707943677901
27,6.0,0.3208858557045459
28,6.0,0.562517063692212
29,6.0,0.2952895201742649
0,6.0,0.5206498242914676
1,6.0,0.5811567734926938
2,6.0,0.4022316597402095
3,6.0,0.2856746464967727
4,6.0,0.29496601037681097
5,6.0,0.42728866264224047
6,6.0,0.35282966494560236
7,6.0,0.31917046755552286
8,6.0,0.4016825258731841
9,6.0,0.31252767611294985
10,3.0,0.5399875976145266
11,3.0,0.3446617051959037
12,3.0,0.3244000794366002
13,3.0,0.4254447268322109
14,3.0,0.3605508282780647
15,3.0,0.35257339477539057
16,3.0,0.15620394051074976
17,3.0,0.4229514617472886
18,3.0,0.21887601166963572
19,3.0,0.35275449603796
20,6.0,0.5933082718402146
21,6.0,0.31184730306267733
22,6.0,0.342119637876749
23,6.0,0.42187821492552746
24,6.0,0.4326873552054166
25,6.0,0.3979871608316898
26,6.0,0.3310826802626252
27,6.0,0.43747082725167263
28,6.0,0.428332295268774
29,6.0,0.3967349603772163
0,6.0,0.6942492276430128
1,6.0,0.4585307426750658
2,6.0,0.22752702981233594
3,6.0,0.5625716075301169
4,6.0,0.4092100672423838
5,6.0,0.37500656349584455
6,6.0,0.5688805263489484
7,6.0,0.3509495668113231
8,6.0,0.5334341279231011
9,6.0,0.31434996426105494
10,3.0,0.5868634022772311
11,3.0,0.12903224676847452
12,3.0,0.031133128330111483
13,3.0,0.48297915421426285
14,3.0,0.11960428394377229
15,3.0,0.49102104268968094
16,3.0,0.4583510933443903
17,3.0,0.22416105866432187
18,3.0,0.39767236728221167
19,3.0,0.22017675451934335
20,6.0,0.6226011514663695
21,6.0,0.5743481442332267
22,6.0,0.4767741039395332
23,6.0,0.3381007779389619
24,6.0,0.5314895212650298
25,6.0,0.2932159724878146
26,6.0,0.5456954594701527
27,6.0,0.25190724455751473
28,6.0,0.19411659613251683
29,6.0,0.17141887545585627
0,6.0,0.5644590817391871
1,6.0,0.6194323329254985
2,6.0,0.2815839266404509
3,6.0,0.21695442497730247
4,6.0,0.18860218022018665
5,6.0,0.6088361833244561
6,6.0,0.5959567762911319
7,6.0,0.2491083033382892
8,6.0,0.597568857949227
9,6.0,0.5269287351984531
10,3.0,0.6941202837042509
11,3.0,0.6351479294244198
12,3.0,0.6301357494667172
13,3.0,0.6238890145905315
14,3.0,0.007727735908702006
15,3.0,0.6879807971417904
16,3.0,-0.07306113652884962
17,3.0,0.6598253753036261
18,3.0,-0.08437372185289858
19,3.0,-0.09162912517786027
20,6.0,0.7386884726583957
21,6.0,0.7351914439350365
22,6.0,0.27401541173458094
23,6.0,0.15147244371473784
24,6.0,0.658188872039318
25,6.0,0.600485729984939
26,6.0,0.6015821206383406
27,6.0,0.5773561536334454
28,6.0,0.5645493157207965
29,6.0,0.5519127929583191
0,6.0,0.6916204430162906
1,6.0,0.5038887541741132
2,6.0,0.5060799978673457
3,6.0,0.45136161521077145
4,6.0,0.3912900304421782
5,6.0,0.3972691139206289
6,6.0,0.4246078310534357
7,6.0,0.3632975448854267
8,6.0,0.3656881020870059
9,6.0,0.4297601426951586
10,3.0,0.5203707702457904
11,3.0,0.24329163692891592
12,3.0,0.3182606846094131
13,3.0,0.35763011127710337
14,3.0,0.15714136883616442
15,3.0,0.29585501924157137
16,3.0,0.25292892009019846
17,3.0,0.1873353533446788
18,3.0,0.10710396058857438
19,3.0,0.10724182054400443
20,6.0,0.4965838389471173
21,6.0,0.4133554864674806
22,6.0,0.4587365701154339
23,6.0,0.47970259841531504
24,6.0,0.4823232986964285
25,6.0,0.4931511301547288
26,6.0,0.3515544114634394
27,6.0,0.3690905747935175
28,6.0,0.28386649116873736
29,6.0,0.22384399175643915
0,6.0,0.5278664901852607
1,6.0,0.42985556274652476
2,6.0,0.39003837108612055
3,6.0,0.3400398194789886
4,6.0,0.36135722696781153
5,6.0,0.5996275031939148
6,6.0,0.40581148862838734
7,6.0,0.4712088145315646
8,6.0,0.44355641305446614
9,6.0,0.44411148130893696
10,3.0,0.5707440814003347
11,3.0,0.3818614091724156
12,3.0,0.09462086856365201
13,3.0,0.07485628128051756
14,3.0,0.5754231996834277
15,3.0,0.20434569194912905
16,3.0,0.37964998278766865
17,3.0,0.1106169670820236
18,3.0,0.389447861816734
19,3.0,0.24065494816750285
20,6.0,0.55525772459805
21,6.0,0.4411982558667659
22,6.0,0.35688300058245653
23,6.0,0.5221964363008738
24,6.0,0.3086890317499637
25,6.0,0.21103433333337304
26,6.0,0.5252746883779763
27,6.0,0.29685125034302473
28,6.0,0.4987720735371112
29,6.0,0.3018750045448541
0,6.0,0.42377932742238034
1,6.0,0.5297528555383905
2,6.0,0.4019121751189231
3,6.0,0.467168386094272
4,6.0,0.5141681376844645
5,6.0,0.37426520185545087
6,6.0,0.48630570992827404
7,6.0,0.32987695123301813
8,6.0,0.2605962231755256
9,6.0,0.2056701518595218
10,3.0,0.3575043082237243
11,3.0,0.3159015970304608
12,3.0,0.07942151464521884
13,3.0,0.5485368389636277
14,3.0,0.43099898658692826
15,3.0,0.21394326537847513
16,3.0,0.3715547248721122
17,3.0,0.1725646955892443
18,3.0,0.08625021018087861
19,3.0,0.365750066936016
20,6.0,0.6161377392709254
21,6.0,0.3777288149576633
22,6.0,0.3111067004501819
23,6.0,0.2949065472930669
24,6.0,0.31431873515248293
25,6.0,0.4309678422287106
26,6.0,0.3035765262320637
27,6.0,0.27419802546501154
28,6.0,0.2470149882137775
29,6.0,0.24009750038385388
0,6.0,0.5154976285994052
1,6.0,0.34389617480337614
2,6.0,0.5681883916258811
3,6.0,0.46356785669922823
4,6.0,0.3627000283449887
5,6.0,0.3887799475342035
6,6.0,0.4431817531585692
7,6.0,0.4120194166898727
8,6.0,0.36668650433421124
9,6.0,0.31660758052021254
10,3.0,0.48632808960974205
11,3.0,0.3398252241313457
12,3.0,0.2976587805896997
13,3.0,0.18280977662652725
14,3.0,0.0626192658455693
15,3.0,0.48025688203051675
16,3.0,0.019335714168846597
17,3.0,0.5403617192059754
18,3.0,0.06608589738607405
19,3.0,-0.04655797034502029
20,6.0,0.5735505633056163
21,6.0,0.3926969096064567
22,6.0,0.30882646143436426
23,6.0,0.29721427801996464
24,6.0,0.29177332948893303
25,6.0,0.44408171158283943
26,6.0,0.3401572629809379
27,6.0,0.39181792363524426
28,6.0,0.2808142099529504
29,6.0,0.4161038333550095
0,6.0,0.5672965124249457
1,6.0,0.454198564402759
2,6.0,0.3443184588104486
3,6.0,0.4277977533638477
4,6.0,0.4200384356081485
5,6.0,0.45238523581065226
6,6.0,0.36036406550556416
7,6.0,0.4246523221954702
8,6.0,0.26643859222531313
9,6.0,0.4315941594541071
10,3.0,0.26852393476292485
11,3.0,0.3891612607985734
12,3.0,0.22023354796692723
13,3.0,0.17965313792228693
14,3.0,0.26590578816831106
15,3.0,0.19988224096596238
16,3.0,0.3022632916690781
17,3.0,0.15918044745922086
18,3.0,0.18226454779505724
19,3.0,0.24508358025923369
20,6.0,0.4479080885648727
21,6.0,0.3996772067621349
22,6.0,0.3776816893368959
23,6.0,0.4036888345144688
24,6.0,0.30571632552891964
25,6.0,0.27123947441577906
26,6.0,0.46922850189730514
27,6.0,0.3677001446485519
28,6.0,0.2884277198463678
29,6.0,0.41003365488722915
0,6.0,0.4755694642663001
1,6.0,0.44163099676370615
2,6.0,0.38449116051197046
3,6.0,0.5796752925962209
4,6.0,0.46370707638561715
5,6.0,0.43516350537538523
6,6.0,0.5421955846250056
7,6.0,0.5553441867232322
8,6.0,0.5011932216584681
9,6.0,0.5314396061003207
10,3.0,0.439865369349718
11,3.0,0.46116065233945835
12,3.0,0.2938689030706882
13,3.0,0.41633706260472525
14,3.0,0.3693648520857095
15,3.0,0.17039195820689199
16,3.0,0.19540877174586052
17,3.0,0.3747052836697548
18,3.0,0.29925796156749124
19,3.0,0.3162993490695953
20,6.0,0.5384761299937962
21,6.0,0.4737557815387844
22,6.0,0.41874352656304825
23,6.0,0.5300045598414725
24,6.0,0.40830404311418533
25,6.0,0.4031349327415227
26,6.0,0.4258685382083057
27,6.0,0.409089065156877
28,6.0,0.47821117518469686
29,6.0,0.4353880006819963
0,6.0,0.6303180921822785
1,6.0,0.4597846455872058
2,6.0,0.4651775024831294
3,6.0,0.5453299684450029
4,6.0,0.335106674581766
5,6.0,0.5451666715962346
6,6.0,0.4125654213130473
7,6.0,0.40303059294819826
8,6.0,0.44808714836835856
9,6.0,0.3616637494415044
10,3.0,0.3430033735930919
11,3.0,0.37037176173180336
12,3.0,0.21317907050251955
13,3.0,0.13576719909906385
14,3.0,0.40943493827944616
15,3.0,0.11598872160539027
16,3.0,0.3115950347855686
17,3.0,0.20117058977484698
18,3.0,0.2666747504845261
19,3.0,0.20858016610145566
20,6.0,0.42309720441699017
21,6.0,0.428073321469128
22,6.0,0.4882641658186912
23,6.0,0.31286860629916186
24,6.0,0.2911227755248546
25,6.0,0.48067045584321016
26,6.0,0.27679408527910704
27,6.0,0.2977330591529607
28,6.0,0.46816832013428206
29,6.0,0.38372062798589457
0,6.0,0.5649361070245503
1,6.0,0.39660900831222523
2,6.0,0.3595122136175632
3,6.0,0.6479477137327193
4,6.0,0.40449257940053934
5,6.0,0.2713686823844909
6,6.0,0.5050866529345511
7,6.0,0.37445101141929615
8,6.0,0.3004994541406631
9,6.0,0.32825067639350886
10,3.0,0.37306693335995067
11,3.0,0.23982890695333478
12,3.0,0.390247443690896
13,3.0,0.12110534403473137
14,3.0,0.4285742253996431
15,3.0,0.3652788158506155
16,3.0,0.2958955187350511
17,3.0,0.07301213871687649
18,3.0,-0.015128817409276966
19,3.0,-0.029831537511199713
20,6.0,0.361195714212954
21,6.0,0.3577035348862409
22,6.0,0.3613386303186416
23,6.0,0.3517053090035915
24,6.0,0.5089103821665047
25,6.0,0.4432061286643147
26,6.0,0.35112692601978773
27,6.0,0.48197276983410103
28,6.0,0.35544794797897333
29,6.0,0.45542387105524534
0,6.0,0.5709343645721673
1,6.0,0.4093567728996276
2,6.0,0.35298447590321297
3,6.0,0.34031530260108406
4,6.0,0.4231129544787108
5,6.0,0.40106380218639964
6,6.0,0.43009872920811176
7,6.0,0.3395484294742345
8,6.0,0.37027187459170813
9,6.0,0.42509649926796544
10,3.0,0.37397937476634974
11,3.0,0.18115054257214067
12,3.0,0.1089313244447112
13,3.0,0.28838787321001286
14,3.0,0.2504049153067171
15,3.0,0.14837748929858205
16,3.0,0.30749702546745533
17,3.0,0.2764248056337237
18,3.0,0.2118419450707733
19,3.0,0.25385644473135466
20,6.0,0.34267838299274433
21,6.0,0.25441554188728327
22,6.0,0.5892372000962496
23,6.0,0.4712773133069276
24,6.0,0.43928705586586136
25,6.0,0.4201301354914903
26,6.0,0.2983515057712793
27,6.0,0.5715227276086807
28,6.0,0.3289562184363603
29,6.0,0.5829279534518718
0,6.0,0.6638936735689639
1,6.0,0.6116758435964583
2,6.0,0.48601665068417776
3,6.0,0.3071425855159759
4,6.0,0.27545309811830515
5,6.0,0.29063340276479716
6,6.0,0.29189701378345484
7,6.0,0.2757666781544685
8,6.0,0.2727073356509208
9,6.0,0.6080093085765838
10,3.0,0.30763597600162024
11,3.0,0.3498405297286808
12,3.0,0.26686291978694493
13,3.0,0.24076528567820782
14,3.0,0.22417084686458105
15,3.0,0.13731242716312406
16,3.0,0.2953257060144096
17,3.0,0.3357724575325846
18,3.0,0.25223567895591253
19,3.0,0.07992198318243025
20,6.0,0.3936101924628019
21,6.0,0.5318608491215854
22,6.0,0.4576563043519854
23,6.0,0.42450317088514555
24,6.0,0.5097496146336197
25,6.0,0.38509616628289217
26,6.0,0.43187568709254254
27,6.0,0.4632365215511526
28,6.0,0.3965449919924139
29,6.0,0.3070304103894158
0,6.0,0.4689719732850789
1,6.0,0.4540762659162282
2,6.0,0.3962973747402429
3,6.0,0.5019989293068646
4,6.0,0.30700006987899536
5,6.0,0.5321744121611118
6,6.0,0.4802174754440784
7,6.0,0.43948723166249687
8,6.0,0.41960639692842955
9,6.0,0.4144233185797929
10,3.0,0.3757875384762882
11,3.0,0.22423624061048028
12,3.0,0.407051721587777
13,3.0,0.28534877393394703
14,3.0,0.3065594746731221
15,3.0,0.2409441331401467
16,3.0,0.18492140620946879
17,3.0,0.17341258004307744
18,3.0,0.2649296168237924
19,3.0,0.21816064603626725
20,6.0,0.36689757485873986
21,6.0,0.31914013344794506
22,6.0,0.29100533388555044
23,6.0,0.27714469656348223
24,6.0,0.26662455499172205
25,6.0,0.2506860010325908
26,6.0,0.5059741646982728
27,6.0,0.4364658147096634
28,6.0,0.32437412953004235
29,6.0,0.5254095327109097
0,6.0,0.4290355276316404
1,6.0,0.39396546594798554
2,6.0,0.38278443366289133
3,6.0,0.3680491670966148
4,6.0,0.37407177686691284
5,6.0,0.43131218478083605
6,6.0,0.3028304427862167
7,6.0,0.4525544419884681
8,6.0,0.3182494995417073
9,6.0,0.2995828818529844
10,3.0,0.4182074279524385
11,3.0,0.3568353652954101
12,3.0,0.4062262563966214
13,3.0,0.16397317126393313
14,3.0,0.13910742476582524
15,3.0,0.15185243077576158
16,3.0,0.2847329452633857
17,3.0,0.20205689594149587
18,3.0,0.15935578569769857
19,3.0,0.33132103364914645
20,6.0,0.5010790228261611
21,6.0,0.45948434434831137
22,6.0,0.380079754628241
23,6.0,0.45875914860516775
24,6.0,0.345763879828155
25,6.0,0.3948803761741146
26,6.0,0.3989143148064613
27,6.0,0.40677747596055264
28,6.0,0.3807348548434674
29,6.0,0.2871725135482847
0,6.0,0.5657615866512059
1,6.0,0.42108938866294915
2,6.0,0.33696758002042765
3,6.0,0.30024912953376764
4,6.0,0.6363331209868192
5,6.0,0.4330025743693112
6,6.0,0.4159249663352966
7,6.0,0.4434208124876021
8,6.0,0.4398102769628166
9,6.0,0.30348056554794306
10,3.0,0.5609224755316972
11,3.0,0.4270775616168975
12,3.0,0.23593839816749093
13,3.0,0.5334402951411902
14,3.0,0.1518676299601793
15,3.0,0.5294591337442397
16,3.0,0.5050845649093388
17,3.0,0.4797136932611465
18,3.0,0.47377000190317625
19,3.0,0.493012361228466
20,6.0,0.6810018830001352
21,6.0,0.33965566661208857
22,6.0,0.2582926079630851
23,6.0,0.5944935597945004
24,6.0,0.44074015691876406
25,6.0,0.4149567000567913
26,6.0,0.36905448324978346
27,6.0,0.3315360583364963
28,6.0,0.5490054050460457
29,6.0,0.4164599739015102
0,6.0,0.639070631470531
1,6.0,0.39620361384004343
2,6.0,0.3135003196075558
3,6.0,0.564147651195526
4,6.0,0.3960906380088999
5,6.0,0.32974941190332163
6,6.0,0.3380188425071537
7,6.0,0.44581000483594824
8,6.0,0.3601555842906236
9,6.0,0.3850352503359317
10,3.0,0.6095346752554177
11,3.0,0.4239734318107366
12,3.0,0.24470516668952766
13,3.0,0.22613799720420497
14,3.0,0.18869424331933254
15,3.0,0.49687509983777994
16,3.0,0.26575301308184857
17,3.0,0.31282961741089815
18,3.0,0.20613278588280076
19,3.0,0.17024175683036444
20,6.0,0.494806989096105
21,6.0,0.3901883624494075
22,6.0,0.3605290371924638
23,6.0,0.32745968922972674
24,6.0,0.4956618286669254
25,6.0,0.4477737164124846
26,6.0,0.39707702212035645
27,6.0,0.3473174469545483
28,6.0,0.46936416719108814
29,6.0,0.40881213732063765
0,6.0,0.7063037306070327
1,6.0,0.6098661012947558
2,6.0,0.38916981220245356
3,6.0,0.5657078456133603
4,6.0,0.41030572354793543
5,6.0,0.547115635126829
6,6.0,0.41452294588088984
7,6.0,0.30776481144130224
8,6.0,0.5051839761435984
9,6.0,0.401720218360424
10,3.0,0.5969829633831977
11,3.0,0.3904274031519889
12,3.0,0.2857454344630241
13,3.0,0.4217594563961028
14,3.0,0.18576881289482114
15,3.0,0.15332736819982526
16,3.0,0.14457609970122573
17,3.0,0.07237432524561879
18,3.0,0.504686115309596
19,3.0,0.15917809866368768
20,6.0,0.5942239612340926
21,6.0,0.5363572053611277
22,6.0,0.47384738177061075
23,6.0,0.4315007105469703
24,6.0,0.3499367227777838
25,6.0,0.27994361985474814
26,6.0,0.25478548556566233
27,6.0,0.5550710912793874
28,6.0,0.3850804194808006
29,6.0,0.38086831755936135
0,6.0,0.561838887631893
1,6.0,0.4769321233034133
2,6.0,0.3616987951099872
3,6.0,0.4937842208892106
4,6.0,0.3742751479148864
5,6.0,0.41959704086184496
6,6.0,0.3845507930964231
7,6.0,0.3592146197333931
8,6.0,0.4359245989471673
9,6.0,0.4349331893026828
10,3.0,0.43572391942143435
11,3.0,0.43151439912617195
12,3.0,0.18521289154887194
13,3.0,0.3412323009688406
14,3.0,0.2566036498174071
15,3.0,0.2604735356289893
16,3.0,0.17088955640792844
17,3.0,0.46925588895101095
18,3.0,0.1688370686024427
19,3.0,0.053855326026678065
20,6.0,0.5037556774914264
21,6.0,0.5842880904674529
22,6.0,0.418372593820095
23,6.0,0.27205219745519565
24,6.0,0.2640790604054927
25,6.0,0.5401601968333124
26,6.0,0.34506075084209437
27,6.0,0.36358188092708577
28,6.0,0.3844700567424297
29,6.0,0.4904322526417672
0,6.0,0.5927733834832906
1,6.0,0.42952650040388096
2,6.0,0.3578636180609464
3,6.0,0.5235237246379255
4,6.0,0.403486993163824
5,6.0,0.3457340225577354
6,6.0,0.6001874301582574
7,6.0,0.404705649241805
8,6.0,0.2689200863242149
9,6.0,0.2150042280554771
10,3.0,0.6572595024481416
11,3.0,0.3644060045480728
12,3.0,0.26673664734698826
13,3.0,0.2482166867703199
14,3.0,0.22373392805457112
15,3.0,0.26956833433359856
16,3.0,0.2301577480975538
17,3.0,0.12244153002393429
18,3.0,0.2964457850903272
19,3.0,0.2447760418290272
20,6.0,0.6478168731555342
21,6.0,0.2977049611508846
22,6.0,0.5833122993353753
23,6.0,0.3643140457570552
24,6.0,0.20225619152188298
25,6.0,0.5525883156806229
26,6.0,0.41716873086988915
27,6.0,0.38923621177673334
28,6.0,0.36807083338499064
29,6.0,0.5290407665306701
0,6.0,0.5443377923220395
1,6.0,0.4694283977150916
2,6.0,0.3883840385824441
3,6.0,0.24437160091474647
4,6.0,0.2278443472459912
5,6.0,0.25304351001977915
6,6.0,0.23146403394639486
7,6.0,0.23166315071284765
8,6.0,0.5695876888930796
9,6.0,0.438255339860916
10,3.0,0.5947733707726001
11,3.0,0.5022718044929205
12,3.0,0.3654165789484977
13,3.0,0.2996427938342094
14,3.0,0.3695026068016886
15,3.0,0.2679623514413833
16,3.0,0.2048123106360435
17,3.0,0.14059606194496152
18,3.0,0.2745769806206226
19,3.0,0.14835322089493272
20,6.0,0.4627974424511193
21,6.0,0.3981152344495057
22,6.0,0.44985460769385094
23,6.0,0.29123198240995407
24,6.0,0.29493098706007
25,6.0,0.2660456076264381
26,6.0,0.25902716815471644
27,6.0,0.28974745795130724
28,6.0,0.4828418213874101
29,6.0,0.3642733562737703
0,6.0,0.6490088403224944
1,6.0,0.4297953080385922
2,6.0,0.43764907959848637
3,6.0,0.3826611004769801
4,6.0,0.2772429138422012
5,6.0,0.4391102124936878
6,6.0,0.3709121351130306
7,6.0,0.36089468374848355
8,6.0,0.22139075398445124
9,6.0,0.43793974630534643
10,3.0,0.023032627999782552
11,3.0,0.04393236339092254
12,3.0,0.06249981373548506
13,3.0,0.03596312552690504
14,3.0,-0.0004916563630104077
15,3.0,-0.0021349117159843462
16,3.0,0.03136368095874786
17,3.0,0.47765456512570376
18,3.0,0.06322795804589984
19,3.0,0.3290307223796844
20,6.0,0.4043656084686517
21,6.0,0.3758273720741271
22,6.0,0.5027637444436549
23,6.0,0.37537032738327974
24,6.0,0.3714483473449945
25,6.0,0.35960770025849337
26,6.0,0.27150934934616083
27,6.0,0.19517686218023297
28,6.0,0.18430005759000775
29,6.0,0.20232937484979627
0,6.0,0.5717409905046223
1,6.0,0.6293318402022122
2,6.0,0.5916262972168623
3,6.0,0.5772168487310408
4,6.0,0.44944486278109247
5,6.0,0.5439153208862989
6,6.0,0.38516339659690846
7,6.0,0.3250063359737395
8,6.0,0.34376185387372965
9,6.0,0.322862796485424
10,3.0,0.7888896130025385
11,3.0,0.47033828636631364
12,3.0,0.1902914652600884
13,3.0,-0.050933050457388156
14,3.0,0.6610205685719847
15,3.0,-0.008659334853291524
16,3.0,-0.08360536955296993
17,3.0,-0.10606913827359676
18,3.0,0.6063952585682272
19,3.0,0.008582268841564638
20,6.0,0.31086152326315636
21,6.0,0.4879086851142346
22,6.0,0.468737379880622
23,6.0,0.38140719756484026
24,6.0,0.3055522963404655
25,6.0,0.3989996891468763
26,6.0,0.44289814401417965
27,6.0,0.4287357414141297
28,6.0,0.372006606310606
29,6.0,0.4205868282588198
0,6.0,0.5205560885369777
1,6.0,0.47853589989244927
2,6.0,0.47872379980981344
3,6.0,0.37666600942611683
4,6.0,0.37761289440095414
5,6.0,0.37367174401879305
6,6.0,0.49711584672331804
7,6.0,0.4783668406307696
8,6.0,0.4405610878020524
9,6.0,0.4263320416212081
10,3.0,0.1997809223830699
11,3.0,0.7765354886651038
12,3.0,0.6342717236257158
13,3.0,0.08753116428852077
14,3.0,0.047618840588256696
15,3.0,0.04408021271228789
16,3.0,0.029190959408879256
17,3.0,0.5263322424143552
18,3.0,0.46636564657092094
19,3.0,0.08474408276379107
20,6.0,0.5968829141929745
21,6.0,0.4806127306073903
22,6.0,0.4380880706012248
23,6.0,0.41990914195775975
24,6.0,0.5098920762538909
25,6.0,0.43897142831701774
26,6.0,0.40993829723447556
27,6.0,0.2598603796213865
28,6.0,0.24786689318716526
29,6.0,0.44611198641359795
0,6.0,0.6883260018366854
1,6.0,0.5278250109404324
2,6.0,0.5328341014683246
3,6.0,0.30548343062400807
4,6.0,0.6177882980555295
5,6.0,0.4429462472908198
6,6.0,0.4457814581692218
7,6.0,0.306303234770894
8,6.0,0.48382253944873804
9,6.0,0.3407290028408169
10,3.0,0.5162583403289317
11,3.0,0.3480294048786163
12,3.0,0.27303745783865446
13,3.0,0.3223844356834888
14,3.0,0.3869568170048296
15,3.0,0.22491065040230745
16,3.0,0.26832552254199976
17,3.0,0.286094794049859
18,3.0,0.1098641203716397
19,3.0,0.33094352763146156
20,6.0,0.4041780466213821
21,6.0,0.4499305179342627
22,6.0,0.42641344387084235
23,6.0,0.2878353425767272
24,6.0,0.2253981316462159
25,6.0,0.23280776478350157
26,6.0,0.20823327079415319
27,6.0,0.4196626087650656
28,6.0,0.24961861316114659
29,6.0,0.4098310666158794
0,6.0,0.5996809117496013
1,6.0,0.49304776638746256
2,6.0,0.3099860846996307
3,6.0,0.2961785644292831
4,6.0,0.31090217083692545
5,6.0,0.6204105178476309
6,6.0,0.3997012376785278
7,6.0,0.519204213283956
8,6.0,0.45341085363179434
9,6.0,0.42030147090554226
10,3.0,1.0271159708499906
11,3.0,0.02384310308843849
12,3.0,0.7071053981781005
13,3.0,0.5580334104597567
14,3.0,0.012894807383418068
15,3.0,-0.09978606505319475
16,3.0,-0.06891239807009696
17,3.0,-0.012058333493769178
18,3.0,0.42339951731264586
19,3.0,0.37091492861509323
20,6.0,0.5580104887485504
21,6.0,0.21148671768605704
22,6.0,0.25251965224742884
23,6.0,0.5884004849940537
24,6.0,0.547638900578022
25,6.0,0.20645827893167729
26,6.0,0.14491469413042066
27,6.0,0.5621108226478099
28,6.0,0.43479128740727896
29,6.0,0.2471526190638542
0,6.0,0.5774969868361949
1,6.0,0.42426355183124537
2,6.0,0.32920841127634043
3,6.0,0.6213477328419684
4,6.0,0.5603225659579038
5,6.0,0.4162109196186065
6,6.0,0.2531753331422805
7,6.0,0.6147436136379837
8,6.0,0.376260332763195
9,6.0,0.29932172596454615
10,3.0,0.34962762147188176
11,3.0,0.4027696251869201
12,3.0,0.36367727816104883
13,3.0,0.3387182820588349
14,3.0,0.531818140298128
15,3.0,0.29969977587461466
16,3.0,0.3735565915703773
17,3.0,0.3970737308263778
18,3.0,0.2795007806271314
19,3.0,0.0972619787789881
20,6.0,0.48962624743580807
21,6.0,0.5465812142938375
22,6.0,0.3993288539350032
23,6.0,0.22777109593153
24,6.0,0.5820511374622582
25,6.0,0.47861523739993567
26,6.0,0.5169301349669694
27,6.0,0.47462481446564186
28,6.0,0.4511452196165918
29,6.0,0.4425732754170894
0,6.0,0.5372453778982161
1,6.0,0.46294239908456797
2,6.0,0.40551636274904007
3,6.0,0.44511954137124116
4,6.0,0.3989049065858125
5,6.0,0.3717503249645232
6,6.0,0.3057164177298546
7,6.0,0.4849459864199161
8,6.0,0.42556548491120333
9,6.0,0.3523081652820109
10,3.0,0.4203610736876725
11,3.0,0.2550395727157592
12,3.0,0.2721684094285592
13,3.0,0.20323083363473413
14,3.0,0.1858229041099548
15,3.0,0.262789262458682
16,3.0,0.25173149630427355
17,3.0,0.22414878755807874
18,3.0,0.30547115392982954
19,3.0,0.2111015068367123
20,6.0,0.4568509906530379
21,6.0,0.45455523952841753
22,6.0,0.36026105377823103
23,6.0,0.38717397861182684
24,6.0,0.39083192124962796
25,6.0,0.4430837739491834
26,6.0,0.3520113453269004
27,6.0,0.24847920238971705
28,6.0,0.23429191857576365
29,6.0,0.24574732780456537
0,6.0,0.669762227218598
1,6.0,0.57338700722903
2,6.0,0.3482969049364327
3,6.0,0.25771101145073766
4,6.0,0.2683451119810342
5,6.0,0.5671558193862437
6,6.0,0.42129048146307463
7,6.0,0.44146189466118807
8,6.0,0.5474479673430322
9,6.0,0.3848533406853675
10,3.0,0.4730527852661907
11,3.0,0.28835844527930016
12,3.0,0.09901057905517514
13,3.0,0.047595966607332216
14,3.0,0.014738060534000392
15,3.0,0.43807470612227906
16,3.0,0.08241367805749177
17,3.0,-0.005300864577293406
18,3.0,-0.029738977551460273
19,3.0,-0.04370627924799919
20,6.0,0.5572533775120972
21,6.0,0.306485129520297
22,6.0,0.49471705639734853
23,6.0,0.4005553163588046
24,6.0,0.30951050668954844
25,6.0,0.43449096940457815
26,6.0,0.362807722762227
27,6.0,0.41179050691425795
28,6.0,0.30168830172624433
29,6.0,0.4217737019062041
0,6.0,0.5682498961687087
1,6.0,0.5251028034836053
2,6.0,0.41684348322451104
3,6.0,0.36535126063972706
4,6.0,0.31064753048121924
5,6.0,0.56553852930665
6,6.0,0.3245412139222025
7,6.0,0.268534705042839
8,6.0,0.26729864627122873
9,6.0,0.5499509423971175
10,3.0,0.26979746669530863
11,3.0,0.36602108087390656
12,3.0,0.3367527822847478
13,3.0,0.14055417384952304
14,3.0,-0.07698156777769327
15,3.0,-0.03343242499977351
16,3.0,-0.023849625140428547
17,3.0,-0.022806860506534576
18,3.0,0.2945670167682692
19,3.0,0.054628028534352745
20,6.0,0.5426741428673266
21,6.0,0.4325204777996986
22,6.0,0.3913746434263884
23,6.0,0.3278097417205571
24,6.0,0.4707915065810084
25,6.0,0.41016462584957475
26,6.0,0.4180441435310057
27,6.0,0.321177274454385
28,6.0,0.2741342261433601
29,6.0,0.25350921601057047
0,6.0,0.6242106888676061
1,6.0,0.43379894644021977
2,6.0,0.5793613828718661
3,6.0,0.26986763626337046
4,6.0,0.25251861289143557
5,6.0,0.25941475480794896
6,6.0,0.22113682329654688
7,6.0,0.24799195677042002
8,6.0,0.2395359948277473
9,6.0,0.537118375301361
10,3.0,0.3028927072882652
11,3.0,0.29055852442979807
12,3.0,0.3774967455537989
13,3.0,0.2566619142889976
14,3.0,0.10351850092411038
15,3.0,0.12815737724304196
16,3.0,0.11834190785884854
17,3.0,0.317325853742659
18,3.0,0.15482742711901662
19,3.0,0.24767180066555736
20,6.0,0.5772810988128185
21,6.0,0.4665216552093624
22,6.0,0.3202023189514875
23,6.0,0.2685828879475593
24,6.0,0.28265478461980814
25,6.0,0.2825522124767303
26,6.0,0.41464247740805144
27,6.0,0.3285192493349313
28,6.0,0.4044475862756371
29,6.0,0.32711261510849
0,6.0,0.5280659240670501
1,6.0,0.44936136528849596
2,6.0,0.5668146796524524
3,6.0,0.36450064461678255
4,6.0,0.5292642209678888
5,6.0,0.4002996534109115
6,6.0,0.3783166175708174
7,6.0,0.28349945787340397
8,6.0,0.46440241485834116
9,6.0,0.3630776714999228
10,3.0,0.4252524133771657
11,3.0,0.513760358095169
12,3.0,0.4116904763504863
13,3.0,0.33841273188591
14,3.0,0.2839379291981458
15,3.0,0.14959781710058445
16,3.0,0.37928737979382277
17,3.0,0.348195306956768
18,3.0,0.34305487107485527
19,3.0,0.1721422090195119
20,6.0,0.5538678839802741
21,6.0,0.4257552064955234
22,6.0,0.3101085359230637
23,6.0,0.2850489043630659
24,6.0,0.2849039593711495
25,6.0,0.28274598065763706
26,6.0,0.45312029961496586
27,6.0,0.39983046567067493
28,6.0,0.37043657340109337
29,6.0,0.39695012848824257
0,6.0,0.4652335755527019
1,6.0,0.37650365009903897
2,6.0,0.49850180791690935
3,6.0,0.3738678433001041
4,6.0,0.45816583186388005
5,6.0,0.4794263439252972
6,6.0,0.3491984894499182
7,6.0,0.43148193508386606
8,6.0,0.28848870098590845
9,6.0,0.2673042491078376
10,3.0,0.6251490777358412
11,3.0,0.18488550651818508
12,3.0,0.4345518238842487
13,3.0,0.058976996690034846
14,3.0,-0.055492989718914046
15,3.0,0.41505356505513186
16,3.0,-0.09488995745778084
17,3.0,-0.12305971980094908
18,3.0,0.4618394616991281
19,3.0,0.4191364282742142
20,6.0,0.2707624807953834
21,6.0,0.24042774736881253
22,6.0,0.5913162901997565
23,6.0,0.3699366636574268
24,6.0,0.28476554155349726
25,6.0,0.2777943685650825
26,6.0,0.25565394014120096
27,6.0,0.5336026111617683
28,6.0,0.29744160920381546
29,6.0,0.5525754122063516
0,6.0,0.6887209620326755
1,6.0,0.426350675523281
2,6.0,0.3725955048575996
3,6.0,0.6471874737180768
4,6.0,0.41749594546854485
5,6.0,0.3755107820034026
6,6.0,0.30073456093668927
7,6.0,0.2910923287272453
8,6.0,0.5829605069011449
9,6.0,0.36231218278408045
10,3.0,0.36843612883239973
11,3.0,0.3562142252922058
12,3.0,0.21222745627164838
13,3.0,0.44372736476361746
14,3.0,0.2907827924937009
15,3.0,0.35730192065238947
16,3.0,0.2015660889446735
17,3.0,0.13083544000983235
18,3.0,0.3416551202535628
19,3.0,0.1903425753116607
20,6.0,0.5233689695596694
21,6.0,0.43006127048283804
22,6.0,0.3887369243893771
23,6.0,0.45344880968332285
24,6.0,0.4851445106323808
25,6.0,0.47038985416293133
26,6.0,0.3181329518556594
27,6.0,0.519694175105542
28,6.0,0.4156085476279258
29,6.0,0.30468267947435373
0,6.0,0.5954081583768127
1,6.0,0.5404158495366572
2,6.0,0.6298884879797696
3,6.0,0.5186900533735751
4,6.0,0.5981694655492901
5,6.0,0.4511453211307525
6,6.0,0.33583769947290415
7,6.0,0.6119614448398351
8,6.0,0.40900247916579235
9,6.0,0.5700179692357777
10,3.0,0.8093174188397823
11,3.0,0.20376471802592272
12,3.0,0.6444336101412772
13,3.0,0.08635346964001654
14,3.0,-0.10400018841028215
15,3.0,0.7902228608727455
16,3.0,0.6939623206853865
17,3.0,-0.09995682071894407
18,3.0,-0.2080030869692564
19,3.0,-0.2108715735375881
20,6.0,0.8441540985368191
21,6.0,0.26087267044931645
22,6.0,0.633677116362378
23,6.0,0.5367039358243345
24,6.0,0.5124285784550011
25,6.0,0.3283419627696275
26,6.0,0.2295003533363342
27,6.0,0.6604376761242745
28,6.0,0.25565419718623156
29,6.0,0.6293742302805184
0,6.0,0.7127013253048061
1,6.0,0.6378161348402499
2,6.0,0.46738334372639645
3,6.0,0.6995298210531472
4,6.0,0.4501642864197492
5,6.0,0.29391436465084547
6,6.0,0.6371108330786227
7,6.0,0.3542320260603446
8,6.0,0.23236145079135892
9,6.0,0.5819199495017527
10,3.0,0.19201386161148543
11,3.0,0.5005423710972535
12,3.0,0.23646492511034006
13,3.0,0.23103197850286952
14,3.0,0.4193809553980826
15,3.0,0.28536927048116917
16,3.0,0.24367773625999684
17,3.0,0.10541761200875042
18,3.0,0.1136157978326082
19,3.0,0.27190934959799046
20,6.0,0.43242961727082724
21,6.0,0.3315005088225007
22,6.0,0.6113186161965131
23,6.0,0.44997896254062647
24,6.0,0.44734225911088277
25,6.0,0.43843392981216306
26,6.0,0.3470400441437959
27,6.0,0.5215106345713137
28,6.0,0.4495940986089408
29,6.0,0.3047074279747903
0,6.0,0.582107901573181
1,6.0,0.33583443239331234
2,6.0,0.25198167935013766
3,6.0,0.25052100419998163
4,6.0,0.6244179010391234
5,6.0,0.3711059694178402
6,6.0,0.5304793193936347
7,6.0,0.3840600233525037
8,6.0,0.5040387064218521
9,6.0,0.3631541579961776
10,3.0,0.3674881160259246
11,3.0,0.42683167383074755
12,3.0,0.22563476860523218
13,3.0,0.18284630437847224
14,3.0,0.1745302472263574
15,3.0,0.1934126131236553
16,3.0,0.44045573845505703
17,3.0,0.33550346642732615
18,3.0,0.259449491277337
19,3.0,0.3439269214868545
20,6.0,0.3995561329647898
21,6.0,0.5871822014451026
22,6.0,0.4001997113227843
23,6.0,0.46611535619013
24,6.0,0.4931438490748405
25,6.0,0.44352082163095463
26,6.0,0.3598550260066986
27,6.0,0.3337758686393499
28,6.0,0.30129838362336153
29,6.0,0.30173124931752676
0,6.0,0.5020552799105643
1,6.0,0.5663239494897424
2,6.0,0.417994275689125
3,6.0,0.5275116190314292
4,6.0,0.4840230229310691
5,6.0,0.3409650512039661
6,6.0,0.2837610207498073
7,6.0,0.5213293619453906
8,6.0,0.4930775836110114
9,6.0,0.46917164884507645
10,3.0,0.4570042826235294
11,3.0,0.14937339397147295
12,3.0,0.49942252784967417
13,3.0,0.3472135025076567
14,3.0,0.058568367530824596
15,3.0,0.01857221894897519
16,3.0,0.31162225361913437
17,3.0,0.0431319293566048
18,3.0,0.024032654240727414
19,3.0,-0.009507609531283386
20,6.0,0.4905355311930179
21,6.0,0.4125020634382963
22,6.0,0.44024506025016297
23,6.0,0.3934398592682555
24,6.0,0.3278680522926151
25,6.0,0.45153341814875597
26,6.0,0.33260754140792415
27,6.0,0.2175122648477554
28,6.0,0.4316654615104198
29,6.0,0.34087507799267763
0,6.0,0.6603955850005149
1,6.0,0.5070928893983363
2,6.0,0.43857782918348664
3,6.0,0.34500295133329917
4,6.0,0.5276170754805206
5,6.0,0.3540892601013183
6,6.0,0.5134376436471938
7,6.0,0.42388825025409455
8,6.0,0.34447508025914425
9,6.0,0.47197977825999254
10,3.0,0.3562453463673591
11,3.0,0.47649253439158196
12,3.0,0.30466009676456446
13,3.0,0.34479715581983317
14,3.0,0.23108055017655713
15,3.0,0.43877232819795603
16,3.0,0.19719982007518408
17,3.0,0.4216301292181014
18,3.0,0.20448757708072657
19,3.0,0.3976944694295525
20,6.0,0.4743570778518914
21,6.0,0.37866269610822195
22,6.0,0.35315500630531454
23,6.0,0.3492071889340877
24,6.0,0.32247007638216013
25,6.0,0.5175697281956672
26,6.0,0.4036095226183533
27,6.0,0.290253940038383
28,6.0,0.27721960097551346
29,6.0,0.27080357447266573
0,6.0,0.6265100454911589
1,6.0,0.6785388253629207
2,6.0,0.5662176646292209
3,6.0,0.4946689903736114
4,6.0,0.4144763899967074
5,6.0,0.6367820780724286
6,6.0,0.48588753864169115
7,6.0,0.48541156388819207
8,6.0,0.48191414587199677
9,6.0,0.40670177526772017
10,3.0,0.44382879137992853
11,3.0,0.5596716031432151
12,3.0,0.6652838476002216
13,3.0,-0.003707922995090497
14,3.0,0.6495996005833148
15,3.0,-0.24985934048891065
16,3.0,0.6511550545692443
17,3.0,-0.1948511463124305
18,3.0,0.7006007879972457
19,3.0,-0.13329252414405343
20,6.0,0.7819099372718481
21,6.0,0.3610370137321296
22,6.0,0.6196028385311364
23,6.0,0.39528160355985154
24,6.0,0.30108811706304545
25,6.0,0.26302806288003916
26,6.0,0.23153414577245707
27,6.0,0.26592096686363215
28,6.0,0.6246325373649596
29,6.0,0.4357132371515035
0,6.0,0.5289127342402934
1,6.0,0.5347329434007405
2,6.0,0.502264043316245
3,6.0,0.47581938095390786
4,6.0,0.528720837086439
5,6.0,0.44385347142815584
6,6.0,0.4197735274210571
7,6.0,0.3651918917894363
8,6.0,0.44583639688789833
9,6.0,0.3440603986382484
10,3.0,0.5796512765809892
11,3.0,0.22836086340248576
12,3.0,0.1838436648249626
13,3.0,0.10761421173810955
14,3.0,0.3798579676076769
15,3.0,0.2668227450922131
16,3.0,0.2327438741922378
17,3.0,0.1478639170527458
18,3.0,0.27291726600378746
19,3.0,0.22392541915178293
20,6.0,0.42970696836709965
21,6.0,0.4109613387845456
22,6.0,0.43947730958461756
23,6.0,0.38423424586653704
24,6.0,0.35675091855227936
25,6.0,0.357714544981718
26,6.0,0.27444766461849207
27,6.0,0.42879782803356636
28,6.0,0.3580889515578746
29,6.0,0.3754955679178237
0,6.0,0.5641463771462439
1,6.0,0.6286190431565045
2,6.0,0.48450706899166096
3,6.0,0.4624566063284873
4,6.0,0.4491932578384875
5,6.0,0.38742679543793196
6,6.0,0.33944445336237544
7,6.0,0.560212206095457
8,6.0,0.5019150562584399
9,6.0,0.31585342809557904
10,3.0,0.5183359012007712
11,3.0,0.21414830535650248
12,3.0,0.3895418727770447
13,3.0,0.20771836955100295
14,3.0,0.1749619990587234
15,3.0,0.3436856139451265
16,3.0,0.15270523726940152
17,3.0,0.05100832879543303
18,3.0,0.10252771526575087
19,3.0,0.35831172205507744
20,6.0,0.49947059457190335
21,6.0,0.4580906890332698
22,6.0,0.43507414311170567
23,6.0,0.4146183994598686
24,6.0,0.3906134534627198
25,6.0,0.45216886699199665
26,6.0,0.4316285289824008
27,6.0,0.35480099171400065
28,6.0,0.32802147604525084
29,6.0,0.35095341131091107
0,6.0,0.5315451469505205
1,6.0,0.5265507651492952
2,6.0,0.3832095321267842
3,6.0,0.381209822371602
4,6.0,0.38056958094239224
5,6.0,0.4610186098143457
6,6.0,0.40100154466927046
7,6.0,0.31152078881859774
8,6.0,0.3130382522940635
9,6.0,0.2823108136653899
10,3.0,0.7507085725665091
11,3.0,0.25238719210028643
12,3.0,0.4307914040982722
13,3.0,0.139255067333579
14,3.0,0.0008722227066755254
15,3.0,0.3893105946481228
16,3.0,0.2595448845531791
17,3.0,0.16691709402948612
18,3.0,0.01435128040611743
19,3.0,0.007039465010166162
20,6.0,0.5512883085757493
21,6.0,0.5098339617252349
22,6.0,0.46630909899249656
23,6.0,0.2925299294292926
24,6.0,0.5523195639252662
25,6.0,0.40321426372975105
26,6.0,0.34296654723584646
27,6.0,0.34244257956743235
28,6.0,0.47142532537691284
29,6.0,0.35702517628669733
0,6.0,0.4899414628744124
1,6.0,0.4630572609603404
2,6.0,0.46240227110683907
3,6.0,0.43178159184753884
4,6.0,0.3587782010436057
5,6.0,0.44888003729283804
6,6.0,0.31826535798609246
7,6.0,0.23056139051914212
8,6.0,0.23359407484531394
9,6.0,0.23995557427406308
10,3.0,0.5540209179744123
11,3.0,0.2484938837587833
12,3.0,0.14315736852586267
13,3.0,0.17278067022562024
14,3.0,0.21753472834825513
15,3.0,0.37654322944581503
16,3.0,0.29666666686534876
17,3.0,0.28940877830609674
18,3.0,0.2860013297758996
19,3.0,0.19671500660479063
20,6.0,0.5037366803735494
21,6.0,0.3844734579324721
22,6.0,0.47027572570368636
23,6.0,0.428566894144751
24,6.0,0.32510753348469723
25,6.0,0.48637792957015324
26,6.0,0.333531629294157
27,6.0,0.4659640681347808
28,6.0,0.3472452117130159
29,6.0,0.31832567322999233
0,6.0,0.635134782642126
1,6.0,0.3942496930249034
2,6.0,0.4822570346295833
3,6.0,0.40111268684267987
4,6.0,0.4045118819922208
5,6.0,0.35010046698153013
6,6.0,0.4629226499237119
7,6.0,0.46491104923188675
8,6.0,0.3282955372706055
9,6.0,0.45868344977498043
10,3.0,0.378434047102928
11,3.0,0.29253760725259775
12,3.0,0.30295888707041735
13,3.0,0.33384705707430834
14,3.0,0.20399296330288047
15,3.0,0.3531455090269446
16,3.0,0.34116716682910914
17,3.0,0.25258060684427613
18,3.0,0.3243716489523648
19,3.0,0.28367291408358136
20,6.0,0.4459850750863551
21,6.0,0.46248634718358506
22,6.0,0.3565914109349251
23,6.0,0.519864314701408
24,6.0,0.43396552279591555
25,6.0,0.40813979133963585
26,6.0,0.4110873984172939
27,6.0,0.2993961423635482
28,6.0,0.5842422610148786
29,6.0,0.3432148769497871
0,6.0,0.6872739437967538
1,6.0,0.5685568870976566
2,6.0,0.4968385286629199
3,6.0,0.46500793658196915
4,6.0,0.46228214446455235
5,6.0,0.4312140233814715
6,6.0,0.384603046812117
7,6.0,0.5716074910014867
8,6.0,0.45165333338081826
9,6.0,0.44830648042261595
10,3.0,0.3595309257507323
11,3.0,0.22065657377243036
12,3.0,0.39433228969573964
13,3.0,0.27496169880032534
14,3.0,0.20095717906951902
15,3.0,0.2153425440192222
16,3.0,0.15838567912578577
17,3.0,0.33539781719446177
18,3.0,0.2675013598054647
19,3.0,0.34632667247205967
20,6.0,0.3689403012394904
21,6.0,0.5318117011338471
22,6.0,0.3756142454221844
23,6.0,0.5338222868740558
24,6.0,0.36816721316426987
25,6.0,0.2192258164286613
26,6.0,0.6068664565682411
27,6.0,0.43441320396959776
28,6.0,0.3595239606220275
29,6.0,0.6221700236201285
0,6.0,0.43712763488292683
1,6.0,0.415936229750514
2,6.0,0.43361399415880436
3,6.0,0.3233966066181892
4,6.0,0.2922864938154816
5,6.0,0.48247330728918303
6,6.0,0.35616230091545725
7,6.0,0.34069251664914185
8,6.0,0.3093781578354537
9,6.0,0.3392976392060517
10,3.0,0.5836033895611762
11,3.0,0.3106828667223453
12,3.0,0.5970072075724601
13,3.0,0.4295898322016
14,3.0,0.45686418935656536
15,3.0,0.5013602953404187
16,3.0,0.1968707274645567
17,3.0,0.027644501067697985
18,3.0,0.012153115123510347
19,3.0,0.025033265352249128
20,6.0,0.6378425844013689
21,6.0,0.3542422838509082
22,6.0,0.31137183844111854
23,6.0,0.41735219210386265
24,6.0,0.32068722695112223
25,6.0,0.389896810054779
26,6.0,0.35794088873080904
27,6.0,0.3303227336145937
28,6.0,0.26048026792705054
29,6.0,0.28058723919093603
0,6.0,0.5229329410940408
1,6.0,0.39638899965211744
2,6.0,0.34279753512237215
3,6.0,0.41913856286555523
4,6.0,0.3720024796202778
5,6.0,0.4599887812510132
6,6.0,0.34587652655318374
7,6.0,0.3703859713859855
8,6.0,0.38846995797939593
9,6.0,0.2607411760836839
10,3.0,0.49841065891087044
11,3.0,0.32616451196372503
12,3.0,0.35800637118518347
13,3.0,0.454837960191071
14,3.0,0.2696130638942122
15,3.0,0.2666752496734261
16,3.0,0.37214132025837887
17,3.0,0.32604194246232504
18,3.0,0.36657408298924554
19,3.0,0.326251661288552
20,6.0,0.49599416460841883
21,6.0,0.43985535949468607
22,6.0,0.417448024265468
23,6.0,0.37185380235314364
24,6.0,0.370784955099225
25,6.0,0.40139220841228956
26,6.0,0.36609604023396963
27,6.0,0.30000524967908854
28,6.0,0.4589430391788481
29,6.0,0.40271382778882975
0,6.0,0.6671811360865829
1,6.0,0.3838488943874835
2,6.0,0.32097836374305183
3,6.0,0.30580356344580645
4,6.0,0.33404860645532597
5,6.0,0.32868450786918396
6,6.0,0.6365315145812926
7,6.0,0.4424943011254071
8,6.0,0.5600491017103194
9,6.0,0.4241714365780353
10,3.0,0.4866314455866812
11,3.0,0.3943578619509935
12,3.0,0.37529748678207386
13,3.0,0.5178134143352507
14,3.0,0.29928892012685526
15,3.0,0.13861965388059613
16,3.0,0.062107004225254045
17,3.0,0.513908939436078
18,3.0,0.4376585185527801
19,3.0,0.18261495046317575
20,6.0,0.5991530325263738
21,6.0,0.4884447026997804
22,6.0,0.4866241202689706
23,6.0,0.4151290617883205
24,6.0,0.3796523921191691
25,6.0,0.4016042985022067
26,6.0,0.47221070714294905
27,6.0,0.5737089866306633
28,6.0,0.4316468629986047
29,6.0,0.33323176670819515
0,6.0,0.67141043394804
1,6.0,0.44756586663424963
2,6.0,0.290512666106224
3,6.0,0.6195784825831651
4,6.0,0.42773760110139836
5,6.0,0.4454585714265703
6,6.0,0.49291538074612606
7,6.0,0.35837019793689245
8,6.0,0.3703197836875915
9,6.0,0.35247002542018885
10,3.0,0.40017314814031113
11,3.0,0.4744043946266173
12,3.0,0.4194890474900603
13,3.0,0.24749118648469445
14,3.0,0.4323529496323317
15,3.0,0.326409748289734
16,3.0,0.25363933295011515
17,3.0,0.4548016134649514
18,3.0,0.294516623020172
19,3.0,0.43844329006969923
20,6.0,0.509488990297541
21,6.0,0.40961793810129155
22,6.0,0.29312739521265024
23,6.0,0.30492150783538813
24,6.0,0.5112264724448322
25,6.0,0.40174435172229994
26,6.0,0.4011285081505775
27,6.0,0.3068424612283706
28,6.0,0.5383388388436287
29,6.0,0.3881021235138177
0,6.0,0.7260296335443853
1,6.0,0.4038228606805205
2,6.0,0.39980037137866015
3,6.0,0.3013830184936523
4,6.0,0.2889489978551864
5,6.0,0.30049207061529154
6,6.0,0.2878951951861381
7,6.0,0.34686017036437977
8,6.0,0.3485356047749519
9,6.0,0.4595644955988973
10,3.0,0.7190045826137064
11,3.0,0.08126057591289279
12,3.0,-0.2133613899350166
13,3.0,-0.1911345503758639
14,3.0,-0.17962005361914635
15,3.0,0.7916721068322657
16,3.0,0.5893440470099448
17,3.0,0.5511222779750824
18,3.0,-0.023651253432035457
19,3.0,-0.11160031147301198
20,6.0,0.6128114294260739
21,6.0,0.5715038161724805
22,6.0,0.2975549345137551
23,6.0,0.46852467884309584
24,6.0,0.39901861362159247
25,6.0,0.37539416551589955
26,6.0,0.42077442817389954
27,6.0,0.3237099200487136
28,6.0,0.2861627414822578
29,6.0,0.3390108346939086
0,6.0,0.39327956549823273
1,6.0,0.5302081340923904
2,6.0,0.4037575353868305
3,6.0,0.2702361792325973
4,6.0,0.539883717894554
5,6.0,0.4102860260754823
6,6.0,0.3770226915366947
7,6.0,0.38950896798633033
8,6.0,0.4920171350240707
9,6.0,0.4120454060612246
10,3.0,0.5841896077618002
11,3.0,0.3237025495618582
12,3.0,0.18871398456394667
13,3.0,0.2108034938573837
14,3.0,0.2508015595376491
15,3.0,0.25966751575469965
16,3.0,0.29711840674281115
17,3.0,0.12591344118118283
18,3.0,0.27157086133956904
19,3.0,0.1848805360496044
20,6.0,0.5805156538262962
21,6.0,0.41112228669226164
22,6.0,0.41587470727972675
23,6.0,0.3899016231298446
24,6.0,0.39824927691370243
25,6.0,0.2669504028744995
26,6.0,0.5079876128584145
27,6.0,0.4245803491212427
28,6.0,0.3775597708299755
29,6.0,0.49461334198713297
0,6.0,0.6899365410208701
1,6.0,0.5146754507441073
2,6.0,0.5526491701602935
3,6.0,0.4553924412466585
4,6.0,0.5067165382206439
5,6.0,0.4082116181962191
6,6.0,0.4472758364863693
7,6.0,0.4587548992130905
8,6.0,0.5452306028455495
9,6.0,0.4782355474308132
10,3.0,0.5466736070811746
11,3.0,0.2805308289825916
12,3.0,0.2031225115060806
13,3.0,0.22446774691343302
14,3.0,0.2287399992346763
15,3.0,0.22688626497983927
16,3.0,0.2323535252362489
17,3.0,0.13650262914597985
18,3.0,0.12617631023749706
19,3.0,0.3628934320295229
20,6.0,0.3253277614712714
21,6.0,0.5082721207290887
22,6.0,0.41805062862113107
23,6.0,0.37268951348960394
24,6.0,0.2940312605351209
25,6.0,0.2927070474252104
26,6.0,0.46226516552269453
27,6.0,0.3655363209545612
28,6.0,0.28931088140234346
29,6.0,0.2588211046531796
0,6.0,0.5897173210978507
1,6.0,0.48993311822414387
2,6.0,0.5004699118435382
3,6.0,0.4237125515937804
4,6.0,0.4890513401478528
5,6.0,0.41498986631631846
6,6.0,0.43823950365185727
7,6.0,0.45777952671051014
8,6.0,0.3699114955961703
9,6.0,0.4660188611596822
10,3.0,0.69686396792531
11,3.0,0.3155739530920982
12,3.0,0.06650682538747785
13,3.0,0.7168015241622924
14,3.0,0.5140906386077403
15,3.0,0.5001573860645294
16,3.0,0.09535202383995052
17,3.0,0.7035892009735106
18,3.0,0.037909060716629
19,3.0,-0.12081080488860606
20,6.0,0.7719021905213592
21,6.0,0.3802602728828787
22,6.0,0.5887173600494862
23,6.0,0.4047572724521159
24,6.0,0.49349296092987055
25,6.0,0.44875112362205977
26,6.0,0.4145711176097392
27,6.0,0.2874793931841849
28,6.0,0.5217494736425577
29,6.0,0.41654589213430876
0,6.0,0.5677804299630224
1,6.0,0.4557132339105009
2,6.0,0.45413111103698606
3,6.0,0.32893990166485304
4,6.0,0.49482929334044445
5,6.0,0.4782112906686961
6,6.0,0.4238003063946961
7,6.0,0.3838416798971592
8,6.0,0.41355262231081713
9,6.0,0.4886126983910798
10,3.0,0.5568865761160849
11,3.0,0.5490722651593386
12,3.0,0.35622468963265413
13,3.0,0.3173426883295178
14,3.0,0.31350628891959786
15,3.0,0.2970946142449975
16,3.0,0.2508548898622393
17,3.0,0.09949660766869782
18,3.0,0.40484463772736484
19,3.0,0.15681799501180643
20,6.0,0.44964749738574017
21,6.0,0.5854302868247031
22,6.0,0.39086504606530065
23,6.0,0.31639149319380516
24,6.0,0.5376496650278567
25,6.0,0.4199374802410602
26,6.0,0.3713210113346576
27,6.0,0.2864460069686174
28,6.0,0.48556191008538
29,6.0,0.3789507504552602
0,6.0,0.5982928052544593
1,6.0,0.4670332304667681
2,6.0,0.4804829314816742
3,6.0,0.4903826196677982
4,6.0,0.45934339310042555
5,6.0,0.45583693124353875
6,6.0,0.504570058081299
7,6.0,0.3315360955893993
8,6.0,0.3228801265358924
9,6.0,0.5874713002704083
10,3.0,0.5681224241852759
11,3.0,0.45817933231592173
12,3.0,0.5323401428759097
13,3.0,0.48859221395105124
14,3.0,0.4143660637782886
15,3.0,0.4991498254239558
16,3.0,0.313612429308705
17,3.0,0.2054884750396013
18,3.0,0.29071572795510287
19,3.0,0.27224147040396923
20,6.0,0.46540755033493036
21,6.0,0.4817845858633517
22,6.0,0.4993984689936041
23,6.0,0.33697452954947943
24,6.0,0.36396740004420275
25,6.0,0.34884834010154003
26,6.0,0.33583221025764937
27,6.0,0.3206562623381614
28,6.0,0.4644704638049006
29,6.0,0.3164248093962669
0,6.0,0.7373186871409415
1,6.0,0.5493695661425589
2,6.0,0.4484673514962195
3,6.0,0.4404237829148769
4,6.0,0.4467237181961536
5,6.0,0.5209083408117293
6,6.0,0.5010481510544195
7,6.0,0.43399831769056607
8,6.0,0.4663178846240043
9,6.0,0.3368270248174667
10,3.0,0.7771432176232336
11,3.0,0.34786805324256415
12,3.0,0.5069693699479102
13,3.0,0.3312571886926889
14,3.0,0.38848525844514364
15,3.0,0.3950483743101358
16,3.0,0.2933050841093063
17,3.0,0.39040132239460934
18,3.0,0.2701015546917915
19,3.0,0.05510453134775161
20,6.0,0.5323424427770077
21,6.0,0.43041404336690897
22,6.0,0.5826439689844846
23,6.0,0.41213838756084437
24,6.0,0.3333994969725608
25,6.0,0.3203993588685989
26,6.0,0.5456556249409913
27,6.0,0.45474372617900366
28,6.0,0.41364226117730135
29,6.0,0.44009797833859915
0,6.0,0.6094742566347121
1,6.0,0.4766270113177597
2,6.0,0.42757355258800084
3,6.0,0.30501903966069216
4,6.0,0.4982708767056464
5,6.0,0.39509608387015754
6,6.0,0.44644428201718245
7,6.0,0.4644884895533322
8,6.0,0.38955903658643354
9,6.0,0.41966953920200456
10,3.0,0.6384609220549463
11,3.0,0.2169197114417329
12,3.0,0.7024255981668829
13,3.0,0.6367433695122597
14,3.0,0.6947248466312885
15,3.0,0.6871586134657263
16,3.0,0.6824997771764173
17,3.0,-0.02413644269108775
18,3.0,0.6790901850908995
19,3.0,-0.16899234056472778
20,6.0,0.2817562450654804
21,6.0,0.6396867316216229
22,6.0,0.47298103198409075
23,6.0,0.4134628409519791
24,6.0,0.4294040203094482
25,6.0,0.5363110154867171
26,6.0,0.4158816279377788
27,6.0,0.5265079885721206
28,6.0,0.415855474770069
29,6.0,0.5138892326503991
0,6.0,0.7263764292001723
1,6.0,0.466255411505699
2,6.0,0.6047343956306576
3,6.0,0.4785028435289858
4,6.0,0.5723069924861192
5,6.0,0.38206921168603
6,6.0,0.31380465067923063
7,6.0,0.4678219445049762
8,6.0,0.35718220472335804
9,6.0,0.4814281342551111
10,3.0,0.4688025936484336
11,3.0,0.3035649084486067
12,3.0,0.11101151909679172
13,3.0,0.10731240967288609
14,3.0,0.4885052777826785
15,3.0,0.2758844513446092
16,3.0,0.35089327767491335
17,3.0,0.28723506629467005
18,3.0,0.2862385374028235
19,3.0,0.3123187012970447
20,6.0,0.516079694032669
21,6.0,0.37209975905716414
22,6.0,0.289626732468605
23,6.0,0.44783635437488545
24,6.0,0.35187865793704975
25,6.0,0.37501109577715386
26,6.0,0.2122591510415077
27,6.0,0.22695998754352326
28,6.0,0.46186245605349535
29,6.0,0.33423839695751656
0,6.0,0.7038556943443834
1,6.0,0.3870105445384978
2,6.0,0.5090990848839282
3,6.0,0.40825682878494257
4,6.0,0.2781587094068527
5,6.0,0.25371872633695597
6,6.0,0.4687151368707418
7,6.0,0.3238577507436275
8,6.0,0.40815880894660944
9,6.0,0.289795882999897
10,3.0,0.26452586054801935
11,3.0,0.5312594641000031
12,3.0,0.5038936715573071
13,3.0,0.18465554714202878
14,3.0,0.49965319782495493
15,3.0,0.10527034848928449
16,3.0,0.5344609916210173
17,3.0,0.4635439808480441
18,3.0,0.4152375496923923
19,3.0,0.3996780775487422
20,6.0,0.5611079931259154
21,6.0,0.46124928444623936
22,6.0,0.3111629262566566
23,6.0,0.583494335412979
24,6.0,0.4160735514014959
25,6.0,0.3030822798609733
26,6.0,0.5124322958290576
27,6.0,0.3755520598497241
28,6.0,0.3273341991007327
29,6.0,0.2039731591939926
0,6.0,0.49752343818545336
1,6.0,0.45329921878874296
2,6.0,0.48885194957256306
3,6.0,0.38446660526096815
4,6.0,0.27824256941676134
5,6.0,0.5320432111620902
6,6.0,0.4036003476940095
7,6.0,0.3657038575038313
8,6.0,0.47539064195007075
9,6.0,0.37449786998331536
10,3.0,0.33020701631903643
11,3.0,0.4587758518755435
12,3.0,0.2264052256941795
13,3.0,0.04477922618389129
14,3.0,0.054246500134468065
15,3.0,0.04925660789012908
16,3.0,0.4520121347159146
17,3.0,0.31963502895087
18,3.0,0.03102154284715652
19,3.0,-0.0465569794178009
20,6.0,0.3225046917796134
21,6.0,0.38812308385968197
22,6.0,0.3895903527736663
23,6.0,0.3692113943397998
24,6.0,0.4115897584706544
25,6.0,0.3103764876723289
26,6.0,0.3422397933900356
27,6.0,0.3251210981979966
28,6.0,0.29333198699168855
29,6.0,0.3008089335635304
0,6.0,0.7978903353214263
1,6.0,0.6264420077204703
2,6.0,0.6657155454158783
3,6.0,0.4317719638347625
4,6.0,0.24692602828145022
5,6.0,0.7689841687679289
6,6.0,0.6629339326173066
7,6.0,0.6203621812164782
8,6.0,0.3173423521220683
9,6.0,0.7285329047590493
10,3.0,0.06545402482151982
11,3.0,0.7726968731731175
12,3.0,0.023633158300071937
13,3.0,-0.10081709176301955
14,3.0,0.6668503955006598
15,3.0,-0.12351556308567523
16,3.0,-0.15777164930477738
17,3.0,-0.16147283697500822
18,3.0,0.6110260561108589
19,3.0,-0.07034495938569307
20,6.0,0.6931253084912895
21,6.0,0.7147825807332991
22,6.0,0.35525273811072106
23,6.0,0.23983181267976758
24,6.0,0.27002852410078043
25,6.0,0.28430105745792383
26,6.0,0.651989098638296
27,6.0,0.3306295089423656
28,6.0,0.2360087931156158
29,6.0,0.23620683699846262
0,6.0,0.5321341305971145
1,6.0,0.3918312657624482
2,6.0,0.5647042235359548
3,6.0,0.3332946039736271
4,6.0,0.2561324835987761
5,6.0,0.5390598683734423
6,6.0,0.3232948705554008
7,6.0,0.4666626676917075
8,6.0,0.3500178344547748
9,6.0,0.33603959903120983
10,3.0,0.4538886938244103
11,3.0,0.2565114982426166
12,3.0,0.38437089882791037
13,3.0,0.4120413232594728
14,3.0,0.3279935326427221
15,3.0,0.21361457929015157
16,3.0,0.12015276402235028
17,3.0,0.12991142272949216
18,3.0,0.38248117268085474
19,3.0,0.2717745974659919
20,6.0,0.5144270099699496
21,6.0,0.4398340210318564
22,6.0,0.3476782273501157
23,6.0,0.24444019887596363
24,6.0,0.5230839075520634
25,6.0,0.3437785170972346
26,6.0,0.5338156936195445
27,6.0,0.39544174075126637
28,6.0,0.3434631787240504
29,6.0,0.24970722664147613
0,6.0,0.6495674595353192
1,6.0,0.44411912560462946
2,6.0,0.6149955950677394
3,6.0,0.3812566399574279
4,6.0,0.5885457005351781
5,6.0,0.3703414518386125
6,6.0,0.38453182019293297
7,6.0,0.400232596322894
8,6.0,0.4284623041749
9,6.0,0.26692392677068705
10,3.0,0.6929847861174492
11,3.0,0.3699050918221473
12,3.0,0.38061479153111577
13,3.0,0.23056884855031962
14,3.0,0.28417284414172167
15,3.0,0.20276018045842645
16,3.0,0.12913494557142255
17,3.0,0.17899952083826062
18,3.0,0.1687291674315929
19,3.0,0.12433127313852309
20,6.0,0.416122831404209
21,6.0,0.38202272355556477
22,6.0,0.49685332551598543
23,6.0,0.43124723434448237
24,6.0,0.41761634126305575
25,6.0,0.29466325975954527
26,6.0,0.2717502592131495
27,6.0,0.2988411914557218
28,6.0,0.2509550866670906
29,6.0,0.5251599811017512
0,6.0,0.4621480926871299
1,6.0,0.5286512803286313
2,6.0,0.4042668379843234
3,6.0,0.4983657957054674
4,6.0,0.4283593781292438
5,6.0,0.35083620995283116
6,6.0,0.4355594865046441
7,6.0,0.2833386585116386
8,6.0,0.5118352761492132
9,6.0,0.3350247973576188
10,3.0,0.44423839636147017
11,3.0,0.28120254352688784
12,3.0,0.48723782785236824
13,3.0,0.33366518095135683
14,3.0,0.1695512607693672
15,3.0,0.43308354727923865
16,3.0,0.3351604812778532
17,3.0,0.3301958385854959
18,3.0,0.3650872372090816
19,3.0,0.2686180402524769
20,6.0,0.4068957157433032
21,6.0,0.32068403810262675
22,6.0,0.5961420599487609
23,6.0,0.34169187769293774
24,6.0,0.6062092161737381
25,6.0,0.35003957897424687
26,6.0,0.24537365138530726
27,6.0,0.5557225383818148
28,6.0,0.48094948846846813
29,6.0,0.5019610803574323
0,6.0,0.7058277041651306
1,6.0,0.5135079249739646
2,6.0,0.5873671751469373
3,6.0,0.46522504463791836
4,6.0,0.3671655738726258
5,6.0,0.5105483690276741
6,6.0,0.46444351039826864
7,6.0,0.3850674536079168
8,6.0,0.48454731889069075
9,6.0,0.4541866034269332
10,3.0,0.581077966839075
11,3.0,0.2785979621112346
12,3.0,0.8662450872361659
13,3.0,0.2739558946341275
14,3.0,0.20072271674871436
15,3.0,0.8739303871989248
16,3.0,0.3056055104825645
17,3.0,0.09643874317407605
18,3.0,0.051354192197322825
19,3.0,0.6297299992293118
20,6.0,0.6791204717010257
21,6.0,0.6439754925668238
22,6.0,0.4391849171370267
23,6.0,0.2352599278092384
24,6.0,0.646839397959411
25,6.0,0.5224948711693286
26,6.0,0.5029131215997039
27,6.0,0.4463919587433337
28,6.0,0.30736528337001795
29,6.0,0.6847691806033251
0,6.0,0.719745517708361
1,6.0,0.5728572029620408
2,6.0,0.6053115297108888
3,6.0,0.5413501374423503
4,6.0,0.5692032799124717
5,6.0,0.4952367637306451
6,6.0,0.6481400653719901
7,6.0,0.37194333737716073
8,6.0,0.3512235523667186
9,6.0,0.5286554289050399
10,3.0,0.38915863493457425
11,3.0,0.31388283707201475
12,3.0,0.30821842886507506
13,3.0,0.24683416448533532
14,3.0,0.19944664277136323
15,3.0,0.5308194141834973
16,3.0,0.18808885943144557
17,3.0,0.08141516242176292
18,3.0,0.4626941978931426
19,3.0,0.14831619709730143
20,6.0,0.3840899989008903
21,6.0,0.33324861526489247
22,6.0,0.5084531977772712
23,6.0,0.3382229376584291
24,6.0,0.31749783828854555
25,6.0,0.478321368806064
26,6.0,0.3070668280124664
27,6.0,0.33220979012548923
28,6.0,0.4568722108379006
29,6.0,0.34793960116803635
0,6.0,0.6062852963805198
1,6.0,0.4459359217435121
2,6.0,0.4148334097117185
3,6.0,0.3242523744702339
4,6.0,0.361529380083084
5,6.0,0.34393858909606934
6,6.0,0.3542200103402137
7,6.0,0.372030459344387
8,6.0,0.33779012784361834
9,6.0,0.5378295630216597
10,3.0,0.34591239318251604
11,3.0,0.40848066285252566
12,3.0,0.39362033363431687
13,3.0,0.20042640529572958
14,3.0,0.41291354037821293
15,3.0,0.17095431126654145
16,3.0,0.057742075994610766
17,3.0,0.3625468835234642
18,3.0,0.2810816820710897
19,3.0,0.3760899640619754
20,6.0,0.5580379762686788
21,6.0,0.613175831735134
22,6.0,0.32872058067005117
23,6.0,0.627516297623515
24,6.0,0.5250351158902048
25,6.0,0.32128106104210014
26,6.0,0.24928682576864955
27,6.0,0.21586836129426953
28,6.0,0.22279452160000796
29,6.0,0.22718137875199315
0,6.0,0.5675840377807616
1,6.0,0.5166958365589379
2,6.0,0.4831059426069259
3,6.0,0.4223118349909782
4,6.0,0.5127674527466296
5,6.0,0.42180109582841385
6,6.0,0.46136473491787905
7,6.0,0.4010005495510995
8,6.0,0.341132222674787
9,6.0,0.4078287146985531
10,3.0,0.4039573669433593
11,3.0,0.24642756860703224
12,3.0,0.5711296442896127
13,3.0,0.40354041755199427
14,3.0,0.35018535703420633
15,3.0,0.09478133171796796
16,3.0,0.3826213702559471
17,3.0,0.31707708537578577
18,3.0,0.30709131807088846
19,3.0,0.317250482738018
20,6.0,0.28020757995545853
21,6.0,0.3991997204720973
22,6.0,0.3846715143881737
23,6.0,0.4291617162525653
24,6.0,0.3326026536524295
25,6.0,0.36751316674053663
26,6.0,0.320316624129191
27,6.0,0.3648268431425094
28,6.0,0.37855260074138636
29,6.0,0.3180631277500651
0,6.0,0.7449144786223768
1,6.0,0.5040100552141665
2,6.0,0.5056764855980872
3,6.0,0.5141819976270198
4,6.0,0.4168722815811633
5,6.0,0.47344503365457047
6,6.0,0.31103594554588193
7,6.0,0.32841650824411767
8,6.0,0.4691395126283168
9,6.0,0.44967443495988835
10,3.0,0.44602751731872553
11,3.0,0.3921647071838378
12,3.0,0.32819296326488256
13,3.0,0.1782309878617525
14,3.0,0.14925969950854776
15,3.0,0.14736917987465856
16,3.0,0.3718195371329784
17,3.0,0.2614641189575195
18,3.0,0.41861556936055416
19,3.0,0.24684562347829336
20,6.0,0.570797238498926
21,6.0,0.41411931812763203
22,6.0,0.3854768946766853
23,6.0,0.5358817521482705
24,6.0,0.4759143143892287
25,6.0,0.39265343546867365
26,6.0,0.5531399715691804
27,6.0,0.48860748857259745
28,6.0,0.4540207590907811
29,6.0,0.5446248725056647
0,6.0,0.6376315876841544
1,6.0,0.5114532094448804
2,6.0,0.35143784433603276
3,6.0,0.3436614704551174
4,6.0,0.3393364337971433
5,6.0,0.505017191171646
6,6.0,0.48959478735923756
7,6.0,0.465640902519226
8,6.0,0.28349015861749643
9,6.0,0.49587640445679415
10,3.0,0.463263802230358
11,3.0,0.3908646581694483
12,3.0,0.7630418143235146
13,3.0,0.018485896289348578
14,3.0,-0.10680546052753925
15,3.0,-0.07910824194550514
16,3.0,0.7078738859854636
17,3.0,0.5189146008342503
18,3.0,0.46182383969426144
19,3.0,0.09288591297809032
20,6.0,0.7860566042363643
21,6.0,0.4388553537428378
22,6.0,0.35936797223985184
23,6.0,0.36604157090187067
24,6.0,0.5464965775609015
25,6.0,0.3789331316947936
26,6.0,0.3690958991646766
27,6.0,0.3464395403861999
28,6.0,0.46226557902991766
29,6.0,0.4396104188635944
0,6.0,0.6069973520934581
1,6.0,0.5429859645664691
2,6.0,0.48447465896606434
3,6.0,0.3132451213896274
4,6.0,0.5645412653684615
5,6.0,0.3459854670800268
6,6.0,0.28743858542293305
7,6.0,0.5257943086326121
8,6.0,0.35817755758762354
9,6.0,0.4652950074523686
10,3.0,0.508249184116721
11,3.0,0.23543424159288404
12,3.0,0.31692072749137873
13,3.0,0.31014591653365636
14,3.0,0.2202084809541702
15,3.0,0.26321652694605285
16,3.0,0.22359812352806324
17,3.0,0.2877903394401073
18,3.0,0.14501250162720677
19,3.0,0.36637251917272806
20,6.0,0.5605144631117581
21,6.0,0.33163183162105264
22,6.0,0.17575958929955957
23,6.0,0.1510379947721958
24,6.0,0.593493528664112
25,6.0,0.28730072494363407
26,6.0,0.17718506045639512
27,6.0,0.13906694203615186
28,6.0,0.12270542606711386
29,6.0,0.12928346171975133
0,6.0,0.5601003430783748
1,6.0,0.4642232544720172
2,6.0,0.5611600335687398
3,6.0,0.6170832868665456
4,6.0,0.4342037718743084
5,6.0,0.43784776143729687
6,6.0,0.5194296035915612
7,6.0,0.307141400873661
8,6.0,0.5646886904723941
9,6.0,0.40653776749968523
10,3.0,0.6325265835039316
11,3.0,0.4985800925642251
12,3.0,0.5790448838379233
13,3.0,0.5724935866892337
14,3.0,0.6118266768753527
15,3.0,0.1812757365405559
16,3.0,0.01654426055029033
17,3.0,0.652341179549694
18,3.0,0.09509876742959018
19,3.0,0.0324129983782768
20,6.0,0.3404361121356486
21,6.0,0.350353829562664
22,6.0,0.5195057243108748
23,6.0,0.4442007932811975
24,6.0,0.2823617607355117
25,6.0,0.5099553379695861
26,6.0,0.2910256870090961
27,6.0,0.48576647019945074
28,6.0,0.3296404480934142
29,6.0,0.22110610455274576
0,6.0,0.49511294811964024
1,6.0,0.43266467750072474
2,6.0,0.419526271522045
3,6.0,0.4090111535042523
4,6.0,0.2877539545297622
5,6.0,0.5374175421893596
6,6.0,0.3823134899139404
7,6.0,0.2555856239050626
8,6.0,0.5354008260183035
9,6.0,0.28944155946373934
10,3.0,0.43882605247199524
11,3.0,0.19485881738364688
12,3.0,0.5604278594255446
13,3.0,0.4179064594209193
14,3.0,0.3898796178400516
15,3.0,0.3750730343163013
16,3.0,0.07180920988321302
17,3.0,-0.18507422087714073
18,3.0,0.5739146955311297
19,3.0,-0.10388318076729774
20,6.0,0.21455138921737668
21,6.0,0.5023407880216836
22,6.0,0.39946400374174107
23,6.0,0.43437152923434036
24,6.0,0.27815498597919935
25,6.0,0.4634549114853143
26,6.0,0.36063520883908484
27,6.0,0.2772210054099559
28,6.0,0.2555300379171967
29,6.0,0.25332763697952027
0,6.0,0.4644899070262908
1,6.0,0.4459258466958999
2,6.0,0.483616143465042
3,6.0,0.48803797364234913
4,6.0,0.4854420349001884
5,6.0,0.6038696458563207
6,6.0,0.5125941447913646
7,6.0,0.5102831399999558
8,6.0,0.4413149841129779
9,6.0,0.5167488679289817
10,3.0,0.5348306819796561
11,3.0,0.39601673185825337
12,3.0,-0.01691422797739507
13,3.0,-0.07424436882138252
14,3.0,-0.10883278772234917
15,3.0,0.6886389926075934
16,3.0,0.599526636302471
17,3.0,-0.06965301930904388
18,3.0,0.5102524147368966
19,3.0,-0.10561164212413134
20,6.0,0.18587097059935326
21,6.0,0.6805633027106522
22,6.0,0.5147461518645285
23,6.0,0.3071158397942781
24,6.0,0.722961202263832
25,6.0,0.25434228591620917
26,6.0,0.1368173997616395
27,6.0,0.1168473495636135
28,6.0,0.7018963964655993
29,6.0,0.6131191253662108
0,6.0,0.6218435773625969
1,6.0,0.5636640936136245
2,6.0,0.4456607066094875
3,6.0,0.3784599611535668
4,6.0,0.46583391464082513
5,6.0,0.45148474536836136
6,6.0,0.48500736057758326
7,6.0,0.4525306769646703
8,6.0,0.3355301590636372
9,6.0,0.3183044102042913
10,3.0,0.4692407846450805
11,3.0,0.29430502513423556
12,3.0,0.2967213932424783
13,3.0,0.23899238882586357
14,3.0,0.26532573532313103
15,3.0,0.19236732274293897
16,3.0,0.1837467588484287
17,3.0,0.26528213731944555
18,3.0,0.2270156946033239
19,3.0,0.1538753882050514
20,6.0,0.46559980511665333
21,6.0,0.39663612097501744
22,6.0,0.4027843810617923
23,6.0,0.43327310308814043
24,6.0,0.3055417225696146
25,6.0,0.5684889229014515
26,6.0,0.37773370929062355
27,6.0,0.4759641271084546
28,6.0,0.2870844579301774
29,6.0,0.5551209356635808
0,6.0,0.56343325227499
1,6.0,0.5141241028904914
2,6.0,0.37666104454547156
3,6.0,0.4293982982635497
4,6.0,0.44213849143125106
5,6.0,0.35229656775481993
6,6.0,0.31502911075949663
7,6.0,0.2899864818900823
8,6.0,0.2760475650429725
9,6.0,0.5117110540159046
10,3.0,0.39273477206006635
11,3.0,0.2631495669484138
12,3.0,0.2397629581391811
13,3.0,0.4063848652876913
14,3.0,0.27554251160472626
15,3.0,0.25399199547246093
16,3.0,0.23179033910855645
17,3.0,0.17832207866013047
18,3.0,0.18003367260098455
19,3.0,0.3521364331245422
20,6.0,0.5638347553758648
21,6.0,0.44527532905340184
22,6.0,0.3906245790421963
23,6.0,0.32379297912120814
24,6.0,0.2807636447250843
25,6.0,0.48519774712622155
26,6.0,0.3712930474430322
27,6.0,0.47527427994646126
28,6.0,0.29947269521653647
29,6.0,0.2948034852743148
0,6.0,0.4721824452280997
1,6.0,0.3652030751109122
2,6.0,0.5270678683882578
3,6.0,0.5326326489448546
4,6.0,0.4565524933859705
5,6.0,0.2977430718019604
6,6.0,0.27208677167072887
7,6.0,0.2889339358080178
8,6.0,0.27735674474388355
9,6.0,0.493032544851303
10,3.0,0.4379633292555808
11,3.0,0.2977085411548614
12,3.0,0.4688386414200067
13,3.0,0.5017580185085534
14,3.0,0.18206355348229403
15,3.0,0.41656279936432833
16,3.0,0.09799597039818761
17,3.0,0.36535508185625065
18,3.0,0.30820234119892115
19,3.0,0.20465141534805292
20,6.0,0.5435392670333384
21,6.0,0.5414441302418708
22,6.0,0.478029740275815
23,6.0,0.42636344209313387
24,6.0,0.3698103129863738
25,6.0,0.22062806040048596
26,6.0,0.2327361181378364
27,6.0,0.5456697233021258
28,6.0,0.3956757672131061
29,6.0,0.26712436228990555
0,6.0,0.6770064197480677
1,6.0,0.39238065294921387
2,6.0,0.33137634396553034
3,6.0,0.5665757935494183
4,6.0,0.5165153965353965
5,6.0,0.4936594534665345
6,6.0,0.4382467744871973
7,6.0,0.3774683102965354
8,6.0,0.47382199112325896
9,6.0,0.3179399371147155
10,3.0,0.4166953864041715
11,3.0,0.3249089531600475
12,3.0,0.35731637594290067
13,3.0,0.34604781959205855
14,3.0,0.4838576680049299
15,3.0,0.4209221545606851
16,3.0,0.4255654846783727
17,3.0,0.29524076916277403
18,3.0,0.21952828392386434
19,3.0,0.3840247825719415
20,6.0,0.5980621799826622
21,6.0,0.4381997045129537
22,6.0,0.36827603913843626
23,6.0,0.2426786385476589
24,6.0,0.4885691478848456
25,6.0,0.3186121564358472
26,6.0,0.5136208161711692
27,6.0,0.4156531316693871
28,6.0,0.33956414740532626
29,6.0,0.22829973883926866
0,6.0,0.5123016136640216
1,6.0,0.42449672240763897
2,6.0,0.48815546091645945
3,6.0,0.39116977900266636
4,6.0,0.24117556959390637
5,6.0,0.5475612441077827
6,6.0,0.4276105388998985
7,6.0,0.4029023814946413
8,6.0,0.5742420041933655
9,6.0,0.3498586639761924
10,3.0,0.6836069282144307
11,3.0,0.21522303391247985
12,3.0,0.6311237271875143
13,3.0,0.5120095256716012
14,3.0,0.1821456793695688
15,3.0,0.6797399315983055
16,3.0,0.12962638586759562
17,3.0,0.04460288956761359
18,3.0,0.06491776555776593
19,3.0,0.7011522483080623
20,6.0,0.32460797578096384
21,6.0,0.6147139193490146
22,6.0,0.3493753392249345
23,6.0,0.2195805981755256
24,6.0,0.17158728092908854
25,6.0,0.5808971712831407
26,6.0,0.4265656098723411
27,6.0,0.3920828569680452
28,6.0,0.3815932404249906
29,6.0,0.345776873640716
0,6.0,0.5967777380719779
1,6.0,0.5789956060471013
2,6.0,0.575165175832808
3,6.0,0.43694288842380036
4,6.0,0.5572743951342999
5,6.0,0.5153397629037498
6,6.0,0.502399481832981
7,6.0,0.3429534658789634
8,6.0,0.2664598654955625
9,6.0,0.2517119143158197
10,3.0,0.14438659884035585
11,3.0,0.7170742396265266
12,3.0,0.17603299347683782
13,3.0,0.15207778848707673
14,3.0,0.08411017339676616
15,3.0,0.4799267128109931
16,3.0,0.3671884890645742
17,3.0,0.18768169730901715
18,3.0,0.4977699518203735
19,3.0,0.1578956739977002
20,6.0,0.6237462162971495
21,6.0,0.2607281878590583
22,6.0,0.6369252558797597
23,6.0,0.36118166754022235
24,6.0,0.7183632105588911
25,6.0,0.32143340911716217
26,6.0,0.6808751896023749
27,6.0,0.36878056079149235
28,6.0,0.28980468120425934
29,6.0,0.28207203373312945
0,6.0,0.6935498304665086
1,6.0,0.41669230535626406
2,6.0,0.4040577616542578
3,6.0,0.3405890869908034
4,6.0,0.3255833215080201
5,6.0,0.35697570815682406
6,6.0,0.30564562696963543
7,6.0,0.3226020969450473
8,6.0,0.2411010321229696
9,6.0,0.23601672425866124
10,3.0,0.3817368010350036
11,3.0,0.33686541393399233
12,3.0,0.3950510695576667
13,3.0,0.21894977381452913
14,3.0,0.06782810017466544
15,3.0,0.07547651603817937
16,3.0,0.04687187820672988
17,3.0,0.357824777951464
18,3.0,0.15281321760267016
19,3.0,0.21778157656081015
20,6.0,0.490013277158141
21,6.0,0.3889689904535771
22,6.0,0.3170765643008052
23,6.0,0.4390366859734057
24,6.0,0.25076981657184655
25,6.0,0.23230784665793178
26,6.0,0.43494519963860506
27,6.0,0.3049411089159548
28,6.0,0.22867134027183056
29,6.0,0.23681676667183632
0,6.0,0.5380827356129884
1,6.0,0.4787740826141088
2,6.0,0.30227347463369364
3,6.0,0.30194838717579836
4,6.0,0.49471236672252406
5,6.0,0.3246185537427663
6,6.0,0.5707569804508238
7,6.0,0.46113389823585743
8,6.0,0.41151993535459036
9,6.0,0.4061729181557893
10,3.0,0.3229920975863933
11,3.0,0.4770947180222719
12,3.0,0.3082357263192534
13,3.0,0.32953441480640316
14,3.0,0.35499826481100166
15,3.0,0.33764228975633154
16,3.0,0.1927610086277127
17,3.0,0.3928131712600588
18,3.0,0.34216586453840137
19,3.0,0.1508739851415157
20,6.0,0.6375330910086631
21,6.0,0.3068022597581148
22,6.0,0.5169340148568152
23,6.0,0.33481753294472577
24,6.0,0.4962175507098436
25,6.0,0.3504448600579053
26,6.0,0.24914319626986975
27,6.0,0.48708695080131287
28,6.0,0.37516693677753205
29,6.0,0.32672150246798987
0,6.0,0.4835730418562888
1,6.0,0.5045177065767347
2,6.0,0.40641583967953915
3,6.0,0.3011772986501455
4,6.0,0.3168117441236972
5,6.0,0.48887538537383074
6,6.0,0.40620430954731995
7,6.0,0.3464177910354919
8,6.0,0.4376010745763778
9,6.0,0.3567871814593672
10,3.0,0.6504692398011683
11,3.0,0.23692088527604932
12,3.0,0.03284881263971326
13,3.0,0.7905157590284942
14,3.0,0.6581643624231218
15,3.0,-0.008566323667764672
16,3.0,-0.05560992425307631
17,3.0,0.6065086610615253
18,3.0,0.5696992203593253
19,3.0,0.5838380726054309
20,6.0,0.6499209925532341
21,6.0,0.4598870556801556
22,6.0,0.558551460970193
23,6.0,0.3998127626255154
24,6.0,0.5449934353819116
25,6.0,0.3366542272269725
26,6.0,0.5290878750383853
27,6.0,0.3455893415957689
28,6.0,0.2668172307312488
29,6.0,0.2358250766992568
0,6.0,0.6350310668349265
1,6.0,0.62871703132987
2,6.0,0.5648880824446678
3,6.0,0.4593346025794744
4,6.0,0.5210323436185716
5,6.0,0.5696684457361697
6,6.0,0.46669036895036686
7,6.0,0.30974275246262545
8,6.0,0.3158618696033954
9,6.0,0.5418298337608575
10,3.0,0.7481530420482158
11,3.0,0.7920066621154546
12,3.0,0.5643378500826656
13,3.0,0.22056931443512434
14,3.0,0.5971066700294613
15,3.0,0.5161120125558227
16,3.0,0.1448172396048903
17,3.0,0.540455900132656
18,3.0,0.0216321414336562
19,3.0,-0.0003469071816653229
20,6.0,0.3527310602366923
21,6.0,0.36498933285474766
22,6.0,0.33216217160224915
23,6.0,0.3192366771399974
24,6.0,0.32484187558293337
25,6.0,0.5296685639768839
26,6.0,0.43868656642734993
27,6.0,0.4667167887091636
28,6.0,0.3614778891205787
29,6.0,0.37822450324892987
0,6.0,0.5497168074361979
1,6.0,0.3983546150848269
2,6.0,0.2746041249483823
3,6.0,0.23815795034170145
4,6.0,0.22505067661404607
5,6.0,0.5970920175313948
6,6.0,0.4208089422900229
7,6.0,0.4320730101317167
8,6.0,0.4081323500722646
9,6.0,0.46084159240126604
10,3.0,0.4239100348204373
11,3.0,0.526010850444436
12,3.0,0.2573309205472469
13,3.0,0.08814618736505506
14,3.0,0.1311092600226402
15,3.0,0.6251025767996906
16,3.0,0.43427510187029833
17,3.0,0.3886364591307938
18,3.0,0.36085167573764915
19,3.0,0.3884375419002026
20,6.0,0.576643332839012
21,6.0,0.4624411677941679
22,6.0,0.39350385265424837
23,6.0,0.6088441079482435
24,6.0,0.4859085921198129
25,6.0,0.3829879011027514
26,6.0,0.35130897117778653
27,6.0,0.35692177433520544
28,6.0,0.3105936795473098
29,6.0,0.5527524780482053
0,6.0,0.655618131160736
1,6.0,0.6056475113146006
2,6.0,0.5403177309781312
3,6.0,0.6040043961256741
4,6.0,0.549942348152399
5,6.0,0.39805932738818217
6,6.0,0.41714420821517695
7,6.0,0.4426128333434462
8,6.0,0.47025194112211455
9,6.0,0.33541072066873306
10,3.0,0.5157650578767061
11,3.0,0.19058856414631006
12,3.0,0.005467841401696198
13,3.0,0.4628466563299297
14,3.0,0.2751358086243271
15,3.0,0.27114928653463716
16,3.0,0.2604956827126443
17,3.0,0.2826958955265581
18,3.0,0.25415816693566734
19,3.0,0.17274429497774685
20,6.0,0.38196272403001774
21,6.0,0.5042426260188221
22,6.0,0.38583338796161104
23,6.0,0.27196675352752203
24,6.0,0.49601597897708405
25,6.0,0.3064989754930138
26,6.0,0.2841156600043177
27,6.0,0.2832969315350055
28,6.0,0.2764358408749103
29,6.0,0.2817365527153015
0,6.0,0.6173056140542029
1,6.0,0.4429494515061378
2,6.0,0.5462061671423725
3,6.0,0.4978977949358522
4,6.0,0.4774209260940551
5,6.0,0.46865332126617426
6,6.0,0.4239504011347889
7,6.0,0.5092095136642455
8,6.0,0.4428432621061801
9,6.0,0.3841465292498469
10,3.0,0.288581795990467
11,3.0,0.2928362488746643
12,3.0,0.40350482240319246
13,3.0,0.2734057009220123
14,3.0,0.43796769715845574
15,3.0,0.2609684038907289
16,3.0,0.1539469230920076
17,3.0,0.3613008093088865
18,3.0,0.25204084986762604
19,3.0,0.1761441323906183
20,6.0,0.49972426332533354
21,6.0,0.30226051434874524
22,6.0,0.2725047748535871
23,6.0,0.2779636532068252
24,6.0,0.392056792974472
25,6.0,0.3590779271908104
26,6.0,0.3925705812871455
27,6.0,0.31359028071165074
28,6.0,0.3762699998915195
29,6.0,0.32365623628720636
0,6.0,0.7529808804392812
1,6.0,0.6494952030479907
2,6.0,0.4121600259095429
3,6.0,0.3501733615994453
4,6.0,0.5215748399496077
5,6.0,0.3717949874699115
6,6.0,0.32004663720726956
7,6.0,0.47616189590189595
8,6.0,0.39180241525173176
9,6.0,0.3215894773602485
10,3.0,0.18641735613346097
11,3.0,0.43773050734307606
12,3.0,0.3406612956896423
13,3.0,0.4438241692259907
14,3.0,0.4148422209545969
15,3.0,0.4403144670650362
16,3.0,0.4171340148895978
17,3.0,0.34461627714335913
18,3.0,0.2946558841504156
19,3.0,0.3260987671092152
20,6.0,0.40951289050281037
21,6.0,0.462067600339651
22,6.0,0.4008989222347736
23,6.0,0.4044931158423423
24,6.0,0.37205113843083376
25,6.0,0.3896901793777942
26,6.0,0.40230314806103695
27,6.0,0.3994744829833507
28,6.0,0.40240949019789685
29,6.0,0.4679714478552341
0,6.0,0.7302913740277289
1,6.0,0.5499969548545777
2,6.0,0.5235924702137708
3,6.0,0.4194785403087734
4,6.0,0.5447823456488549
5,6.0,0.48321204818785185
6,6.0,0.3584177457960322
7,6.0,0.3343899350147694
8,6.0,0.31461824104189867
9,6.0,0.31729281879961485
10,3.0,0.5878303851932286
11,3.0,0.49372514709830284
12,3.0,0.26498315762728447
13,3.0,0.1737913284450769
14,3.0,0.14341634250013155
15,3.0,0.17608486616518343
16,3.0,0.18443668005056674
17,3.0,0.2097852090373635
18,3.0,0.19590896647423503
19,3.0,0.3211234267801045
20,6.0,0.4387180823832749
21,6.0,0.46678951871581364
22,6.0,0.5067471787333487
23,6.0,0.39240531809628
24,6.0,0.4945465549826621
25,6.0,0.38777559250593174
26,6.0,0.3585730455815791
27,6.0,0.37460983544588083
28,6.0,0.3554018288850784
29,6.0,0.3358392417430877
0,6.0,0.4095438867807388
1,6.0,0.47731588594615443
2,6.0,0.4308164962567388
3,6.0,0.430442453129217
4,6.0,0.3905692929401993
5,6.0,0.3196395877748727
6,6.0,0.523891235468909
7,6.0,0.3513338342308997
8,6.0,0.2583862021565437
9,6.0,0.47793522896245116
10,3.0,0.7913354672491549
11,3.0,0.4618956902995705
12,3.0,0.47194827510975296
13,3.0,0.491184146143496
14,3.0,0.1350407926365733
15,3.0,0.009192418307065957
16,3.0,0.4758885530754923
17,3.0,0.3698527179658412
18,3.0,0.3874837923794984
19,3.0,0.40551130846142763
20,6.0,0.3039466924965381
21,6.0,0.2992162965238094
22,6.0,0.3884135158732533
23,6.0,0.3242291826754808
24,6.0,0.3851830130442976
25,6.0,0.28943113982677454
26,6.0,0.4197377459495327
27,6.0,0.3352114565204829
28,6.0,0.27095631137490267
29,6.0,0.4058674871921538
0,6.0,0.6036546006798743
1,6.0,0.5114213153719901
2,6.0,0.5246163103729486
3,6.0,0.33514245785772795
4,6.0,0.37325834482908243
5,6.0,0.3212936064228415
6,6.0,0.6813308997079728
7,6.0,0.46594881638884533
8,6.0,0.6062842085957525
9,6.0,0.43646917492151255
10,3.0,0.7911659777164458
11,3.0,0.5646506845951079
12,3.0,0.11974764801561827
13,3.0,0.572440095245838
14,3.0,-0.035030727274715914
15,3.0,-0.0941748172044754
16,3.0,0.6537042954005299
17,3.0,0.4588474109768866
18,3.0,0.12017957121133802
19,3.0,0.4728305786848067
20,6.0,0.5840804055333136
21,6.0,0.5358371213078498
22,6.0,0.4392734039574861
23,6.0,0.605157384648919
24,6.0,0.4255521590821444
25,6.0,0.28375706775113935
26,6.0,0.5384495705366135
27,6.0,0.4084152514114975
28,6.0,0.5218902267515659
29,6.0,0.3765246793627738
0,6.0,0.5827924981713295
1,6.0,0.5109136980026959
2,6.0,0.3093306832015514
3,6.0,0.3175163664855062
4,6.0,0.5422600992023944
5,6.0,0.3865617588162421
6,6.0,0.46100841462612147
7,6.0,0.5151750966906546
8,6.0,0.3839513733983039
9,6.0,0.36846202099695796
10,3.0,0.5047665804158895
11,3.0,0.4357637856155633
12,3.0,0.6304063424468039
13,3.0,0.27928499132394785
14,3.0,0.5125219244509934
15,3.0,0.5386254219338297
16,3.0,0.5086481682956218
17,3.0,0.27150567993521685
18,3.0,0.5559118874371051
19,3.0,0.47906036674976343
20,6.0,0.5332488641142844
21,6.0,0.43185652233660216
22,6.0,0.530604377388954
23,6.0,0.4457618445158004
24,6.0,0.3977580666542052
25,6.0,0.4633077769540249
26,6.0,0.46420847624540323
27,6.0,0.4103805343620478
28,6.0,0.3216169495135545
29,6.0,0.33512320555746544
0,6.0,0.5959197673946618
1,6.0,0.452999822795391
2,6.0,0.3381410045549273
3,6.0,0.5798478610813617
4,6.0,0.3400470139458775
5,6.0,0.240699078887701
6,6.0,0.5739466696977614
7,6.0,0.424600351601839
8,6.0,0.3844735748134553
9,6.0,0.5618466287851333
10,3.0,0.6160012558102607
11,3.0,0.29038032144308085
12,3.0,0.33096877485513687
13,3.0,0.3451624289155006
14,3.0,0.3130840361118316
15,3.0,0.2006525322794914
16,3.0,0.4167535929009317
17,3.0,0.17479642860416783
18,3.0,0.2268640156835317
19,3.0,0.31278542883228505
20,6.0,0.44801383768208314
21,6.0,0.44172538537532086
22,6.0,0.22390307486057276
23,6.0,0.22985403984785074
24,6.0,0.5129696978256105
25,6.0,0.33111145906150335
26,6.0,0.4091460155323147
27,6.0,0.4540794603526591
28,6.0,0.4010223448276519
29,6.0,0.28983395174145693
0,6.0,0.586865223944187
1,6.0,0.4561025230213999
2,6.0,0.32230731844902033
3,6.0,0.4814924746751784
4,6.0,0.3316266871988773
5,6.0,0.4194716566707938
6,6.0,0.27532302215695376
7,6.0,0.485562996007502
8,6.0,0.40531145408749575
9,6.0,0.37369333580136294
10,3.0,0.596212141215801
11,3.0,0.3538726893629018
12,3.0,0.4164936412125825
13,3.0,0.296246675774455
14,3.0,0.16458672657608983
15,3.0,0.06865118560381232
16,3.0,0.09039325639605521
17,3.0,0.11346601339755577
18,3.0,0.3696718992432579
19,3.0,0.21089887246489522
20,6.0,0.4832400232553481
21,6.0,0.5311023220419883
22,6.0,0.38687608251348127
23,6.0,0.5549566783010959
24,6.0,0.45666624978184694
25,6.0,0.365837165096309
26,6.0,0.19376834854483602
27,6.0,0.20125674828886983
28,6.0,0.21964204683899874
29,6.0,0.5728291366249322
0,6.0,0.46449932828545565
1,6.0,0.40855986811220646
2,6.0,0.5790369915775954
3,6.0,0.47385349497199053
4,6.0,0.42797665297985066
5,6.0,0.3216058742254972
6,6.0,0.2299797693267464
7,6.0,0.24087810982018706
8,6.0,0.21765092015266416
9,6.0,0.4772671442478894
10,3.0,0.5269241370260714
11,3.0,0.31345713138580317
12,3.0,0.29524815082550043
13,3.0,0.31497684866189957
14,3.0,0.27071326039731497
15,3.0,0.10769736208021638
16,3.0,0.04948679124936461
17,3.0,0.04548509822052436
18,3.0,-0.005882561090402305
19,3.0,0.3538212236016988
20,6.0,0.5315589699894189
21,6.0,0.45887026004493225
22,6.0,0.4140220785047859
23,6.0,0.3979416191577911
24,6.0,0.4073026478290557
25,6.0,0.3954298701137303
26,6.0,0.280642207711935
27,6.0,0.4284921754151582
28,6.0,0.28901452571153635
29,6.0,0.23914225026965136
0,6.0,0.45289664715528477
1,6.0,0.4666144996881484
2,6.0,0.5524121895432471
3,6.0,0.38900403305888165
4,6.0,0.39573179930448527
5,6.0,0.2724467478692531
6,6.0,0.4887803001329302
7,6.0,0.38530182652175415
8,6.0,0.467723989393562
9,6.0,0.3760705925524234
10,3.0,0.5633914340287446
11,3.0,0.45558584667742247
12,3.0,0.4047626107931137
13,3.0,0.15920354076661167
14,3.0,0.05786684900522231
15,3.0,0.05990070849657057
16,3.0,0.32823487557470793
17,3.0,0.07593543082475658
18,3.0,0.04027777817100286
19,3.0,0.04553472902625798
20,6.0,0.5333839701488613
21,6.0,0.3983445614576339
22,6.0,0.425850287079811
23,6.0,0.34267819114029396
24,6.0,0.3248021248728036
25,6.0,0.38662440143525595
26,6.0,0.28026477247476567
27,6.0,0.45033302623778576
28,6.0,0.36009167414158577
29,6.0,0.34160898253321637
0,6.0,0.5388411190360783
1,6.0,0.38128410466015333
2,6.0,0.32256001234054554
3,6.0,0.4452095944434404
4,6.0,0.2765351458219811
5,6.0,0.25364552624523634
6,6.0,0.47213486488908524
7,6.0,0.34482671506702894
8,6.0,0.2969050742685794
9,6.0,0.4243665412068366
10,3.0,0.5952585041522979
11,3.0,0.5313529819250106
12,3.0,0.1906279250979423
13,3.0,0.03092216514050959
14,3.0,-0.04908583499491214
15,3.0,0.4674766659736632
16,3.0,0.1432768534868955
17,3.0,-0.019189261831343174
18,3.0,-0.020997731247916814
19,3.0,-0.03748090844601392
20,6.0,0.5451665837317704
21,6.0,0.5321262050420045
22,6.0,0.46659864392131556
23,6.0,0.4561216572110424
24,6.0,0.46528790181037033
25,6.0,0.47180487110017555
26,6.0,0.287716572638601
27,6.0,0.16715498920530075
28,6.0,0.15670122019946572
29,6.0,0.5617706142365931
0,6.0,0.5755321253091096
1,6.0,0.45632293820381153
2,6.0,0.26073463261127466
3,6.0,0.5521154990419744
4,6.0,0.41337420791387547
5,6.0,0.30045697838068003
6,6.0,0.5054097268730401
7,6.0,0.3866890668869018
8,6.0,0.30869872123003
9,6.0,0.5332016814500092
10,3.0,0.09992615133523938
11,3.0,0.0030027851462364097
12,3.0,0.6880804467946289
13,3.0,-0.0025574285537004744
14,3.0,0.525473803281784
15,3.0,0.01269687339663505
16,3.0,-0.11153054609894754
17,3.0,-0.07588273659348489
18,3.0,-0.08037954196333885
19,3.0,-0.08632571250200272
20,6.0,0.39912038296461094
21,6.0,0.5033336472697555
22,6.0,0.4453685567714273
23,6.0,0.4097456373274325
24,6.0,0.30002677440643305
25,6.0,0.26658119261264795
26,6.0,0.27477617561817164
27,6.0,0.49830266460776323
28,6.0,0.3597466051578521
29,6.0,0.27046057581901545
0,6.0,0.5127521576359867
1,6.0,0.37750906869769085
2,6.0,0.5109226070344447
3,6.0,0.47942494228482235
4,6.0,0.399486469104886
5,6.0,0.43193613737821573
6,6.0,0.3034674655646085
7,6.0,0.3090254664421081
8,6.0,0.2649118155241012
9,6.0,0.24751748517155645
10,3.0,0.4260234143584966
11,3.0,0.33156472165137524
12,3.0,0.22793345432728526
13,3.0,0.19009255571290848
14,3.0,0.2988396282307803
15,3.0,0.1956647410988807
16,3.0,0.11933592404238876
17,3.0,0.33504036255180825
18,3.0,0.2454165313392877
19,3.0,0.15510609270131678
20,6.0,0.39904829487204546
21,6.0,0.32888357713818545
22,6.0,0.2750549558550119
23,6.0,0.4513215534389018
24,6.0,0.3850106010213493
25,6.0,0.3872102824971079
26,6.0,0.3984168833121657
27,6.0,0.4247026029042899
28,6.0,0.27830138802528376
29,6.0,0.27770122140645975
0,6.0,0.610207738354802
1,6.0,0.4040063568390905
2,6.0,0.6002798518165945
3,6.0,0.5152210942469536
4,6.0,0.5047128403093665
5,6.0,0.5161499576643108
6,6.0,0.3531180645804851
7,6.0,0.5806151870638131
8,6.0,0.32218194939196104
9,6.0,0.5571720749139785
10,3.0,0.3111836798489093
11,3.0,0.19597496651113028
12,3.0,0.16350014135241506
13,3.0,0.49036298226565117
14,3.0,0.3615562692284584
15,3.0,0.29785468056797976
16,3.0,0.3027857840061187
17,3.0,0.2795797092840075
18,3.0,0.37797201285138715
19,3.0,0.13412392139434812
20,6.0,0.3715239223092794
21,6.0,0.6427642870694398
22,6.0,0.41880124807357777
23,6.0,0.3751117028295993
24,6.0,0.17804854735732076
25,6.0,0.14513366296887395
26,6.0,0.12532600760459897
27,6.0,0.5911649707704781
28,6.0,0.4492274457588791
29,6.0,0.4895744696259498
0,6.0,0.5894356789067388
1,6.0,0.46800245996564616
2,6.0,0.48851346317678684
3,6.0,0.417760107666254
4,6.0,0.36849218118004495
5,6.0,0.4544136782060377
6,6.0,0.328870128840208
7,6.0,0.2753601484000682
8,6.0,0.48732276237569744
9,6.0,0.39010893180966366
10,3.0,0.5495135523378848
11,3.0,0.6081956010311841
12,3.0,0.6188282147049903
13,3.0,0.15417221188545221
14,3.0,0.06577109405770896
15,3.0,0.06986768450587985
16,3.0,0.5214214511215687
17,3.0,0.0667707030661404
18,3.0,-0.005145390052348385
19,3.0,0.011512929457239791
20,6.0,0.5733866505324839
21,6.0,0.4058779273182153
22,6.0,0.42207949236035336
23,6.0,0.46150142699480046
24,6.0,0.3785932585597037
25,6.0,0.3660630695521831
26,6.0,0.5119163561612367
27,6.0,0.46512541663832957
28,6.0,0.4962524063885211
29,6.0,0.527807930484414
0,6.0,0.5867330618202685
1,6.0,0.5322205945849418
2,6.0,0.4738181419670581
3,6.0,0.5425020150141789
4,6.0,0.40018969029188145
5,6.0,0.5457555530592798
6,6.0,0.41250851005315775
7,6.0,0.24325389415025706
8,6.0,0.2449218481779098
9,6.0,0.2456947937607765
10,3.0,0.1329732090234756
11,3.0,0.5947435097768902
12,3.0,0.3800997547805309
13,3.0,0.1791012734174728
14,3.0,0.17954833805561063
15,3.0,0.3963706861250102
16,3.0,0.24994378164410586
17,3.0,0.20427135680802164
18,3.0,0.41131144831888367
19,3.0,0.33114297641441215
20,6.0,0.5319397449493407
21,6.0,0.4265162618830799
22,6.0,0.256432183086872
23,6.0,0.6206811619922518
24,6.0,0.3308631312102079
25,6.0,0.5960936150513588
26,6.0,0.38498751912266005
27,6.0,0.5927918335655703
28,6.0,0.38111110031604756
29,6.0,0.2089469097554683
0,6.0,0.7122907899320124
1,6.0,0.5024041924625634
2,6.0,0.45516304299235333
3,6.0,0.4866534247994421
4,6.0,0.30987585429102177
5,6.0,0.5227034706622361
6,6.0,0.3602908961474895
7,6.0,0.5029956102371215
8,6.0,0.3152305968105793
9,6.0,0.5248312144540249
10,3.0,0.4721752116456627
11,3.0,0.26309470087289805
12,3.0,0.40975922020152206
13,3.0,0.2905414048582315
14,3.0,0.23155834525823588
15,3.0,0.3808785178698598
16,3.0,0.2747134659439325
17,3.0,0.3021219028159975
18,3.0,0.399576224386692
19,3.0,0.28136602044105524
20,6.0,0.5318416892550885
21,6.0,0.38785539451055223
22,6.0,0.48823006544262165
23,6.0,0.4087122809141874
24,6.0,0.2828663736581802
25,6.0,0.26509415544569487
26,6.0,0.49304948374629015
27,6.0,0.38785618916153897
28,6.0,0.3257615827023983
29,6.0,0.46124602481722826
0,6.0,0.5181432105600833
1,6.0,0.3251613106112926
2,6.0,0.49628648534417147
3,6.0,0.40726131573319424
4,6.0,0.42636503279209126
5,6.0,0.28272349422331894
6,6.0,0.5133405309170483
7,6.0,0.42506118863821024
8,6.0,0.3063988662324845
9,6.0,0.5401931693777442
10,3.0,0.21212888509035108
11,3.0,0.2698048837482929
12,3.0,0.1837933529168367
13,3.0,0.22394871339201924
14,3.0,0.2039886154234409
15,3.0,0.18676003813743589
16,3.0,0.23293853551149366
17,3.0,0.20625728275626892
18,3.0,0.22926110494881863
19,3.0,0.2286407500505447
20,6.0,0.4378329440951346
21,6.0,0.4518318772315978
22,6.0,0.4605198837816714
23,6.0,0.29871068801730866
24,6.0,0.5156726483255624
25,6.0,0.44995382055640215
26,6.0,0.4662770200520753
27,6.0,0.35158659517765034
28,6.0,0.48031242471188296
29,6.0,0.30195201560854906
0,6.0,0.6308909431099892
1,6.0,0.456626996397972
2,6.0,0.5990930423140525
3,6.0,0.3493058402091264
4,6.0,0.2478905841708183
5,6.0,0.24376191757619378
6,6.0,0.5695599131286143
7,6.0,0.3864122852683067
8,6.0,0.3373365253210067
9,6.0,0.3749752696603536
10,3.0,0.5089856684207915
11,3.0,0.3662172574549913
12,3.0,0.08615549467504022
13,3.0,0.4710711501538753
14,3.0,0.274227887392044
15,3.0,0.29637315124273295
16,3.0,0.3040609806776046
17,3.0,0.30447653681039805
18,3.0,0.3185256272554397
19,3.0,0.30184888094663614
20,6.0,0.5303169898688792
21,6.0,0.4792350940406322
22,6.0,0.37522142380475987
23,6.0,0.3288582125678658
24,6.0,0.21338322386145586
25,6.0,0.42293312028050406
26,6.0,0.34502263367176045
27,6.0,0.37480628502089525
28,6.0,0.39732454717159266
29,6.0,0.3596938401460647
0,6.0,0.6630045976489782
1,6.0,0.5669480982469394
2,6.0,0.561390748247504
3,6.0,0.5731061585247516
4,6.0,0.5157496817409991
5,6.0,0.48376845242455596
6,6.0,0.40848133061081165
7,6.0,0.3826583484187721
8,6.0,0.5153323803097009
9,6.0,0.49203227180987585
10,3.0,0.45170677453279484
11,3.0,0.3092682175338268
12,3.0,0.17774815857410425
13,3.0,0.5051063857972621
14,3.0,0.30899612512439484
15,3.0,0.23879143036901948
16,3.0,0.3591616712510585
17,3.0,0.22925226576626298
18,3.0,0.13843329623341558
19,3.0,0.11767414212226866
20,6.0,0.39442264288663853
21,6.0,0.4074631221592426
22,6.0,0.40120380651205767
23,6.0,0.5048882756382226
24,6.0,0.4382452592253684
25,6.0,0.3801327142864465
26,6.0,0.39538790658116335
27,6.0,0.5220450721681117
28,6.0,0.32929866481572384
29,6.0,0.5241516642272471
0,6.0,0.4314158326014875
1,6.0,0.47226475365459913
2,6.0,0.3860719667281955
3,6.0,0.5166741721332072
4,6.0,0.35884733016428066
5,6.0,0.3795010058674961
6,6.0,0.2616546750068664
7,6.0,0.2647269926965236
8,6.0,0.3629314322024583
9,6.0,0.399890205822885
10,3.0,0.497439932078123
11,3.0,0.32648296654224396
12,3.0,0.37693062797188753
13,3.0,0.20963395759463305
14,3.0,0.15024773590266702
15,3.0,0.1520393397659063
16,3.0,0.13321078382432458
17,3.0,0.3652902438770979
18,3.0,0.24090997036546466
19,3.0,0.2920181239023804
20,6.0,0.5624430826283059
21,6.0,0.40786935202777375
22,6.0,0.2825569845736026
23,6.0,0.28074427321553225
24,6.0,0.2844103910028934
25,6.0,0.25816620793193573
26,6.0,0.3921723233070224
27,6.0,0.25497379899024963
28,6.0,0.3013461492955684
29,6.0,0.26251315698027605
0,6.0,0.6530724987387657
1,6.0,0.472987638786435
2,6.0,0.39021953567862505
3,6.0,0.5403889026492833
4,6.0,0.42855204315856094
5,6.0,0.30641587078571314
6,6.0,0.38435818348079914
7,6.0,0.27035227138549084
8,6.0,0.26313353143632406
9,6.0,0.22797787748277182
10,3.0,0.3136367989936843
11,3.0,0.21494502760469908
12,3.0,0.08202110603451727
13,3.0,0.07633546367287634
14,3.0,0.07292743027210234
15,3.0,0.38678568042814726
16,3.0,0.27218206948600704
17,3.0,0.2094249380752444
18,3.0,0.21914233360439536
19,3.0,0.2277300795540213
20,6.0,0.40327232144772995
21,6.0,0.5022937220055609
22,6.0,0.4620248042047023
23,6.0,0.450679357163608
24,6.0,0.35279397061094636
25,6.0,0.2391194328665733
26,6.0,0.48992549441754807
27,6.0,0.3358000239823013
28,6.0,0.24105729907751078
29,6.0,0.4914659298956393
0,6.0,0.603267099475488
1,6.0,0.4516304228454827
2,6.0,0.364578160457313
3,6.0,0.27723908796906466
4,6.0,0.5694166645407676
5,6.0,0.32865554431919003
6,6.0,0.27234748192131514
7,6.0,0.2566363606601953
8,6.0,0.2732267770916223
9,6.0,0.23179179616272444
10,3.0,0.4993941634893416
11,3.0,0.33130725822411466
12,3.0,0.28082225954858575
13,3.0,0.43673930224031204
14,3.0,0.4102140921168029
15,3.0,0.2638628296554088
16,3.0,0.46824533212929953
17,3.0,0.13282274315133688
18,3.0,0.43203123356215645
19,3.0,0.319206500891596
20,6.0,0.2609457494691014
21,6.0,0.4176793862134217
22,6.0,0.3724657702259719
23,6.0,0.30164854601025576
24,6.0,0.247435163706541
25,6.0,0.41740255150943983
26,6.0,0.38042923342436546
27,6.0,0.33888791687786574
28,6.0,0.2280736835673451
29,6.0,0.41598357725888485
0,6.0,0.6065237540751693
1,6.0,0.5583869386464356
2,6.0,0.5425916323438286
3,6.0,0.5111650289036332
4,6.0,0.4440577840432524
5,6.0,0.38282732549123455
6,6.0,0.4772421997040509
7,6.0,0.42663814220577473
8,6.0,0.321179456077516
9,6.0,0.3096264265477657
10,3.0,0.6260555256158111
11,3.0,0.4956191843375563
12,3.0,0.3770423904061317
13,3.0,0.3091500350274145
14,3.0,0.14812639635056254
15,3.0,0.11892486456781623
16,3.0,0.10822281707078217
17,3.0,0.1253183023072779
18,3.0,0.4509781431406735
19,3.0,0.154771807603538
20,6.0,0.44520440883934487
21,6.0,0.4435295504517852
22,6.0,0.35250862687826146
23,6.0,0.3332843221724032
24,6.0,0.31398286484181875
25,6.0,0.43439762224443246
26,6.0,0.4238866737578063
27,6.0,0.42515019886195654
28,6.0,0.43230134993791575
29,6.0,0.3759894426912069
0,6.0,0.6456892322748898
1,6.0,0.42433962412178505
2,6.0,0.4251501075923442
3,6.0,0.37579835206270207
4,6.0,0.37246754392981524
5,6.0,0.485268548130989
6,6.0,0.26360601466149086
7,6.0,0.20753238722681994
8,6.0,0.1844365149736404
9,6.0,0.21018870174884788
10,3.0,0.49808407947421063
11,3.0,0.3590540066361427
12,3.0,0.46931726299226273
13,3.0,0.1954750097356736
14,3.0,0.48200384713709343
15,3.0,0.2532537090592086
16,3.0,0.32003769942093635
17,3.0,0.2795040318742394
18,3.0,0.20242191292345518
19,3.0,0.18568781204521653
20,6.0,0.37146693654358376
21,6.0,0.29468958824872965
22,6.0,0.5628483975306152
23,6.0,0.34243058972060675
24,6.0,0.43897301610559214
25,6.0,0.3099897094070911
26,6.0,0.5433704294264315
27,6.0,0.3500767312943935
28,6.0,0.23330466821789736
29,6.0,0.19466462731361386
0,6.0,0.37928847596049303
1,6.0,0.3822229877114295
2,6.0,0.3254872784018516
3,6.0,0.34946674108505243
4,6.0,0.5083275819197296
5,6.0,0.40793719887733454
6,6.0,0.45535580255091185
7,6.0,0.4131954107433557
8,6.0,0.4127300139516591
9,6.0,0.339546363800764
10,3.0,0.59624236356467
11,3.0,0.42250948585569853
12,3.0,0.3932185755111277
13,3.0,0.24491427838802332
14,3.0,0.522872739646118
15,3.0,0.33563574776053423
16,3.0,0.2815039753913879
17,3.0,0.39297886937856663
18,3.0,0.2503632325679063
19,3.0,0.5034317210083826
20,6.0,0.4214670285582542
21,6.0,0.4184548016637563
22,6.0,0.3871026095002889
23,6.0,0.42997040937189007
24,6.0,0.3366278414614498
25,6.0,0.32756724860519165
26,6.0,0.41323100076988334
27,6.0,0.3349107857793569
28,6.0,0.3386915754526853
29,6.0,0.4242645660415292
0,6.0,0.622688453644514
1,6.0,0.4181494656950235
2,6.0,0.5620369240641593
3,6.0,0.3166329972445964
4,6.0,0.2721982300281524
5,6.0,0.28385728225111956
6,6.0,0.4433455425314604
7,6.0,0.2915267394855618
8,6.0,0.4393877740949392
9,6.0,0.3916501430794596
10,3.0,0.5813997574150561
11,3.0,0.23810933344066137
12,3.0,0.08911861293017863
13,3.0,0.11305150017142294
14,3.0,0.45221900031901885
15,3.0,0.17340836534276602
16,3.0,0.07533556967973706
17,3.0,0.31448693387210364
18,3.0,0.07605599192902444
19,3.0,0.23712200322188434
20,6.0,0.5467114262282847
21,6.0,0.33279311098158354
22,6.0,0.5397487324662507
23,6.0,0.4681930243968963
24,6.0,0.3427136177197098
25,6.0,0.5088008893653749
26,6.0,0.2938414998352527
27,6.0,0.5211732452735304
28,6.0,0.29332502372562874
29,6.0,0.19184392318129534
0,6.0,0.6556694135069847
1,6.0,0.7094805315136908
2,6.0,0.41775279492139805
3,6.0,0.5980484578758477
4,6.0,0.35236359573900694
5,6.0,0.6151667283847927
6,6.0,0.23954961635172364
7,6.0,0.5908108092844485
8,6.0,0.30435037892311806
9,6.0,0.23268172144889826
10,3.0,0.7043613120913503
11,3.0,0.36289575695991505
12,3.0,0.36602332442998875
13,3.0,0.27317060856148595
14,3.0,0.1744869998656213
15,3.0,0.16773690190166232
16,3.0,0.3345963396131992
17,3.0,0.20682250801473853
18,3.0,0.13844295032322404
19,3.0,0.29779021162539715
20,6.0,0.5088307615369558
21,6.0,0.5482648536562919
22,6.0,0.3976129791699349
23,6.0,0.35082805273123085
24,6.0,0.34025890473276366
25,6.0,0.3126878505572676
26,6.0,0.3244868870824575
27,6.0,0.4647695813328027
28,6.0,0.362539080902934
29,6.0,0.35008482914417977
0,6.0,0.39815732138231386
1,6.0,0.527751036453992
2,6.0,0.4178751073777675
3,6.0,0.41182511299848545
4,6.0,0.5511084632016717
5,6.0,0.3890550583600997
6,6.0,0.4763704566285013
7,6.0,0.3981026634573936
8,6.0,0.37656172923743714
9,6.0,0.48392184916883696
10,3.0,0.48337008059024805
11,3.0,0.35063858609646553
12,3.0,0.17554506799206135
13,3.0,0.18761392706073815
14,3.0,0.14988534781150514
15,3.0,0.49208824452944094
16,3.0,0.2844390645623207
17,3.0,0.2694193571805954
18,3.0,0.2589155028108507
19,3.0,0.11403549020178615
20,6.0,0.38139666947245127
21,6.0,0.34921859670430416
22,6.0,0.37577758170664305
23,6.0,0.48719165660440916
24,6.0,0.3748313300311565
25,6.0,0.32028985768556584
26,6.0,0.3229377977550029
27,6.0,0.3399656377732753
28,6.0,0.40552952419966454
29,6.0,0.4523910358548164
0,6.0,0.46841537579894055
1,6.0,0.4934178544208407
2,6.0,0.35227793804369856
3,6.0,0.4445847645401954
4,6.0,0.37059076409786934
5,6.0,0.45920382160693396
6,6.0,0.31623338721692557
7,6.0,0.29800301883369673
8,6.0,0.4748409995809197
9,6.0,0.4227719502523541
10,3.0,0.4701335430145263
11,3.0,0.3917859140783547
12,3.0,0.3352119456976651
13,3.0,0.368215238675475
14,3.0,0.24765121750533575
15,3.0,0.2541232788935303
16,3.0,0.3799116807058453
17,3.0,0.17285495065152642
18,3.0,0.08034687489271161
19,3.0,0.29365914780646557
20,6.0,0.4101383564993738
21,6.0,0.44516538013704116
22,6.0,0.4528161427006125
23,6.0,0.3305976949632168
24,6.0,0.4356211316771805
25,6.0,0.4160265387035905
26,6.0,0.4048585938289761
27,6.0,0.3160009861458092
28,6.0,0.46084920503199095
29,6.0,0.4260670784860849
0,6.0,0.5555525217205285
1,6.0,0.4962069112807511
2,6.0,0.5453674402087926
3,6.0,0.41741442680358876
4,6.0,0.5404580743052064
5,6.0,0.46998243313282717
6,6.0,0.5454239733517169
7,6.0,0.44752336572855705
8,6.0,0.4571101392502896
9,6.0,0.4168841801583765
10,3.0,0.42426538094878186
11,3.0,0.4485361389815807
12,3.0,0.34910289943218226
13,3.0,0.21936423168517644
14,3.0,0.4120131507515906
15,3.0,0.2929753437638282
16,3.0,0.27014367282390594
17,3.0,0.2679006159305572
18,3.0,0.22119162231683726
19,3.0,0.16933645633980626
20,6.0,0.4498601695522665
21,6.0,0.5532195698469876
22,6.0,0.48696345463395113
23,6.0,0.4461897651199251
24,6.0,0.4108531007659621
25,6.0,0.3546851044520735
26,6.0,0.34756510425359005
27,6.0,0.3440389018505811
28,6.0,0.5008031192701309
29,6.0,0.3604133576154708
0,6.0,0.5512770935893058
1,6.0,0.42140298336744303
2,6.0,0.43012521415948857
3,6.0,0.44591022282838816
4,6.0,0.35453318804502487
5,6.0,0.3687317585572599
6,6.0,0.35002546571195114
7,6.0,0.4219144075177609
8,6.0,0.4262638958171009
9,6.0,0.3330077929422258
10,3.0,0.4248805604875087
11,3.0,0.40476674144156266
12,3.0,0.21325581893324846
13,3.0,0.296056255698204
14,3.0,0.4241844383068382
15,3.0,0.277411725372076
16,3.0,0.2143715545535087
17,3.0,0.2145457789301872
18,3.0,0.19991350173950193
19,3.0,0.3610094524919986
20,6.0,0.39185831695795054
21,6.0,0.47504380252212275
22,6.0,0.3692368525080382
23,6.0,0.47123202588409174
24,6.0,0.36071424046531314
25,6.0,0.3452337114140391
26,6.0,0.33513702359050507
27,6.0,0.4125863631415995
28,6.0,0.42377651575952757
29,6.0,0.3998722871765494
0,6.0,0.6317877434194087
1,6.0,0.33008585497736925
2,6.0,0.20565962046384806
3,6.0,0.5050350872916168
4,6.0,0.4062563013285398
5,6.0,0.37776343151926983
6,6.0,0.3362792653497308
7,6.0,0.4512970929499715
8,6.0,0.43123710900545115
9,6.0,0.37984248436987395
10,3.0,0.44543980062007893
11,3.0,0.5037421057932078
12,3.0,0.33859473466873163
13,3.0,0.4242553627118467
14,3.0,0.21158109046518797
15,3.0,0.29695737268775696
16,3.0,0.22854337003082034
17,3.0,0.16406232304871077
18,3.0,0.13928693905472753
19,3.0,0.33259931078646326
20,6.0,0.4484768435359
21,6.0,0.3704494051635264
22,6.0,0.4591529872268438
23,6.0,0.35721717029809946
24,6.0,0.48197167506441463
25,6.0,0.3832676447927951
26,6.0,0.3158474825322628
27,6.0,0.4679906908422708
28,6.0,0.3936542347073554
29,6.0,0.4175587221980094
0,6.0,0.6413853242993354
1,6.0,0.5069536315277218
2,6.0,0.5489855194464325
3,6.0,0.4373387480154633
4,6.0,0.5278805956477298
5,6.0,0.43304515443742264
6,6.0,0.38717009592801327
7,6.0,0.5559675786644219
8,6.0,0.4802037505432963
9,6.0,0.43307845480740065
10,3.0,0.31698503484949464
11,3.0,0.2732880683615803
12,3.0,0.19714808277785775
13,3.0,0.4684696830809116
14,3.0,0.41599975991994137
15,3.0,0.2465671151876449
16,3.0,0.06343088834546505
17,3.0,0.10617827810347079
18,3.0,0.103794421069324
19,3.0,0.08667877456173298
20,6.0,0.41639409214258183
21,6.0,0.5286725163459777
22,6.0,0.39703542203642417
23,6.0,0.42482474679127324
24,6.0,0.4320414829999208
25,6.0,0.46976845944300283
26,6.0,0.34823331795632834
27,6.0,0.5745896166481542
28,6.0,0.4438995160162448
29,6.0,0.3362478129565715
0,6.0,0.7123310044407842
1,6.0,0.4353473205119371
2,6.0,0.5400897711515426
3,6.0,0.498820312321186
4,6.0,0.36096054047811765
5,6.0,0.5281081199645995
6,6.0,0.39725416153669346
7,6.0,0.4012812376022339
8,6.0,0.35807935777120287
9,6.0,0.2674754329491406
10,3.0,0.6705699309241026
11,3.0,0.19828314520418638
12,3.0,-0.009220888838171968
13,3.0,0.4915305376052856
14,3.0,0.323070827871561
15,3.0,0.3489627838134765
16,3.0,0.3609494529664516
17,3.0,0.37539706379175175
18,3.0,0.3719948045909404
19,3.0,0.37324769794940943
20,6.0,0.5207328042015432
21,6.0,0.42846086062490935
22,6.0,0.5399121679365634
23,6.0,0.3804174661636352
24,6.0,0.3831666260957717
25,6.0,0.46361620211973775
26,6.0,0.3038410693407058
27,6.0,0.5923605784773825
28,6.0,0.40191916294861574
29,6.0,0.27932061655155843
0,6.0,0.5057757571339606
1,6.0,0.48636783659458155
2,6.0,0.45304151624441136
3,6.0,0.40009111911058415
4,6.0,0.3651783466339111
5,6.0,0.3835134953260421
6,6.0,0.38584319502115244
7,6.0,0.39774404466152186
8,6.0,0.3944304008036851
9,6.0,0.31042916234582657
10,3.0,0.5031140669161686
11,3.0,0.29689676314592356
12,3.0,0.09321207553148267
13,3.0,0.3298121280968189
14,3.0,0.3318287767469883
15,3.0,0.2327411174774169
16,3.0,0.46994541585445393
17,3.0,0.29452900588512415
18,3.0,0.23196250945329663
19,3.0,0.4163046181201934
20,6.0,0.506777413189411
21,6.0,0.3847722362261265
22,6.0,0.47046105191111554
23,6.0,0.3755439380183815
24,6.0,0.25011887867003674
25,6.0,0.48933763056993473
26,6.0,0.3604607116430997
27,6.0,0.3082824482698925
28,6.0,0.5130002610385417
29,6.0,0.37543191760778416
0,6.0,0.5423385314643382
1,6.0,0.43670674785971636
2,6.0,0.4862974174320697
3,6.0,0.4058972150087356
4,6.0,0.3764000535011291
5,6.0,0.3158780857920646
6,6.0,0.47226264514029015
7,6.0,0.376069484045729
8,6.0,0.40256418101489533
9,6.0,0.3979185447096824
10,3.0,0.5306344926357268
11,3.0,0.41353977471590037
12,3.0,0.36763334516945173
13,3.0,0.08077177498489614
14,3.0,0.522363006370142
15,3.0,0.4496780596673488
16,3.0,0.08343272656202312
17,3.0,0.5080466433428227
18,3.0,0.4909727796912192
19,3.0,0.46820419281721104
20,6.0,0.2265869323164224
21,6.0,0.4568781964480876
22,6.0,0.429714523255825
23,6.0,0.4012938532978296
24,6.0,0.4137196391820907
25,6.0,0.34065703302621836
26,6.0,0.35721499472856516
27,6.0,0.3353121280670165
28,6.0,0.40949078695848573
29,6.0,0.38854636624455446
0,6.0,0.5700197964906691
1,6.0,0.3671577181667089
2,6.0,0.29007284902036184
3,6.0,0.2988540002043009
4,6.0,0.2624710844829678
5,6.0,0.25558349490165705
6,6.0,0.2479909779503941
7,6.0,0.2816920122131705
8,6.0,0.26093937922269095
9,6.0,0.5475942939519881
10,3.0,0.5409931242465972
11,3.0,0.35704945866018534
12,3.0,0.4651440121233462
13,3.0,0.30117770284414286
14,3.0,0.44596071448177094
15,3.0,0.4344077240675687
16,3.0,0.29612316191196436
17,3.0,0.16420558094978327
18,3.0,0.11332032084465024
19,3.0,0.11584292352199552
20,6.0,0.5149613767862319
21,6.0,0.46237417543306936
22,6.0,0.4237866988405584
23,6.0,0.4623486101627349
24,6.0,0.33912580460309977
25,6.0,0.43203877843916405
26,6.0,0.35385009646415705
27,6.0,0.39448881894350046
28,6.0,0.3361764550209045
29,6.0,0.30530609190464014
0,6.0,0.5466750655323266
1,6.0,0.5155104528093942
2,6.0,0.4850093955174088
3,6.0,0.4999003414995968
4,6.0,0.377386387437582
5,6.0,0.4642321055289357
6,6.0,0.3459044825285672
7,6.0,0.508902265690267
8,6.0,0.3766160979866981
9,6.0,0.30206441506743426
10,3.0,0.518725789617747
11,3.0,0.38636315613985056
12,3.0,0.23440568894147867
13,3.0,0.2161104306578636
14,3.0,0.5355534777045249
15,3.0,0.34345066454261536
16,3.0,0.27163477987051005
17,3.0,0.4290785677731036
18,3.0,0.321998044848442
19,3.0,0.3704311549663543
20,6.0,0.3932095430791377
21,6.0,0.3327361233532428
22,6.0,0.5698267705738543
23,6.0,0.35211288556456566
24,6.0,0.2815683558583259
25,6.0,0.22613517194986338
26,6.0,0.22500638663768763
27,6.0,0.562144687399268
28,6.0,0.3201474696397781
29,6.0,0.4969659373164176
0,6.0,0.3683638311922549
1,6.0,0.5907299937680363
2,6.0,0.3947080527432262
3,6.0,0.5640296331257558
4,6.0,0.5360147771425544
5,6.0,0.3563287490978836
6,6.0,0.2629665024578571
7,6.0,0.6069794166833161
8,6.0,0.5454132594168185
9,6.0,0.29578807111829514
10,3.0,0.7926727831363677
11,3.0,0.5798690058290957
12,3.0,0.046279309317469555
13,3.0,0.5245325174182652
14,3.0,0.03578094765543935
15,3.0,0.49297239817678923
16,3.0,0.4560934416949749
17,3.0,0.03555431216955183
18,3.0,0.5474384361878036
19,3.0,0.021043143351562304
20,6.0,0.4026924259960651
21,6.0,0.267998089082539
22,6.0,0.28303333744406695
23,6.0,0.2561841998249292
24,6.0,0.5969353541731833
25,6.0,0.2785636875778436
26,6.0,0.6703934781253337
27,6.0,0.28342904150485987
28,6.0,0.16379727236926553
29,6.0,0.642528112977743
0,6.0,0.599153073504567
1,6.0,0.36994841438718135
2,6.0,0.5949978893622755
3,6.0,0.4840852878987788
4,6.0,0.4699816433712839
5,6.0,0.5001312950626015
6,6.0,0.3636711630970239
7,6.0,0.24402555823326108
8,6.0,0.21018363162875173
9,6.0,0.6344253290444611
10,3.0,0.4426116859540342
11,3.0,0.7885949239134787
12,3.0,0.27722417842596764
13,3.0,0.40845623426139344
14,3.0,0.3379639722406863
15,3.0,0.09364779852330682
16,3.0,0.3961731735616921
17,3.0,-0.005588040221482521
18,3.0,-0.08428135514259337
19,3.0,-0.08826174680143593
20,6.0,0.2708709072321653
21,6.0,0.3226549923419952
22,6.0,0.5893746912479401
23,6.0,0.4253592081367969
24,6.0,0.2932342044077813
25,6.0,0.26087736338376993
26,6.0,0.5599846262484788
27,6.0,0.3707078956067561
28,6.0,0.24950526002794501
29,6.0,0.21681128907948727
0,6.0,0.5166923701763152
1,6.0,0.4669204279780387
2,6.0,0.4676028918474912
3,6.0,0.4471834544092416
4,6.0,0.34338446706533426
5,6.0,0.3322687931358813
6,6.0,0.4728808905929326
7,6.0,0.3094997778534889
8,6.0,0.31613840907812113
9,6.0,0.5441558780148625
10,3.0,0.6378684081137179
11,3.0,0.5352134779095649
12,3.0,0.5095180422067641
13,3.0,0.16427528485655782
14,3.0,0.485068617388606
15,3.0,0.4543265402317046
16,3.0,0.3762830216437577
17,3.0,0.18267015274614093
18,3.0,0.3330403859727084
19,3.0,0.2424677399685606
20,6.0,0.43474942632019514
21,6.0,0.40589720942080015
22,6.0,0.3871516119688748
23,6.0,0.37221575528383244
24,6.0,0.44452650751918543
25,6.0,0.36580580659210676
26,6.0,0.30879016593098635
27,6.0,0.2802898548543453
28,6.0,0.4824818717315792
29,6.0,0.3156950250267982
0,6.0,0.7120803743600844
1,6.0,0.6268091034144162
2,6.0,0.5791275840019806
3,6.0,0.5583096460904925
4,6.0,0.3954651355743407
5,6.0,0.2843183763325214
6,6.0,0.28229159303009504
7,6.0,0.27135352045297617
8,6.0,0.3020475078374147
9,6.0,0.26434297487139696
10,3.0,0.3597916662693023
11,3.0,0.3038730546832084
12,3.0,0.49899725358409336
13,3.0,0.2769578676670789
14,3.0,0.3851301432587206
15,3.0,0.25351855717599386
16,3.0,0.398391555994749
17,3.0,0.2731917984783649
18,3.0,0.2758654728531837
19,3.0,0.25362660363316536
20,6.0,0.5929185831919311
21,6.0,0.5651743281632661
22,6.0,0.5245200591161846
23,6.0,0.36766819329932326
24,6.0,0.56769036129117
25,6.0,0.4995085899718105
26,6.0,0.4897930556908249
27,6.0,0.37368514062836755
28,6.0,0.23931900906609366
29,6.0,0.24508991651237008
0,6.0,0.6293473578989504
1,6.0,0.549650739878416
2,6.0,0.5044789984822272
3,6.0,0.5710398666560649
4,6.0,0.4506819415837526
5,6.0,0.5346917514689266
6,6.0,0.3542718291282653
7,6.0,0.3541167229413985
8,6.0,0.3077531270682811
9,6.0,0.28203483670949936
10,3.0,0.7351190866902468
11,3.0,0.48091332660987973
12,3.0,0.5226196898147464
13,3.0,0.47589755244553084
14,3.0,0.2360494658350944
15,3.0,0.1285436153411865
16,3.0,0.09365624189376828
17,3.0,0.13594011962413785
18,3.0,0.6071268208324908
19,3.0,0.11299400776624677
20,6.0,0.2741815969347953
21,6.0,0.286963902413845
22,6.0,0.6238222626270725
23,6.0,0.5302802361547946
24,6.0,0.3509405683726072
25,6.0,0.2749582156538963
26,6.0,0.21770536154508585
27,6.0,0.19292648881673807
28,6.0,0.188318558037281
29,6.0,0.684316899627447
0,6.0,0.702681891620159
1,6.0,0.49257622659206385
2,6.0,0.4482525289058684
3,6.0,0.4794444143772124
4,6.0,0.4699530787765979
5,6.0,0.561017982661724
6,6.0,0.41872324422001833
7,6.0,0.49870940297842015
8,6.0,0.37088872119784344
9,6.0,0.5167066305875777
10,3.0,0.5094102919101714
11,3.0,0.47046802937984455
12,3.0,0.3715237826108932
13,3.0,0.29648381844162935
14,3.0,0.21930476650595662
15,3.0,0.12314506620168683
16,3.0,0.3455219715833664
17,3.0,0.320344366133213
18,3.0,0.11567380279302594
19,3.0,0.3727348148822784
20,6.0,0.14719894900918004
21,6.0,0.5191330909729003
22,6.0,0.30466496944427485
23,6.0,0.47606150060892094
24,6.0,0.2574832774698734
25,6.0,0.4834994673728942
26,6.0,0.30132597312331194
27,6.0,0.24010617658495897
28,6.0,0.5039428323507308
29,6.0,0.40630002319812764
0,6.0,0.622074469923973
1,6.0,0.5429142308421432
2,6.0,0.38515457883477205
3,6.0,0.3805943876504897
4,6.0,0.24724388495087618
5,6.0,0.22540433332324025
6,6.0,0.21435487736016506
7,6.0,0.19533613324165341
8,6.0,0.47811353020369995
9,6.0,0.3724211957305669
10,3.0,0.37051700800657267
11,3.0,0.3005885640159249
12,3.0,0.23727574665099374
13,3.0,0.48156306892633427
14,3.0,0.11086266930215058
15,3.0,0.010579152032732953
16,3.0,0.46093311364529643
17,3.0,0.2992997001856565
18,3.0,0.287762077525258
19,3.0,0.1422424418851733
20,6.0,0.5162729374133049
21,6.0,0.3170162513852119
22,6.0,0.4851109889859799
23,6.0,0.38958251290023316
24,6.0,0.3816144224256276
25,6.0,0.4527012049220502
26,6.0,0.35674038529396046
27,6.0,0.26138677448034286
28,6.0,0.22078694403171534
29,6.0,0.4994991924613713
0,6.0,0.6076460457406937
1,6.0,0.44560102908872057
2,6.0,0.2829889208078384
3,6.0,0.23696949705481524
4,6.0,0.5244883019477128
5,6.0,0.4099068953873938
6,6.0,0.41681720595806826
7,6.0,0.31829512491822237
8,6.0,0.3277825806289911
9,6.0,0.29179876111447806
10,3.0,0.5900182873010634
11,3.0,0.36154624214395875
12,3.0,0.47722469922155136
13,3.0,0.3854111311957239
14,3.0,0.2983790691941976
15,3.0,0.2919872333295643
16,3.0,0.162126287817955
17,3.0,0.12491715699434276
18,3.0,0.41753134783357376
19,3.0,0.21410132572054857
20,6.0,0.41346492245793337
21,6.0,0.3638854082673787
22,6.0,0.4420973807573318
23,6.0,0.2990662399679422
24,6.0,0.24028648436069486
25,6.0,0.4651851225644349
26,6.0,0.362055295612663
27,6.0,0.2656312976032495
28,6.0,0.4587383978068828
29,6.0,0.3240082333795726
0,6.0,0.6145160906016826
1,6.0,0.4041593894362449
2,6.0,0.38082354143261904
3,6.0,0.38137471117079247
4,6.0,0.4055323414504527
5,6.0,0.276533480733633
6,6.0,0.4230086794123053
7,6.0,0.32125547155737877
8,6.0,0.32596792280673975
9,6.0,0.42424524948000897
10,3.0,0.4504513069987296
11,3.0,0.36969507252797473
12,3.0,0.3405276276171207
13,3.0,0.18269666004925963
14,3.0,0.25128191709518427
15,3.0,0.23110706917941568
16,3.0,0.18066202918998894
17,3.0,0.2193815037608146
18,3.0,0.18560234829783437
19,3.0,0.19616150483489034
20,6.0,0.41497145686298603
21,6.0,0.2535336492583155
22,6.0,0.5130288053769617
23,6.0,0.44266007840633387
24,6.0,0.40486593917012204
25,6.0,0.3741886410862207
26,6.0,0.40069188736379147
27,6.0,0.3982233479619026
28,6.0,0.4002470020204782
29,6.0,0.23972257971763605
0,6.0,0.5318141579627991
1,6.0,0.505319645628333
2,6.0,0.48468674626201386
3,6.0,0.4526284970343112
4,6.0,0.4425686616450547
5,6.0,0.47223200183361763
6,6.0,0.39231571927666653
7,6.0,0.4377727219834923
8,6.0,0.37802056223154057
9,6.0,0.4826155649498104
10,3.0,0.5175887420773505
11,3.0,0.5088774114847183
12,3.0,0.42115744762122626
13,3.0,0.21498229727149004
14,3.0,0.5117294937372208
15,3.0,0.45388974808156485
16,3.0,0.3680283511057496
17,3.0,0.3775426363572478
18,3.0,0.19893126562237737
19,3.0,0.496542903361842
20,6.0,0.5213577896356582
21,6.0,0.4750891961157321
22,6.0,0.3229172751307487
23,6.0,0.29344637691974634
24,6.0,0.2750039622187614
25,6.0,0.48289209790527815
26,6.0,0.35510554164648045
27,6.0,0.35355698503553856
28,6.0,0.2895615026354789
29,6.0,0.27872365713119496
0,6.0,0.5137552246451377
1,6.0,0.5363603830337523
2,6.0,0.3702272605150937
3,6.0,0.5248703248798846
4,6.0,0.4603461511433124
5,6.0,0.42570082470774645
6,6.0,0.3744818735867738
7,6.0,0.4735145345330237
8,6.0,0.387837266549468
9,6.0,0.32132119871675957
10,3.0,0.49189152568578715
11,3.0,0.47710363566875447
12,3.0,0.46532893553376187
13,3.0,0.2211963534355163
14,3.0,0.3224804028868674
15,3.0,0.2938105561770498
16,3.0,0.33306211140006775
17,3.0,0.3428516537533141
18,3.0,0.35701812198385585
19,3.0,0.11756905913352964
20,6.0,0.7160356305539608
21,6.0,0.3399034077301621
22,6.0,0.5552916023880242
23,6.0,0.31590876681730146
24,6.0,0.5166837019787635
25,6.0,0.42838327959179867
26,6.0,0.4321446875110268
27,6.0,0.42565592098981136
28,6.0,0.29379823338240374
29,6.0,0.5860355049371718
0,6.0,0.5623345114290713
1,6.0,0.5099325068295001
2,6.0,0.30625011119991535
3,6.0,0.4510822794400155
4,6.0,0.4672103789635002
5,6.0,0.336291056126356
6,6.0,0.4460272081196307
7,6.0,0.4134026070823892
8,6.0,0.29446073248982424
9,6.0,0.28528939560055727
10,3.0,0.44555016420781607
11,3.0,0.3014034181833266
12,3.0,0.19787867926061148
13,3.0,0.16593107953667638
14,3.0,0.4183003776706754
15,3.0,0.1628096159547567
16,3.0,0.1718468288891017
17,3.0,0.34898648969829077
18,3.0,0.24752913322299716
19,3.0,0.2664925137069076
20,6.0,0.469835087937099
21,6.0,0.4510387126356363
22,6.0,0.37644294463098044
23,6.0,0.35186607204377646
24,6.0,0.4998216573148965
25,6.0,0.3235612623393535
26,6.0,0.4957384765148161
27,6.0,0.3836092031560837
28,6.0,0.4420156441628932
29,6.0,0.42845565825700754
0,6.0,0.5072089317254721
1,6.0,0.42183390818536276
2,6.0,0.3781095575541257
3,6.0,0.40284407138824463
4,6.0,0.36623409204185
5,6.0,0.46653610281646246
6,6.0,0.46376979211345304
7,6.0,0.40044882521033276
8,6.0,0.4233006364665925
9,6.0,0.4432470183819532
10,3.0,0.6171340644359588
11,3.0,0.1514313146471977
12,3.0,0.14419162040576336
13,3.0,0.6144554894417523
14,3.0,0.21394422277808187
15,3.0,0.16267093271017072
16,3.0,0.08574419468641278
17,3.0,0.1251265928149223
18,3.0,0.43110535666346544
19,3.0,0.3588564624078571
20,6.0,0.5664628073573111
21,6.0,0.4022965505719184
22,6.0,0.45799902745056886
23,6.0,0.3944300897419452
24,6.0,0.45427866640966375
25,6.0,0.38275385461747635
26,6.0,0.3359871637076139
27,6.0,0.41084294021129597
28,6.0,0.2886152863502502
29,6.0,0.26891677826642985
0,6.0,0.5695670247077942
1,6.0,0.38936105370521545
2,6.0,0.3156642913818359
3,6.0,0.598600499331951
4,6.0,0.40639486163854593
5,6.0,0.2353821918368339
6,6.0,0.5021137576550244
7,6.0,0.3434023559093474
8,6.0,0.45388586074113835
9,6.0,0.4886028114706277
10,3.0,0.5925444103777407
11,3.0,0.16714159026741976
12,3.0,-0.006771041080355646
13,3.0,0.5067413742654024
14,3.0,0.24191832100041208
15,3.0,0.4494760949164628
16,3.0,0.22071503475308413
17,3.0,0.007879648357629767
18,3.0,0.031860299408435815
19,3.0,0.4064931478351354
20,6.0,0.3165879845619201
21,6.0,0.5062791146337985
22,6.0,0.39421566156670446
23,6.0,0.2741460986435413
24,6.0,0.5551859438419341
25,6.0,0.41901637613773335
26,6.0,0.3357083017472177
27,6.0,0.17290998622775075
28,6.0,0.16210914403200144
29,6.0,0.16013865917921064
0,6.0,0.6337356714066116
1,6.0,0.44505517836660136
2,6.0,0.3206755947321653
3,6.0,0.43583129253238434
4,6.0,0.4216170078143477
5,6.0,0.33638862706720823
6,6.0,0.3372743064537644
7,6.0,0.43094173050485546
8,6.0,0.31427771225571627
9,6.0,0.4169284440577029
10,3.0,0.44730098638683546
11,3.0,0.3049343200400471
12,3.0,0.3887054808437823
13,3.0,0.19752913713455195
14,3.0,0.2188128818525001
15,3.0,0.10165426763705908
16,3.0,0.4128602407872676
17,3.0,0.28352792188525194
18,3.0,0.18162732943892473
19,3.0,0.045443457551300505
20,6.0,0.4785870187915861
21,6.0,0.37875503860414017
22,6.0,0.3307464134413748
23,6.0,0.48248174507170905
24,6.0,0.3977540880441665
25,6.0,0.4431859298347262
26,6.0,0.4385298583656549
27,6.0,0.3408906816039234
28,6.0,0.31481389352120454
29,6.0,0.303104133810848
0,6.0,0.5313801027368753
1,6.0,0.3332981448620557
2,6.0,0.2973255664110183
3,6.0,0.37642437685281027
4,6.0,0.38560285978019226
5,6.0,0.3770422071102075
6,6.0,0.47751971427351225
7,6.0,0.39604050992056716
8,6.0,0.34295888803899277
9,6.0,0.4474712072405963
10,3.0,0.3950318894349038
11,3.0,0.36450602114200586
12,3.0,0.4113609418272971
13,3.0,0.3237173118104692
14,3.0,0.27560655912384385
15,3.0,0.26421957323327655
16,3.0,0.2763788000447675
17,3.0,0.2645456354039197
18,3.0,0.27609368448611343
19,3.0,0.29590912163257593
20,6.0,0.6384600102901458
21,6.0,0.4157029660418629
22,6.0,0.3675205837935208
23,6.0,0.3300663065165281
24,6.0,0.33172061853110785
25,6.0,0.3026863373816013
26,6.0,0.504208257421851
27,6.0,0.3252826994284987
28,6.0,0.32161052105948323
29,6.0,0.2667094506323337
0,6.0,0.5892628650180995
1,6.0,0.4669914171099662
2,6.0,0.5234384778887032
3,6.0,0.32891368554555805
4,6.0,0.3258428762201219
5,6.0,0.29811101313680405
6,6.0,0.5895349835045635
7,6.0,0.38526402413845057
8,6.0,0.5422653686255215
9,6.0,0.33816423453390587
10,3.0,0.4370880424976348
11,3.0,0.29546328075230116
12,3.0,0.33852836303412914
13,3.0,0.3152061011642217
14,3.0,0.4963055420666932
15,3.0,0.2598030269145965
16,3.0,0.4217727873474359
17,3.0,0.2800102061592042
18,3.0,0.30440903641283507
19,3.0,0.2871776018291711
20,6.0,0.45784066617488856
21,6.0,0.5727411606349051
22,6.0,0.5600099116563796
23,6.0,0.4969172775745391
24,6.0,0.3446901459246873
25,6.0,0.33049787022173394
26,6.0,0.5323340096510946
27,6.0,0.5061410218477248
28,6.0,0.3387200869619846
29,6.0,0.49556773900985707
0,6.0,0.6545133870095013
1,6.0,0.5103534348309039
2,6.0,0.39515614695847023
3,6.0,0.40452003828249866
4,6.0,0.3751161145046353
5,6.0,0.3220212422311306
6,6.0,0.49648752249777306
7,6.0,0.3565249908715486
8,6.0,0.4592895153909921
9,6.0,0.418367126956582
10,3.0,0.536129767075181
11,3.0,0.501195129007101
12,3.0,0.3071185760200023
13,3.0,0.2783584110438823
14,3.0,0.40461851842701424
15,3.0,0.3928014375269412
16,3.0,0.43345869518816466
17,3.0,0.25715003907680506
18,3.0,0.43821804411709303
19,3.0,0.28653620276600117
20,6.0,0.4752899445593356
21,6.0,0.45382603525649745
22,6.0,0.4676157590001821
23,6.0,0.46696117334067816
24,6.0,0.4842211786890402
25,6.0,0.45977939665317524
26,6.0,0.46392150036990637
27,6.0,0.3631859757006167
28,6.0,0.2651829402893781
29,6.0,0.2650155443698167
0,6.0,0.5456578386947512
1,6.0,0.3913300801068544
2,6.0,0.45615831390023226
3,6.0,0.36369448341429234
4,6.0,0.40287366136908526
5,6.0,0.2964340224862098
6,6.0,0.30665538087487215
7,6.0,0.3002409674227237
8,6.0,0.4901049192994832
9,6.0,0.3699893727898597
10,3.0,0.3744321167469024
11,3.0,0.4666320653632282
12,3.0,0.2501850184053182
13,3.0,0.1829654490575194
14,3.0,0.4130743369460105
15,3.0,0.25844799727201456
16,3.0,0.21899568662047383
17,3.0,0.25262410007417196
18,3.0,0.140051903668791
19,3.0,0.3377654999494552
20,6.0,0.4669038169085979
21,6.0,0.35113384202122677
22,6.0,0.4626298490911721
23,6.0,0.3191722780466079
24,6.0,0.4355648402124643
25,6.0,0.3061449453234672
26,6.0,0.29884460568428034
27,6.0,0.26552376151084894
28,6.0,0.39755623601377
29,6.0,0.33225935976952303
0,6.0,0.447194255888462
1,6.0,0.5695066452026366
2,6.0,0.49759861081838597
3,6.0,0.45699449628591526
4,6.0,0.5343218538910149
5,6.0,0.3626681640744209
6,6.0,0.5249323854222893
7,6.0,0.4853108059614897
8,6.0,0.5774852465838193
9,6.0,0.5054463632404803
10,3.0,0.5836051274091004
11,3.0,0.506645468994975
12,3.0,0.36741422116756434
13,3.0,0.33457390125840897
14,3.0,0.3588617909699678
15,3.0,0.30471864854916925
16,3.0,0.3147305622696876
17,3.0,0.35404926098999556
18,3.0,0.3339994344860314
19,3.0,0.2933748124632984
20,6.0,0.5282518155872821
21,6.0,0.4883773494511842
22,6.0,0.40999227762222284
23,6.0,0.4383626580238342
24,6.0,0.4003528878092765
25,6.0,0.40161114931106556
26,6.0,0.5735779013484715
27,6.0,0.46225608885288233
28,6.0,0.43185984529554833
29,6.0,0.5615052562206982
0,6.0,0.6052943058311938
1,6.0,0.4997220751829444
2,6.0,0.45056960731744755
3,6.0,0.6762519218027591
4,6.0,0.4895800841040908
5,6.0,0.4060154557228088
6,6.0,0.49722867365926493
7,6.0,0.2540567740797996
8,6.0,0.23335509374737737
9,6.0,0.2467581927776336
10,3.0,0.6569019313901662
11,3.0,0.14001219533383844
12,3.0,-0.11218595551326871
13,3.0,0.5166668372694402
14,3.0,0.5076528387144208
15,3.0,0.46762819914147247
16,3.0,0.3880863660015165
17,3.0,0.35585578344762325
18,3.0,0.37285189703106875
19,3.0,0.3752019773237406
20,6.0,0.5671431459486485
21,6.0,0.35742204776033754
22,6.0,0.5362981166690587
23,6.0,0.3811610732227563
24,6.0,0.5556559171527623
25,6.0,0.39458513911813486
26,6.0,0.20667617022991175
27,6.0,0.24189575016498563
28,6.0,0.2398731112480163
29,6.0,0.5358432633802294
0,6.0,0.673364672809839
1,6.0,0.5389230959117411
2,6.0,0.4615644104778766
3,6.0,0.4933796618133782
4,6.0,0.37097150087356556
5,6.0,0.38054770603775967
6,6.0,0.5240492466837167
7,6.0,0.49434067495167244
8,6.0,0.48488217778503884
9,6.0,0.47503143548965443
10,3.0,0.6119795832782983
11,3.0,0.3776099421083926
12,3.0,0.5288225961849092
13,3.0,0.39017188176512707
14,3.0,0.19766173046082255
15,3.0,0.43725547008216376
16,3.0,0.4048468554392456
17,3.0,0.23543815687298772
18,3.0,0.13282206654548642
19,3.0,0.5077937636524438
20,6.0,0.6529613221064209
21,6.0,0.34173751622438425
22,6.0,0.6429431794676929
23,6.0,0.382484845817089
24,6.0,0.2506084889173507
25,6.0,0.6174088638508691
26,6.0,0.4527668035589158
27,6.0,0.42976607009768475
28,6.0,0.4476596638560294
29,6.0,0.3524277806282043
0,6.0,0.6183981932699679
1,6.0,0.43804836785420764
2,6.0,0.5176170263439416
3,6.0,0.46406058780848974
4,6.0,0.4129097890108823
5,6.0,0.3966961787082254
6,6.0,0.2671918757259845
7,6.0,0.5943803265690802
8,6.0,0.431055624037981
9,6.0,0.4325200915336608
10,3.0,0.2917226888239383
11,3.0,0.13024874776601789
12,3.0,0.33909220434725273
13,3.0,0.3143741013482212
14,3.0,0.14877438778057692
15,3.0,0.3393759168684482
16,3.0,0.11712152184918519
17,3.0,0.00885174982249736
18,3.0,-0.01605765894055367
19,3.0,0.3450168501585722
20,6.0,0.42400950193405146
21,6.0,0.4060563798993825
22,6.0,0.452177949482575
23,6.0,0.2983036334626376
24,6.0,0.2853279951959848
25,6.0,0.4418163754744454
26,6.0,0.30938553065061564
27,6.0,0.41262522526085366
28,6.0,0.39165684161707753
29,6.0,0.40162366069853295
0,6.0,0.6863043773919344
1,6.0,0.575983803719282
2,6.0,0.45516021363437165
3,6.0,0.5302632655948399
4,6.0,0.41940778680145735
5,6.0,0.5043860450387
6,6.0,0.4562565088272094
7,6.0,0.4572535713668912
8,6.0,0.3093343190848827
9,6.0,0.34937877953052515
10,3.0,0.2560969032347202
11,3.0,0.5334127098321914
12,3.0,0.24450277909636492
13,3.0,0.22776733303908253
14,3.0,0.21213561110198492
15,3.0,0.23491664533503348
16,3.0,0.28338507656008
17,3.0,0.16193874413147566
18,3.0,0.2744547585025429
19,3.0,0.22353968210518357
20,6.0,0.33784930594265455
21,6.0,0.315063988789916
22,6.0,0.4058748735114931
23,6.0,0.42590773943811644
24,6.0,0.39492546301335085
25,6.0,0.2497085267677903
26,6.0,0.36088243965059513
27,6.0,0.3550145090557634
28,6.0,0.2645427933894097
29,6.0,0.21570065617561335
0,6.0,0.6144091375172137
1,6.0,0.5201542675495147
2,6.0,0.49196873605251307
3,6.0,0.41574801615206514
4,6.0,0.4208404570817947
5,6.0,0.3977948245592414
6,6.0,0.34660162529326033
7,6.0,0.460438560694456
8,6.0,0.37187491802615114
9,6.0,0.4393892064690589
10,3.0,0.6240164488554
11,3.0,0.24451879970729345
12,3.0,0.05712892115116119
13,3.0,0.09565241634845732
14,3.0,0.10982218384742734
15,3.0,0.4878787118941545
16,3.0,0.2085954137146472
17,3.0,0.07233144342899321
18,3.0,0.4899026602506637
19,3.0,0.3469535000622272
20,6.0,0.4944153111428021
21,6.0,0.40701955021359015
22,6.0,0.4204499870538711
23,6.0,0.3855039924383163
24,6.0,0.3815483530052005
25,6.0,0.3754604794085025
26,6.0,0.38393054530024523
27,6.0,0.44352383539080614
28,6.0,0.3947605108842253
29,6.0,0.3170030727051198
0,6.0,0.5091962125152348
1,6.0,0.5206062365323304
2,6.0,0.5838515716604887
3,6.0,0.3396840549539774
4,6.0,0.32666248362511385
5,6.0,0.45235922629944975
6,6.0,0.38613041490316385
7,6.0,0.3637070147087797
8,6.0,0.45392432343214745
9,6.0,0.35091971978545183
10,3.0,0.5469746885355562
11,3.0,0.09699235763400789
12,3.0,-0.05563418380916119
13,3.0,-0.02755261212587358
14,3.0,-0.09772966057062149
15,3.0,0.5516568329185246
16,3.0,0.12437285296618934
17,3.0,0.012391528580337737
18,3.0,0.004267399897798886
19,3.0,0.47507400158792734
20,6.0,0.5169733678922056
21,6.0,0.3143374249339103
22,6.0,0.44519644510000933
23,6.0,0.3805839922279119
24,6.0,0.40226732566952694
25,6.0,0.3542510457336902
26,6.0,0.3891817871481179
27,6.0,0.37434338033199305
28,6.0,0.3505397178232669
29,6.0,0.2881747409701347
0,6.0,0.4707832932472228
1,6.0,0.5938053131103515
2,6.0,0.37671916559338564
3,6.0,0.49096294213086356
4,6.0,0.3087769076228141
5,6.0,0.49364580167457456
6,6.0,0.3823908157646655
7,6.0,0.25004696100950236
8,6.0,0.45100131444632996
9,6.0,0.38661405816674227
10,3.0,0.5456650108098983
11,3.0,0.33241048455238337
12,3.0,0.4329990688711404
13,3.0,0.38031995296478266
14,3.0,0.2652590647339821
15,3.0,0.32247064262628555
16,3.0,0.3064378127455711
17,3.0,0.30169583112001414
18,3.0,0.19092353060841558
19,3.0,0.4440135583281516
20,6.0,0.45185944065451616
21,6.0,0.4274132661521434
22,6.0,0.4978818632662295
23,6.0,0.41344859078526497
24,6.0,0.28345696628093714
25,6.0,0.2908254042267799
26,6.0,0.44184061698615545
27,6.0,0.41210917010903353
28,6.0,0.2992770038545131
29,6.0,0.26871117576956743
0,6.0,0.5878197103738784
1,6.0,0.3807330839335918
2,6.0,0.634976677596569
3,6.0,0.5270751975476742
4,6.0,0.45440566912293423
5,6.0,0.35778856649994845
6,6.0,0.643638590350747
7,6.0,0.5368645768612622
8,6.0,0.5170066691935062
9,6.0,0.33618848025798787
10,3.0,0.1282608658075332
11,3.0,0.1594156771898269
12,3.0,0.5363022834062575
13,3.0,0.26258752495050425
14,3.0,0.4814050532877444
15,3.0,0.3538181819021701
16,3.0,0.378927985089831
17,3.0,0.2786794963758438
18,3.0,0.284464206546545
19,3.0,0.19155537337064737
20,6.0,0.5259681858588009
21,6.0,0.43338568881154055
22,6.0,0.5094625055789946
23,6.0,0.541809320449829
24,6.0,0.3576186560094356
25,6.0,0.528969133272767
26,6.0,0.3616780266165733
27,6.0,0.5572611317038535
28,6.0,0.4427011245861649
29,6.0,0.42580782331060607
0,6.0,0.579893585294485
1,6.0,0.44948694482445706
2,6.0,0.36116242408752436
3,6.0,0.5978774912655352
4,6.0,0.5200749947689473
5,6.0,0.3469348028302192
6,6.0,0.534514421597123
7,6.0,0.3010755525901913
8,6.0,0.34482659958302975
9,6.0,0.3441760083660483
10,3.0,0.6897622086107729
11,3.0,0.20701429992914192
12,3.0,0.07325953990221022
13,3.0,0.6097374968230722
14,3.0,0.3730184100568294
15,3.0,0.26165992300957436
16,3.0,0.25143329147249455
17,3.0,0.5129395369440316
18,3.0,0.21549744904041285
19,3.0,0.09337928518652913
20,6.0,0.702437438070774
21,6.0,0.3737667864188551
22,6.0,0.5616956707090138
23,6.0,0.40035459492355574
24,6.0,0.5224605044350027
25,6.0,0.35704572498798365
26,6.0,0.49202821310609574
27,6.0,0.48167401785030955
28,6.0,0.3447778043337166
29,6.0,0.32519946154206986
0,6.0,0.7316945269703865
1,6.0,0.5320473155006765
2,6.0,0.3318761363625526
3,6.0,0.23577031493186942
4,6.0,0.24382679909467692
5,6.0,0.25576805323362345
6,6.0,0.22699003666639322
7,6.0,0.21851973235607142
8,6.0,0.17336773872375486
9,6.0,0.2096628621220588
10,3.0,0.7874922591727225
11,3.0,0.37691334262490267
12,3.0,0.09925518743693824
13,3.0,0.44341814238578076
14,3.0,0.3230495192110538
15,3.0,0.35713698342442507
16,3.0,0.3417107164859771
17,3.0,0.08897317713126537
18,3.0,-0.06483670324087143
19,3.0,0.4618035256862639
20,6.0,0.23097088187932963
21,6.0,0.47937407298013557
22,6.0,0.4705814439803361
23,6.0,0.4307493660598993
24,6.0,0.21465753391385073
25,6.0,0.14486959949135778
26,6.0,0.12388461455702779
27,6.0,0.5418839715421199
28,6.0,0.228441996499896
29,6.0,0.12952117621898648
0,6.0,0.7683623854536562
1,6.0,0.5762916533276438
2,6.0,0.49436103831976647
3,6.0,0.5166589766740798
4,6.0,0.5726640745997428
5,6.0,0.47077228128910054
6,6.0,0.5609877612441777
7,6.0,0.45320167765021313
8,6.0,0.4356406885199248
9,6.0,0.4041724088601767
10,3.0,0.7386097004637121
11,3.0,0.3160075675696134
12,3.0,0.5630355090834199
13,3.0,0.3931965641677379
14,3.0,0.20570508670061824
15,3.0,0.42414135392755264
16,3.0,0.357571660540998
17,3.0,0.15127035137265915
18,3.0,0.4361045062541961
19,3.0,0.11878852639347309
20,6.0,0.5381494536995887
21,6.0,0.5014055147767066
22,6.0,0.3786508888006209
23,6.0,0.45847614819649596
24,6.0,0.47449611872434605
25,6.0,0.4089981988072395
26,6.0,0.4900290101941208
27,6.0,0.32888462976552546
28,6.0,0.5374146290123462
29,6.0,0.41158646345138544
0,6.0,0.6327405916526914
1,6.0,0.466654336079955
2,6.0,0.4691389277577399
3,6.0,0.3334273621439933
4,6.0,0.2755679860711097
5,6.0,0.5963083524256944
6,6.0,0.42234091646969313
7,6.0,0.43156054615974415
8,6.0,0.43129352852702135
9,6.0,0.36957867071032513
10,3.0,0.16968361288309095
11,3.0,0.22286065667867658
12,3.0,0.3766682157292961
13,3.0,0.2616251073777675
14,3.0,0.24340870976448054
15,3.0,0.23213369678705928
16,3.0,0.24105336330831048
17,3.0,0.1975310678244568
18,3.0,0.30463390797376627
19,3.0,0.24362975172698492
20,6.0,0.5394341051578521
21,6.0,0.5471037309616803
22,6.0,0.3222073689103126
23,6.0,0.16238746792078015
24,6.0,0.21912037208676335
25,6.0,0.5546670570038258
26,6.0,0.4180339332669972
27,6.0,0.2915247771888971
28,6.0,0.20745291560888288
29,6.0,0.18879818916320798
0,6.0,0.725665185600519
1,6.0,0.6611155848950147
2,6.0,0.36732258647680277
3,6.0,0.5335013025905936
4,6.0,0.40888674161396915
5,6.0,0.32433849014341826
6,6.0,0.4763108305633067
7,6.0,0.4388486398383974
8,6.0,0.4395889583975075
9,6.0,0.402283770032227
10,3.0,0.4903463125228881
11,3.0,0.2527703698724508
12,3.0,0.5403854297474026
13,3.0,0.43912330828607077
14,3.0,0.06624945253133771
15,3.0,0.03401986882090567
16,3.0,-0.1041055703535676
17,3.0,0.5932758897542952
18,3.0,0.025788646191358556
19,3.0,0.569404387846589
20,6.0,0.27325277030467976
21,6.0,0.4902332955971359
22,6.0,0.41831121570430685
23,6.0,0.3796019600704312
24,6.0,0.3857798296958208
25,6.0,0.3527166175190359
26,6.0,0.5131854135543107
27,6.0,0.38848594482988114
28,6.0,0.40617424901574845
29,6.0,0.4115817683050408
0,6.0,0.6533326148055493
1,6.0,0.5502877985127269
2,6.0,0.5295663475990294
3,6.0,0.5078470110893248
4,6.0,0.42075836472213257
5,6.0,0.4350512400269508
6,6.0,0.359709721058607
7,6.0,0.38548786006867874
8,6.0,0.46690290514379734
9,6.0,0.39299432188272465
10,3.0,0.46043364144861687
11,3.0,0.3160432390868663
12,3.0,0.22753491252660746
13,3.0,0.4961301272269337
14,3.0,0.40837471187114704
15,3.0,0.32216571009485045
16,3.0,0.5016917083412408
17,3.0,0.2659070491790771
18,3.0,0.1651383154094219
19,3.0,0.4805018994957208
20,6.0,0.39579846337437624
21,6.0,0.5286080236546694
22,6.0,0.4148662853986024
23,6.0,0.341172594577074
24,6.0,0.3240663036704063
25,6.0,0.2876847758889198
26,6.0,0.3013763353228568
27,6.0,0.29769318550825113
28,6.0,0.24203393608331675
29,6.0,0.2645744755864143
0,6.0,0.5885264724493026
1,6.0,0.5073566660284995
2,6.0,0.4711635410785674
3,6.0,0.44700394570827473
4,6.0,0.5705377810518256
5,6.0,0.3726307842880487
6,6.0,0.3454020787030458
7,6.0,0.5948538631200789
8,6.0,0.4088900312781333
9,6.0,0.40471850335597986
10,3.0,0.49179026484489424
11,3.0,0.3459882289171218
12,3.0,0.2017955705523491
13,3.0,0.2645170465111732
14,3.0,0.3872351916506886
15,3.0,0.22167269419878718
16,3.0,0.1936127129010856
17,3.0,0.22995167039334768
18,3.0,0.30252907983958716
19,3.0,0.18186448229243976
20,6.0,0.4329342953860759
21,6.0,0.47587622702121724
22,6.0,0.3132888451218605
23,6.0,0.3020325154066085
24,6.0,0.30464868247508997
25,6.0,0.4867894500494003
26,6.0,0.4270920380949973
27,6.0,0.5311111733317374
28,6.0,0.4521176069974898
29,6.0,0.49412202194798727
0,6.0,0.6482225880026816
1,6.0,0.5708897560834884
2,6.0,0.4221335994079708
3,6.0,0.5559785421937703
4,6.0,0.4021601658314466
5,6.0,0.5405294732190669
6,6.0,0.3254307825118303
7,6.0,0.2375850453972816
8,6.0,0.22459474205970759
9,6.0,0.2173436358571052
10,3.0,0.6736920699477194
11,3.0,0.08132908865809436
12,3.0,0.634589236229658
13,3.0,-0.014594659209251421
14,3.0,-0.09127872064709663
15,3.0,0.6788883674889801
16,3.0,-0.046553669963032
17,3.0,0.5549571532756089
18,3.0,-0.024170774035155784
19,3.0,-0.003084534779191022
20,6.0,0.8205276932567357
21,6.0,0.290424944832921
22,6.0,0.23647798225283617
23,6.0,0.22501571476459498
24,6.0,0.5654139490798115
25,6.0,0.49109832290559996
26,6.0,0.3252955037169158
27,6.0,0.585444854965317
28,6.0,0.2814830564893781
29,6.0,0.5929298313567414
0,6.0,0.5683687506243585
1,6.0,0.54968389775604
2,6.0,0.5295949364081024
3,6.0,0.5003526078071444
4,6.0,0.5089699653908609
5,6.0,0.4725956819020211
6,6.0,0.4741892619058489
7,6.0,0.47923776227980847
8,6.0,0.4723068522289395
9,6.0,0.5291599389165639
10,3.0,0.5427652411162853
11,3.0,0.41725420951843256
12,3.0,0.19878399372100825
13,3.0,0.12101004645228383
14,3.0,0.5767732989042996
15,3.0,0.40980421286076296
16,3.0,0.3726966250687837
17,3.0,0.22259107313584534
18,3.0,0.5121133313514291
19,3.0,0.17399994097650048
20,6.0,0.4617818230763077
21,6.0,0.5274646627658511
22,6.0,0.46899613644927735
23,6.0,0.49838633625768114
24,6.0,0.4723239969462155
25,6.0,0.4034778336063027
26,6.0,0.3398716412484645
27,6.0,0.492220698390156
28,6.0,0.394542978145182
29,6.0,0.5147119518369435
0,6.0,0.6381908357143402
1,6.0,0.5720092728734015
2,6.0,0.4353382834233343
3,6.0,0.2777196951210498
4,6.0,0.6607399838394483
5,6.0,0.4514749106019734
6,6.0,0.3870132567826658
7,6.0,0.40349191939458245
8,6.0,0.4005271131172775
9,6.0,0.5319419093430041
10,3.0,0.5430378699675201
11,3.0,0.1600009454414248
12,3.0,-0.0040287212468684
13,3.0,-0.03758820705115795
14,3.0,0.538102801889181
15,3.0,-0.02267861552536489
16,3.0,-0.09196416987106204
17,3.0,0.5422078018309547
18,3.0,0.03603860503062604
19,3.0,0.5216896748170256
20,6.0,0.33906900510191906
21,6.0,0.3920564949512481
22,6.0,0.4274911163374781
23,6.0,0.42373188002966333
24,6.0,0.3194099217653274
25,6.0,0.4942535590380429
26,6.0,0.3722522612661122
27,6.0,0.343902607448399
28,6.0,0.397993023507297
29,6.0,0.48306724615395064
0,6.0,0.6811398360878228
1,6.0,0.4005041681230067
2,6.0,0.29636490205302823
3,6.0,0.29200193891301746
4,6.0,0.2761549684219062
5,6.0,0.2616243478842079
6,6.0,0.48540601320564736
7,6.0,0.35657201707363123
8,6.0,0.38648649468086654
9,6.0,0.3434275966137647
10,3.0,0.42929433169774706
11,3.0,0.2788160610944032
12,3.0,0.5770718492567538
13,3.0,0.5582977347075938
14,3.0,0.0957621224224567
15,3.0,0.05535735189914701
16,3.0,0.6096258088946341
17,3.0,0.4800118501298129
18,3.0,0.08915409073233603
19,3.0,-0.015668697655200965
20,6.0,0.37293352931737894
21,6.0,0.27277753502130503
22,6.0,0.5201639253646134
23,6.0,0.372259363066405
24,6.0,0.3522488325834274
25,6.0,0.2895863130688667
26,6.0,0.22334656119346613
27,6.0,0.47830057516694063
28,6.0,0.34343065321445454
29,6.0,0.4348980793729424
0,6.0,0.6527380030602216
1,6.0,0.5555161423981189
2,6.0,0.5103176739066838
3,6.0,0.447263007517904
4,6.0,0.42066059634089464
5,6.0,0.4343121368438005
6,6.0,0.5873342733830212
7,6.0,0.3861743174493312
8,6.0,0.3724721837788819
9,6.0,0.3842332530766725
10,3.0,0.49032206647098053
11,3.0,0.3324411287903785
12,3.0,0.38394290488213295
13,3.0,0.40558697842061514
14,3.0,0.26095002144575113
15,3.0,0.23694169009104366
16,3.0,0.24042774224653835
17,3.0,0.18805800843983883
18,3.0,0.2415599613450467
19,3.0,0.3649482131004333
20,6.0,0.5282723121345042
21,6.0,0.49123970326036204
22,6.0,0.4500535782426595
23,6.0,0.27954823616892094
24,6.0,0.4663084303028881
25,6.0,0.42254652082920063
26,6.0,0.47587085259146983
27,6.0,0.4401106154546141
28,6.0,0.38127434253692616
29,6.0,0.27857594378292555
0,6.0,0.5661180391907691
1,6.0,0.5049910955131053
2,6.0,0.40146830491721625
3,6.0,0.41285394970327605
4,6.0,0.47630950063467015
5,6.0,0.4471966754645108
6,6.0,0.37078872136771673
7,6.0,0.424673568457365
8,6.0,0.46273960918188084
9,6.0,0.43403525091707695
10,3.0,0.45095342956483353
11,3.0,0.34335467033088196
12,3.0,0.12046639248728748
13,3.0,0.11082779616117473
14,3.0,0.4704371094703673
15,3.0,0.3497750833630561
16,3.0,0.22104427497833964
17,3.0,0.45571886590914795
18,3.0,0.30687008728273213
19,3.0,0.22989787720143792
20,6.0,0.49260069429874415
21,6.0,0.40636722370982165
22,6.0,0.40708774328231806
23,6.0,0.4166532531380653
24,6.0,0.44940761523321265
25,6.0,0.3746894672513008
26,6.0,0.49554515257477755
27,6.0,0.4366919621825217
28,6.0,0.469052543863654
29,6.0,0.4671025983989237
0,6.0,0.5651896055787801
1,6.0,0.43939384445548046
2,6.0,0.4234438184648751
3,6.0,0.4591003134846686
4,6.0,0.48677128739655007
5,6.0,0.447547310963273
6,6.0,0.4228784320876001
7,6.0,0.4190993076190352
8,6.0,0.5348093844950198
9,6.0,0.4845729125663637
10,3.0,0.39560023695230473
11,3.0,0.3660276755690574
12,3.0,0.3921228498220443
13,3.0,0.3477893397212028
14,3.0,0.29818278923630703
15,3.0,0.2910186387598514
16,3.0,0.18760123290121553
17,3.0,0.26993272826075543
18,3.0,0.15218276530504224
19,3.0,0.1858428046107292
20,6.0,0.5647465288639067
21,6.0,0.4395210966467856
22,6.0,0.39656950207427133
23,6.0,0.4882589355111121
24,6.0,0.3802441526204347
25,6.0,0.22146873129531736
26,6.0,0.243205149192363
27,6.0,0.5618076808750628
28,6.0,0.3420115262269973
29,6.0,0.2914158105850219
0,6.0,0.6456147171556949
1,6.0,0.4559545372612773
2,6.0,0.38915806263685226
3,6.0,0.3820121530443429
4,6.0,0.41317440103739494
5,6.0,0.4004502380266785
6,6.0,0.453950208146125
7,6.0,0.5388512006029486
8,6.0,0.4868799429386853
9,6.0,0.4018459813669323
10,3.0,0.44595264596864576
11,3.0,0.3647215187083929
12,3.0,0.08761354163289069
13,3.0,0.08408199250698088
14,3.0,0.538711106404662
15,3.0,0.13322558440268037
16,3.0,0.41452653985470533
17,3.0,0.10604809783399102
18,3.0,0.16242329310625786
19,3.0,0.2955852020531892
20,6.0,0.4535650126636027
21,6.0,0.5045118182897567
22,6.0,0.42133511789143074
23,6.0,0.398607350885868
24,6.0,0.49570538228726935
25,6.0,0.4114480828866362
26,6.0,0.3827754436060786
27,6.0,0.3465734748169779
28,6.0,0.401964271441102
29,6.0,0.3141478952020406
0,6.0,0.7008926421403885
1,6.0,0.43339153379201883
2,6.0,0.3800789713859557
3,6.0,0.41450078971683973
4,6.0,0.2788999676704406
5,6.0,0.24363512732088563
6,6.0,0.4543729200959205
7,6.0,0.3124220557510852
8,6.0,0.21742331795394418
9,6.0,0.5025313077494501
10,3.0,0.6329520680010318
11,3.0,0.3183032851666211
12,3.0,0.19109090627171096
13,3.0,0.17978540156036613
14,3.0,0.35397651046514506
15,3.0,0.25281395018100733
16,3.0,0.28709063865244383
17,3.0,0.2634383933618664
18,3.0,0.30634474195539946
19,3.0,0.26040381193161005
20,6.0,0.4418549127876758
21,6.0,0.4057374075055122
22,6.0,0.3805791120976209
23,6.0,0.42238216847181315
24,6.0,0.3004400357604026
25,6.0,0.441804427653551
26,6.0,0.31806670315563673
27,6.0,0.2585359909207909
28,6.0,0.4314788114279508
29,6.0,0.3628708887845277
0,6.0,0.635122813284397
1,6.0,0.5923890732228755
2,6.0,0.4796740263700484
3,6.0,0.5176204405725001
4,6.0,0.3482719603925942
5,6.0,0.605943914502859
6,6.0,0.47160172462463373
7,6.0,0.3882635859772562
8,6.0,0.5940177217125892
9,6.0,0.4069875646382569
10,3.0,0.5561206266283988
11,3.0,0.4885991886258124
12,3.0,0.4455979764461516
13,3.0,0.35804708953946823
14,3.0,0.4822713807225227
15,3.0,0.2998698782175779
16,3.0,0.10936286486685273
17,3.0,0.08695437014102933
18,3.0,0.5112837702035903
19,3.0,0.27170866541564453
20,6.0,0.41567865945398796
21,6.0,0.49469045177102083
22,6.0,0.4287009853869676
23,6.0,0.5249366089701651
24,6.0,0.4143760576844215
25,6.0,0.417228553444147
26,6.0,0.4009195193648338
27,6.0,0.421018712222576
28,6.0,0.4460998959839343
29,6.0,0.299146382138133
0,6.0,0.6373558323830365
1,6.0,0.49459997098892916
2,6.0,0.5625513630802742
3,6.0,0.5172561267390846
4,6.0,0.4824436730705201
5,6.0,0.39775776490569104
6,6.0,0.3450282551348209
7,6.0,0.5982356350868939
8,6.0,0.4141865946003235
9,6.0,0.5137421614490448
10,3.0,0.4140802882611751
11,3.0,0.3358465991914272
12,3.0,0.4184104092419147
13,3.0,0.3565210946835577
14,3.0,0.254590593278408
15,3.0,0.22257888503372664
16,3.0,0.32338537275791157
17,3.0,0.18838857626542443
18,3.0,0.3247807119041681
19,3.0,0.2037326721474528
20,6.0,0.47590026515536
21,6.0,0.49947996996343125
22,6.0,0.437880650977604
23,6.0,0.5204752143472432
24,6.0,0.37373832950834174
25,6.0,0.3355617998167872
26,6.0,0.3080255920067429
27,6.0,0.4256122397346188
28,6.0,0.3191173747181892
29,6.0,0.23623788356781003
0,6.0,0.47048477455973614
1,6.0,0.32912615127861494
2,6.0,0.6148632848635315
3,6.0,0.42556941322982306
4,6.0,0.44553361460566515
5,6.0,0.4157629813998937
6,6.0,0.38264904171228403
7,6.0,0.24040246289223427
8,6.0,0.22119017969816918
9,6.0,0.1608057171106338
10,3.0,0.6477175187319516
11,3.0,0.4091838262975215
12,3.0,0.3744764067232608
13,3.0,0.25663133081980044
14,3.0,0.06410120707005261
15,3.0,0.45781102403998364
16,3.0,0.3099696654826402
17,3.0,0.2528554359450936
18,3.0,0.4045023038052022
19,3.0,0.2282797312363982
20,6.0,0.3571301312185823
21,6.0,0.3500011516734957
22,6.0,0.3017412815243005
23,6.0,0.577671653125435
24,6.0,0.39531285315752024
25,6.0,0.5343733269255607
26,6.0,0.3904137481003999
27,6.0,0.2504878542385995
28,6.0,0.5946915578097104
29,6.0,0.38662740960717196
0,6.0,0.5223028645850717
1,6.0,0.6123655531555413
2,6.0,0.5415369244292377
3,6.0,0.5028029764071106
4,6.0,0.4473856911063193
5,6.0,0.527655895333737
6,6.0,0.5806627012789248
7,6.0,0.4765163114061578
8,6.0,0.601857915520668
9,6.0,0.43581354385241855
10,3.0,0.4420513883233069
11,3.0,0.4471981753595173
12,3.0,0.31794229708611965
13,3.0,0.27717396244406695
14,3.0,0.248554803431034
15,3.0,0.4650898501276969
16,3.0,0.3564121376257389
17,3.0,0.24634071649052197
18,3.0,0.08115281909704206
19,3.0,0.10964494943618772
20,6.0,0.7385244891047477
21,6.0,0.4997368790209293
22,6.0,0.5123105496168135
23,6.0,0.3762349784374236
24,6.0,0.35484501719474787
25,6.0,0.5788436420261859
26,6.0,0.34780401736497873
27,6.0,0.5343323415145277
28,6.0,0.5042271018028258
29,6.0,0.44076394475996483
0,6.0,0.6078170500695704
1,6.0,0.4860438276082277
2,6.0,0.5416601351462305
3,6.0,0.2812922522425651
4,6.0,0.5604937849275301
5,6.0,0.4204117078334092
6,6.0,0.27542810142040247
7,6.0,0.24183393269777295
8,6.0,0.5615634121932088
9,6.0,0.34794295951724047
10,3.0,0.3373342752456664
11,3.0,0.6990460990928112
12,3.0,0.25634368695318693
13,3.0,0.5124808300752192
14,3.0,0.43481534440070385
15,3.0,0.3536426834762096
16,3.0,0.2624465478584169
17,3.0,0.42750098183751095
18,3.0,0.15570074692368505
19,3.0,0.08894887520000336
20,6.0,0.4836472570896148
21,6.0,0.3941923156380652
22,6.0,0.3021832630038261
23,6.0,0.3143823221325874
24,6.0,0.302091471850872
25,6.0,0.3039690256118774
26,6.0,0.4926005583256482
27,6.0,0.4237791094928979
28,6.0,0.35515560023486603
29,6.0,0.3949760682880878
0,6.0,0.4782932084053754
1,6.0,0.34716792590916146
2,6.0,0.34429698437452305
3,6.0,0.2778430618345737
4,6.0,0.5146446805447339
5,6.0,0.36418504407629365
6,6.0,0.37654063582886
7,6.0,0.3913900991901755
8,6.0,0.41380583774298424
9,6.0,0.38578415941447014
10,3.0,0.3028125278651714
11,3.0,0.3483533822000026
12,3.0,0.29578993003815407
13,3.0,0.30231563281267876
14,3.0,0.21106244157999748
15,3.0,0.061894688755273805
16,3.0,0.3035998195409774
17,3.0,0.24111926741898057
18,3.0,0.21794384345412252
19,3.0,0.12841966561973092
20,6.0,0.5662391018122434
21,6.0,0.2559756273403763
22,6.0,0.21772321127355093
23,6.0,0.45242997258901585
24,6.0,0.3160182181745767
25,6.0,0.3033239413052797
26,6.0,0.3335978463292121
27,6.0,0.2833381416276097
28,6.0,0.4212024379521607
29,6.0,0.2818212322890758
0,6.0,0.553414363414049
1,6.0,0.4213570058345794
2,6.0,0.3648663461208343
3,6.0,0.48017424717545504
4,6.0,0.35254057089332486
5,6.0,0.4174910811707377
6,6.0,0.407682450255379
7,6.0,0.5224727038294076
8,6.0,0.32852480746805657
9,6.0,0.27820003218948836
10,3.0,0.369546178728342
11,3.0,0.2973181530833244
12,3.0,0.4036882612854242
13,3.0,0.1902295127511024
14,3.0,0.32330301403999323
15,3.0,0.15996158495545384
16,3.0,0.23667000979185102
17,3.0,0.20904890820384023
18,3.0,0.18729446455836293
19,3.0,0.10292943194508551
20,6.0,0.5678270235657691
21,6.0,0.4447684874176047
22,6.0,0.36492243316024536
23,6.0,0.27502142079174513
24,6.0,0.5248642191290855
25,6.0,0.3310691555961966
26,6.0,0.5254386849701403
27,6.0,0.30747825186699623
28,6.0,0.520515540614724
29,6.0,0.3344478532671928
0,6.0,0.5885715596377848
1,6.0,0.38636714965105046
2,6.0,0.49505181238055224
3,6.0,0.42402480915188784
4,6.0,0.39530829526484007
5,6.0,0.3924032859504222
6,6.0,0.49601772427558893
7,6.0,0.44928339682519425
8,6.0,0.41732219234108914
9,6.0,0.4062330778688192
10,3.0,0.22663825564086432
11,3.0,0.15186757221817968
12,3.0,0.22874526306986806
13,3.0,0.1743950545787811
14,3.0,0.1279848366975784
15,3.0,0.12542470544576642
16,3.0,0.09465413540601729
17,3.0,0.1140349358320236
18,3.0,0.13429402559995648
19,3.0,0.11605071276426314
20,6.0,0.46048758737742895
21,6.0,0.4444125052541493
22,6.0,0.2614449225366115
23,6.0,0.5525103202089666
24,6.0,0.29375242255628103
25,6.0,0.5075335586443542
26,6.0,0.4651247744914143
27,6.0,0.44582154601812357
28,6.0,0.24167188350111243
29,6.0,0.170415332657285
0,6.0,0.5129962880164384
1,6.0,0.438281102280598
2,6.0,0.560371326166205
3,6.0,0.4607810117304324
4,6.0,0.35892536258324975
5,6.0,0.4669602653011679
6,6.0,0.4488123117480426
7,6.0,0.4435118082910775
8,6.0,0.33031906187534327
9,6.0,0.49201084580272425
10,3.0,0.39766184729523946
11,3.0,0.39876166172325606
12,3.0,0.37499656528234476
13,3.0,0.31599201634526247
14,3.0,0.3216990791261195
15,3.0,0.3506911695003509
16,3.0,0.3082496523857116
17,3.0,0.15935964882373807
18,3.0,0.1540805399417877
19,3.0,0.11165392398834226
20,6.0,0.4506279304623603
21,6.0,0.33544278889894474
22,6.0,0.23394819349050516
23,6.0,0.20136994868516916
24,6.0,0.5835973173379897
25,6.0,0.33808036148548115
26,6.0,0.19635458290576932
27,6.0,0.5390259507112204
28,6.0,0.3322873003780841
29,6.0,0.26700652600266034
0,6.0,0.6073837485164403
1,6.0,0.37494992092251767
2,6.0,0.33921375870704645
3,6.0,0.515301764011383
4,6.0,0.37039195932447905
5,6.0,0.3610548041760921
6,6.0,0.27437824383378023
7,6.0,0.27718902006745333
8,6.0,0.26716927066445345
9,6.0,0.2696825042366981
10,3.0,0.24256762862205503
11,3.0,0.2775735072791576
12,3.0,0.31899006292223925
13,3.0,0.32864225842058653
14,3.0,0.22012633271515367
15,3.0,0.26817988790571684
16,3.0,0.2569318916648626
17,3.0,0.17668809602037067
18,3.0,0.24906810023821885
19,3.0,0.18120619514957068
20,6.0,0.4686090615577995
21,6.0,0.39233215153217305
22,6.0,0.3414829680696129
23,6.0,0.3532352624461054
24,6.0,0.301169553771615
25,6.0,0.2572302501648664
26,6.0,0.284040892496705
27,6.0,0.29889229312539095
28,6.0,0.41801898553967465
29,6.0,0.37988215219229454
0,6.0,0.6631594672799109
1,6.0,0.6331436801701783
2,6.0,0.5250836201012133
3,6.0,0.4525659370701759
4,6.0,0.32531327009201044
5,6.0,0.2689973562955856
6,6.0,0.2784321382641792
7,6.0,0.5592536386102437
8,6.0,0.4357261238619684
9,6.0,0.4697965458035468
10,3.0,0.3092538826167583
11,3.0,0.2901101149618625
12,3.0,0.22423082590103144
13,3.0,0.22974651306867594
14,3.0,0.3564658462128136
15,3.0,0.33106074854731554
16,3.0,0.21849544718861577
17,3.0,0.18835962563753123
18,3.0,0.2029876336455345
19,3.0,0.35509356227703387
20,6.0,0.4708895804360508
21,6.0,0.3219304606318473
22,6.0,0.523000257089734
23,6.0,0.3129590786993503
24,6.0,0.30602685362100596
25,6.0,0.5155395790934562
26,6.0,0.4225952802225946
27,6.0,0.32307793572545046
28,6.0,0.32228804752230633
29,6.0,0.2984915301203727
0,6.0,0.4845786977093666
1,6.0,0.4277403354644775
2,6.0,0.3439994723303243
3,6.0,0.37563960300758475
4,6.0,0.47393082082271565
5,6.0,0.35654239729046816
6,6.0,0.35331897810101504
7,6.0,0.48950450494885434
8,6.0,0.281522748991847
9,6.0,0.5214208997786044
10,3.0,0.5962053909897803
11,3.0,0.4125636667013168
12,3.0,0.5490727685391902
13,3.0,0.18523643404478204
14,3.0,0.031365684233605855
15,3.0,6.187893450259306e-05
16,3.0,0.5477414354681968
17,3.0,0.17580443387851113
18,3.0,0.08528500283136962
19,3.0,0.03875758545473217
20,6.0,0.45075941132381553
21,6.0,0.47494406159967173
22,6.0,0.3870862433686852
23,6.0,0.4429899328388273
24,6.0,0.49534445814788336
25,6.0,0.3582721650600433
26,6.0,0.3307877108454704
27,6.0,0.49649096839129914
28,6.0,0.34013634547591204
29,6.0,0.30030565150082106
0,6.0,0.5072255814447998
1,6.0,0.5065647969022392
2,6.0,0.659388445317745
3,6.0,0.5727438069880008
4,6.0,0.6180286416783928
5,6.0,0.5378461088985204
6,6.0,0.6109801247657741
7,6.0,0.44952080305665726
8,6.0,0.42582005914300675
9,6.0,0.5222586784511803
10,3.0,0.5580989234149455
11,3.0,0.4250047840178012
12,3.0,0.4353187382221221
13,3.0,0.28851119428873057
14,3.0,0.24286416918039316
15,3.0,0.24636348336935038
16,3.0,0.24521886557340616
17,3.0,0.3434492871165275
18,3.0,0.09806492691859602
19,3.0,0.38137717172503466
20,6.0,0.5016591405728831
21,6.0,0.5611465917900204
22,6.0,0.49820412951521564
23,6.0,0.492792141623795
24,6.0,0.4853823101148009
25,6.0,0.42310451343655575
26,6.0,0.3675102517008781
27,6.0,0.6362724378705024
28,6.0,0.5245134867727755
29,6.0,0.4471867540851235
0,6.0,0.5244576632976531
1,6.0,0.25629583746194834
2,6.0,0.13683397386921567
3,6.0,0.5222175400704144
4,6.0,0.44482905417680735
5,6.0,0.19814907759428022
6,6.0,0.11796430137474087
7,6.0,0.13454359234310687
8,6.0,0.4735647179186343
9,6.0,0.4373353365808725
10,3.0,0.6402435526251792
11,3.0,0.018296221271157223
12,3.0,0.6866728235036134
13,3.0,0.5685110129415989
14,3.0,0.026844989508390402
15,3.0,-0.212977010756731
16,3.0,-0.13226209022104737
17,3.0,-0.18895395100116727
18,3.0,-0.18405961245298383
19,3.0,0.5680385753512383
20,6.0,0.18748803110793227
21,6.0,0.13814898114651436
22,6.0,0.5983892804943024
23,6.0,0.5142960418015717
24,6.0,0.4713714756071567
25,6.0,0.21014770399779076
26,6.0,0.11814977369795085
27,6.0,0.11958751035854216
28,6.0,0.5946217339951544
29,6.0,0.5402813535183667
0,6.0,0.725498668849468
1,6.0,0.42227958329021925
2,6.0,0.467858706600964
3,6.0,0.4110523164272308
4,6.0,0.30637598410248756
5,6.0,0.45258698798716057
6,6.0,0.3701136186718941
7,6.0,0.45036515686661
8,6.0,0.3624681122601032
9,6.0,0.35050655901432026
10,3.0,0.44103652983903874
11,3.0,0.4492014274001121
12,3.0,0.2516195364296436
13,3.0,0.33850101381540293
14,3.0,0.24171569198369977
15,3.0,0.23380410298705095
16,3.0,0.24863548576831812
17,3.0,0.23015294224023813
18,3.0,0.19089760631322855
19,3.0,0.14658820256590838
20,6.0,0.46560622635297466
21,6.0,0.4831651644781231
22,6.0,0.3283142037689685
23,6.0,0.48379417601972813
24,6.0,0.2853404283523559
25,6.0,0.485044540837407
26,6.0,0.2955853603780269
27,6.0,0.5032431953586637
28,6.0,0.33220402151346207
29,6.0,0.23925745300948614
0,6.0,0.6244368366897105
1,6.0,0.4605939452303572
2,6.0,0.5146330520510672
3,6.0,0.41153938043862576
4,6.0,0.4868382057175039
5,6.0,0.42176470765843976
6,6.0,0.34665641188621515
7,6.0,0.3226549588143825
8,6.0,0.29554361104965204
9,6.0,0.49314446002244944
10,3.0,0.5010709427297114
11,3.0,0.4061086513102054
12,3.0,0.39044380560517306
13,3.0,0.21358214318752286
14,3.0,0.40943245030939573
15,3.0,0.3672530744224786
16,3.0,0.15101823816075918
17,3.0,0.001891785301268099
18,3.0,0.0019033038988709385
19,3.0,0.49365051276981825
20,6.0,0.46020269021391863
21,6.0,0.4357032887637614
22,6.0,0.37170574208721513
23,6.0,0.33539877738803614
24,6.0,0.4337751774291973
25,6.0,0.3537198565900325
26,6.0,0.3391444608569145
27,6.0,0.3636467568576335
28,6.0,0.32448299229145044
29,6.0,0.3488754592835903
0,6.0,0.4972146749496459
1,6.0,0.4493461535312235
2,6.0,0.4363819903228431
3,6.0,0.42647845810279245
4,6.0,0.30076454207301134
5,6.0,0.5264236677903681
6,6.0,0.427591037005186
7,6.0,0.38813641015440214
8,6.0,0.2593809328973293
9,6.0,0.5694904518313705
10,3.0,0.6041191294789314
11,3.0,0.6687541194260119
12,3.0,0.5640583857893944
13,3.0,0.4286638172343372
14,3.0,0.2936724461615085
15,3.0,0.12270507030189035
16,3.0,0.4650835990905761
17,3.0,0.1555098323151469
18,3.0,0.5367796700447797
19,3.0,0.1584358247928321
20,6.0,0.7791146114468572
21,6.0,0.4526273356750607
22,6.0,0.5844231322407721
23,6.0,0.4324994253693148
24,6.0,0.41554305015597487
25,6.0,0.4400957128964364
26,6.0,0.3694099356653168
27,6.0,0.5356805734336375
28,6.0,0.42123246227856714
29,6.0,0.49673440121114243
0,6.0,0.6452546338550745
1,6.0,0.6091485815122722
2,6.0,0.43974654842168087
3,6.0,0.329096520319581
4,6.0,0.5878731030970811
5,6.0,0.4325037280796095
6,6.0,0.5128732486627995
7,6.0,0.4731847196817397
8,6.0,0.3484645280987024
9,6.0,0.5232533942908048
10,3.0,0.37798695452511305
11,3.0,0.23267558403313154
12,3.0,0.28010069951415056
13,3.0,0.3862916631624102
14,3.0,0.177954634418711
15,3.0,0.09255073592066763
16,3.0,0.33219220116734494
17,3.0,0.20495210867375133
18,3.0,0.22046934388345102
19,3.0,0.12000452261418101
20,6.0,0.4460920840501784
21,6.0,0.39049599319696415
22,6.0,0.33247919194400305
23,6.0,0.33606008440256113
24,6.0,0.5482593865599482
25,6.0,0.3865583015140145
26,6.0,0.49655936751514657
27,6.0,0.37232800247147674
28,6.0,0.365548001602292
29,6.0,0.3756448747590184
0,6.0,0.6562709137797355
1,6.0,0.5684470329433678
2,6.0,0.5066069364547728
3,6.0,0.5233087390661239
4,6.0,0.387969045434147
5,6.0,0.33193008415400976
6,6.0,0.3458894314244389
7,6.0,0.5388465030118822
8,6.0,0.4511721027083695
9,6.0,0.42684268951416005
10,3.0,0.6058271192014216
11,3.0,0.30359288863837713
12,3.0,0.132112193852663
13,3.0,0.08758752420544622
14,3.0,0.3838231265544891
15,3.0,0.2645004587247967
16,3.0,0.1999441487714648
17,3.0,0.11597199644893405
18,3.0,0.36395124043337995
19,3.0,0.1709185596555471
20,6.0,0.6387245524674653
21,6.0,0.4942478779703378
22,6.0,0.5607280619442462
23,6.0,0.5018055653199552
24,6.0,0.4648719523102044
25,6.0,0.6132042566314339
26,6.0,0.4805024126544594
27,6.0,0.47103073634207243
28,6.0,0.44799460563808674
29,6.0,0.46233607828617085
0,6.0,0.4881940595805644
1,6.0,0.5579366283491253
2,6.0,0.5104636587202548
3,6.0,0.3578048124909401
4,6.0,0.4022299917414784
5,6.0,0.4732769411057233
6,6.0,0.36224099434912194
7,6.0,0.3273754618130624
8,6.0,0.4266488384455442
9,6.0,0.30882599450706033
10,3.0,0.4128620121628045
11,3.0,0.21500726789236066
12,3.0,0.25831459835171694
13,3.0,0.23405986279249186
14,3.0,0.4508731961250304
15,3.0,0.320957051590085
16,3.0,0.15942864865064615
17,3.0,0.4591988045722245
18,3.0,0.2639327100478112
19,3.0,0.31608034769305954
20,6.0,0.5849800379946827
21,6.0,0.5302996449172496
22,6.0,0.35927981440909207
23,6.0,0.2799066305160522
24,6.0,0.5199698824435471
25,6.0,0.3354696999303996
26,6.0,0.5199144203215836
27,6.0,0.3268180007580667
28,6.0,0.25708614289760584
29,6.0,0.4869653545320033
0,6.0,0.5348149612545966
1,6.0,0.5499516800045967
2,6.0,0.29938834114000196
3,6.0,0.5388576723635196
4,6.0,0.2722493800101801
5,6.0,0.19844088889658448
6,6.0,0.1644203960895538
7,6.0,0.15800670965109015
8,6.0,0.6044078692793845
9,6.0,0.3010075902566313
10,3.0,0.7188884168863295
11,3.0,0.4763662815093993
12,3.0,0.3449734449386596
13,3.0,0.3346855342388152
14,3.0,0.32741153240203846
15,3.0,0.2788450308144092
16,3.0,0.3736931793391704
17,3.0,0.32142397761344904
18,3.0,0.14392888592556113
19,3.0,-0.03245763573795557
20,6.0,0.7125379797071217
21,6.0,0.5148971676826477
22,6.0,0.49584937095642084
23,6.0,0.3512992095202207
24,6.0,0.1995572736486792
25,6.0,0.555126555263996
26,6.0,0.25249709188938135
27,6.0,0.19131375366123388
28,6.0,0.5689989365637302
29,6.0,0.43527122586965555
0,6.0,0.34595040977001185
1,6.0,0.4294769950211047
2,6.0,0.4260003194212913
3,6.0,0.5235597155988215
4,6.0,0.3492405638098716
5,6.0,0.372758075594902
6,6.0,0.3922297037206589
7,6.0,0.3239759281277656
8,6.0,0.47150010429322714
9,6.0,0.44011411629617203
10,3.0,0.45906508713960636
11,3.0,0.3079957797890528
12,3.0,0.5453528510406612
13,3.0,0.40495172329246987
14,3.0,0.40865652449429024
15,3.0,0.4146062592044472
16,3.0,0.3743331283330917
17,3.0,0.3697379566729068
18,3.0,0.3613963481038809
19,3.0,0.40524832811206574
20,6.0,0.43876410648226727
21,6.0,0.3548194393515586
22,6.0,0.46072536380961526
23,6.0,0.3843506276607513
24,6.0,0.2527362257242202
25,6.0,0.4626401839777826
26,6.0,0.3727371431887149
27,6.0,0.44456639140844334
28,6.0,0.40421891957521433
29,6.0,0.29767484962940205
0,6.0,0.5923893544822929
1,6.0,0.4807383008301257
2,6.0,0.44735640473663796
3,6.0,0.39173195697367186
4,6.0,0.39865748491138214
5,6.0,0.38350563682615746
6,6.0,0.595589009579271
7,6.0,0.47605716437101353
8,6.0,0.41849776357412327
9,6.0,0.4393301233649253
10,3.0,0.737374760210514
11,3.0,0.6500838180072606
12,3.0,0.4115957207977771
13,3.0,0.30888152727857227
14,3.0,0.4914551340043544
15,3.0,0.29786437004804606
16,3.0,0.3375780805945396
17,3.0,0.29088787827640766
18,3.0,0.3392420224845409
19,3.0,0.2449804991483688
20,6.0,0.6704632276669142
21,6.0,0.581886863335967
22,6.0,0.5430266968905925
23,6.0,0.6739853648468851
24,6.0,0.4847298432141542
25,6.0,0.3105905205011367
26,6.0,0.6739037595689295
27,6.0,0.37216120585799206
28,6.0,0.6221648274222388
29,6.0,0.3496749997138976
0,6.0,0.8013375550508498
1,6.0,0.6329899430274962
2,6.0,0.5954278260469436
3,6.0,0.5527667980641126
4,6.0,0.382600750774145
5,6.0,0.28346229717135424
6,6.0,0.5918197780847548
7,6.0,0.4518989175558089
8,6.0,0.48721784725785244
9,6.0,0.3885839451104402
10,3.0,0.7484919261187314
11,3.0,0.5776917114853858
12,3.0,0.5634690783917903
13,3.0,0.5447933841496706
14,3.0,0.1508453823626041
15,3.0,0.5577646307647227
16,3.0,0.4595662057399749
17,3.0,0.12956491857767102
18,3.0,0.014541525393724424
19,3.0,-0.0168425301089883
20,6.0,0.6807238310575484
21,6.0,0.5264551816508173
22,6.0,0.334167200140655
23,6.0,0.6166331507265567
24,6.0,0.33780580316670233
25,6.0,0.5841274820268153
26,6.0,0.3868360147462226
27,6.0,0.272929985076189
28,6.0,0.6312105413526296
29,6.0,0.4447567593306302
0,6.0,0.5320967286825179
1,6.0,0.5438442043960093
2,6.0,0.5047318236902355
3,6.0,0.4808517340570687
4,6.0,0.3167204828932881
5,6.0,0.5258942921645939
6,6.0,0.3876383081078529
7,6.0,0.4036317132413387
8,6.0,0.3967773988842964
9,6.0,0.3584429360926151
10,3.0,0.6403735205531118
11,3.0,0.4387940540909766
12,3.0,0.4927458763122558
13,3.0,0.5010420083999633
14,3.0,0.4977441579103469
15,3.0,0.2609542571008205
16,3.0,0.14997360110282895
17,3.0,0.4391231536865234
18,3.0,0.3172364607453346
19,3.0,0.2904463484883308
20,6.0,0.4329647608101367
21,6.0,0.4279915206134319
22,6.0,0.4028206020593642
23,6.0,0.3911255933344363
24,6.0,0.501425091177225
25,6.0,0.4279060047119855
26,6.0,0.36581325158476824
27,6.0,0.3375562839210033
28,6.0,0.33251811191439623
29,6.0,0.33284762129187584
0,6.0,0.776942204684019
1,6.0,0.4894652308285003
2,6.0,0.300434548407793
3,6.0,0.5545635402668266
4,6.0,0.3139158780977595
5,6.0,0.23773444257676596
6,6.0,0.5013440700713544
7,6.0,0.41223951987922186
8,6.0,0.4234973099082707
9,6.0,0.32348064146935934
10,3.0,0.45426579006016243
11,3.0,0.3796232724562287
12,3.0,0.22113489359617228
13,3.0,0.43266610614955425
14,3.0,0.28731689229607577
15,3.0,0.39154248556587834
16,3.0,0.30237852397840465
17,3.0,0.20734292513225225
18,3.0,0.3051694929599761
19,3.0,0.2571883406490087
20,6.0,0.4542556619271635
21,6.0,0.45767761208116997
22,6.0,0.3103915583342313
23,6.0,0.33776442334055895
24,6.0,0.4530999194830655
25,6.0,0.34728789282962674
26,6.0,0.3155488986521959
27,6.0,0.29424897208809847
28,6.0,0.4715959653258323
29,6.0,0.3937539053149521
0,6.0,0.579230049625039
1,6.0,0.511818341910839
2,6.0,0.36385561898350705
3,6.0,0.33357682824134827
4,6.0,0.34882955998182297
5,6.0,0.3305353075265884
6,6.0,0.33095662668347353
7,6.0,0.37938907230272884
8,6.0,0.40254481136798853
9,6.0,0.4102761860704049
10,3.0,0.4807525859214365
11,3.0,0.3561151567846536
12,3.0,0.383587734773755
13,3.0,0.22279899194836614
14,3.0,0.22922037728130815
15,3.0,0.10663442476652561
16,3.0,0.04536183737218379
17,3.0,0.06532275211066006
18,3.0,0.3891521710902452
19,3.0,0.08232020400464533
20,6.0,0.20477680116891858
21,6.0,0.31867966987192625
22,6.0,0.5313838627189397
23,6.0,0.30037853308022017
24,6.0,0.22812399352551432
25,6.0,0.2076718931784853
26,6.0,0.4848492648452519
27,6.0,0.34807565249502653
28,6.0,0.39396986365318293
29,6.0,0.27842181548476214
0,6.0,0.5516655668616294
1,6.0,0.48486232385039313
2,6.0,0.4896752927452325
3,6.0,0.3357592821121215
4,6.0,0.32211227715015406
5,6.0,0.2765353992581367
6,6.0,0.2821046486496925
7,6.0,0.2795910239219665
8,6.0,0.3563237655907869
9,6.0,0.41519362479448313
10,3.0,0.22119202464818952
11,3.0,0.19603385869413611
12,3.0,0.21180496667511758
13,3.0,0.06703463196754454
14,3.0,0.053320603445172296
15,3.0,0.3851892654784023
16,3.0,0.11827901192009446
17,3.0,0.32888325396925205
18,3.0,0.2479036971926689
19,3.0,0.25993605144321913
20,6.0,0.5798614341765641
21,6.0,0.49620448006317014
22,6.0,0.4002851080149411
23,6.0,0.3943379316478967
24,6.0,0.35175111703574646
25,6.0,0.25169630057644093
26,6.0,0.4999808594584464
27,6.0,0.34322188608348364
28,6.0,0.34459118545055384
29,6.0,0.31938675045967096
0,6.0,0.6663428395986556
1,6.0,0.4210873469710349
2,6.0,0.3345339774969033
3,6.0,0.4439479149878024
4,6.0,0.40791713420185255
5,6.0,0.29357177391648287
6,6.0,0.27856351062655443
7,6.0,0.4420402413234114
8,6.0,0.41981055261567224
9,6.0,0.2731616552919149
10,3.0,0.5550251249223948
11,3.0,0.17014019098132846
12,3.0,0.517431414220482
13,3.0,0.35392942326143384
14,3.0,0.23853686265647409
15,3.0,0.10649188887327908
16,3.0,0.13047736417502162
17,3.0,0.38404533697757864
18,3.0,0.2698254023925983
19,3.0,0.3646638230420648
20,6.0,0.4544758722186088
21,6.0,0.462889946065843
22,6.0,0.3542134948074817
23,6.0,0.5192903103306888
24,6.0,0.3863292979076504
25,6.0,0.3438419363228603
26,6.0,0.452302723773755
27,6.0,0.5001982124522327
28,6.0,0.3720353012904524
29,6.0,0.3551224451512097
0,6.0,0.5312188044190406
1,6.0,0.550122434273362
2,6.0,0.41979230195283884
3,6.0,0.5409859251230954
4,6.0,0.33613266516476864
5,6.0,0.44197508133947844
6,6.0,0.35913880541920656
7,6.0,0.3563359975814819
8,6.0,0.3664830699563026
9,6.0,0.44558984600007523
10,3.0,0.5532767325639724
11,3.0,0.36012146621942515
12,3.0,0.24378050863742826
13,3.0,0.18086166679859156
14,3.0,0.43045055493712414
15,3.0,0.35495313256978983
16,3.0,0.24991566315293307
17,3.0,0.2888584285974502
18,3.0,0.19021644443273542
19,3.0,0.33178509119898075
20,6.0,0.43185161426663393
21,6.0,0.2989248558878898
22,6.0,0.5197711251676082
23,6.0,0.369250901043415
24,6.0,0.5370835345238446
25,6.0,0.34825577586889256
26,6.0,0.2819079495966434
27,6.0,0.48403083346784104
28,6.0,0.3089348599314689
29,6.0,0.2556396275758743
0,6.0,0.5290651042014359
1,6.0,0.3622053219005465
2,6.0,0.5169297019019722
3,6.0,0.42900558260225796
4,6.0,0.32037199754267925
5,6.0,0.2953337393701076
6,6.0,0.27667819708585734
7,6.0,0.5570536535233258
8,6.0,0.3751067584380507
9,6.0,0.24152854643762106
10,3.0,0.5371328331530093
11,3.0,0.31497365422546864
12,3.0,0.3605217691510916
13,3.0,0.3031339701265096
14,3.0,0.149958380497992
15,3.0,0.35709548555314535
16,3.0,0.2724978807382285
17,3.0,0.21720077807549382
18,3.0,0.1589889852330088
19,3.0,0.31251318566501135
20,6.0,0.39701214712113136
21,6.0,0.4738341215997933
22,6.0,0.406657937914133
23,6.0,0.4019422605633735
24,6.0,0.37568109482526774
25,6.0,0.37052645906805987
26,6.0,0.2460793033242225
27,6.0,0.25814903876744205
28,6.0,0.25756065710447723
29,6.0,0.26958207401912654
0,6.0,0.4440285079181194
1,6.0,0.3251521624624728
2,6.0,0.46541830291971553
3,6.0,0.3679117942228912
4,6.0,0.2583173047751188
5,6.0,0.26367147546261543
6,6.0,0.3561471053399145
7,6.0,0.22442382387816903
8,6.0,0.21293537318706507
9,6.0,0.4319237824529409
10,3.0,0.5141049865633248
11,3.0,0.5340444929897784
12,3.0,-0.09368563070893288
13,3.0,0.6327927578240632
14,3.0,0.4542652303935028
15,3.0,0.42571265762671817
16,3.0,0.41551207989687095
17,3.0,-0.10712907277047636
18,3.0,0.4916777471080422
19,3.0,-0.12209317833185196
20,6.0,0.1571790967136621
21,6.0,0.22832964733242983
22,6.0,0.23026678338646886
23,6.0,0.43342413939535607
24,6.0,0.26624881126917893
25,6.0,0.21336041204631326
26,6.0,0.3708437550812959
27,6.0,0.2651685355231166
28,6.0,0.24738016724586484
29,6.0,0.3573252446949481
0,6.0,0.6844291724264621
1,6.0,0.643730904906988
2,6.0,0.33689433336257923
3,6.0,0.2033832892775535
4,6.0,0.16811475902795786
5,6.0,0.625961371930316
6,6.0,0.47699812799692143
7,6.0,0.45511460304260243
8,6.0,0.3098133653402328
9,6.0,0.17137453705072397
10,3.0,0.19983538985252375
11,3.0,0.0954896509647369
12,3.0,-0.0021027773618698233
13,3.0,0.7094377428293228
14,3.0,0.5250838063657283
15,3.0,0.009234155062586067
16,3.0,-0.002736620604991926
17,3.0,0.5386403473094105
18,3.0,0.47361822426319117
19,3.0,0.48361603170633305
20,6.0,0.24271083250641814
21,6.0,0.22671362757682795
22,6.0,0.5940736513584851
23,6.0,0.5088447835296391
24,6.0,0.31354092434048647
25,6.0,0.20929769426584238
26,6.0,0.19024970382452006
27,6.0,0.1813063025474548
28,6.0,0.6660393849015236
29,6.0,0.24056183546781537
0,6.0,0.6937927780672907
1,6.0,0.4404146447777747
2,6.0,0.596925040706992
3,6.0,0.4255279898643492
4,6.0,0.3228626996278762
5,6.0,0.5606968887150287
6,6.0,0.46121021360158915
7,6.0,0.5650319159030913
8,6.0,0.5366443572565912
9,6.0,0.42126982286572445
10,3.0,0.6682135993614791
11,3.0,0.4346663951873778
12,3.0,0.4059227667748927
13,3.0,0.3170045651495456
14,3.0,0.3086490407586097
15,3.0,0.15271157026290888
16,3.0,0.12468664348125452
17,3.0,0.46685819793492545
18,3.0,0.4445526804774999
19,3.0,0.21834221482276914
20,6.0,0.4518168345093726
21,6.0,0.5670314682647585
22,6.0,0.47963330429047335
23,6.0,0.500520528294146
24,6.0,0.45847004279494274
25,6.0,0.41497984528541554
26,6.0,0.28694613277912134
27,6.0,0.6153378151357173
28,6.0,0.38058960437774647
29,6.0,0.5086667798459529
0,6.0,0.5638563968241214
1,6.0,0.45055847798357707
2,6.0,0.36496619274839753
3,6.0,0.382255425909534
4,6.0,0.338543526828289
5,6.0,0.2618219852447509
6,6.0,0.25683830678462977
7,6.0,0.25514658540487284
8,6.0,0.23429394513368604
9,6.0,0.4161513410508632
10,3.0,0.6028826870024203
11,3.0,0.07954876683652397
12,3.0,0.5539198629558085
13,3.0,0.46499750763177866
14,3.0,0.44528653100132937
15,3.0,0.418580949306488
16,3.0,0.4151943735778331
17,3.0,-0.023810815066099177
18,3.0,0.4521289896219968
19,3.0,0.36974782310426235
20,6.0,0.4279236830770969
21,6.0,0.4254388003610074
22,6.0,0.35059633618220676
23,6.0,0.34062405116856087
24,6.0,0.42016081232577557
25,6.0,0.4184701591730117
26,6.0,0.3772231442853808
27,6.0,0.2694747487548738
28,6.0,0.419248454272747
29,6.0,0.37493729963898653
0,6.0,0.6756365001201629
1,6.0,0.5922370199114083
2,6.0,0.5315713165327905
3,6.0,0.4985834807157516
4,6.0,0.3550408582377712
5,6.0,0.48466880340129126
6,6.0,0.45543060451745976
7,6.0,0.5044916057959198
8,6.0,0.4466085545718669
9,6.0,0.31849501654505724
10,3.0,0.49653262319043273
11,3.0,0.4084643637761473
12,3.0,0.3925785521278157
13,3.0,0.34056574292480946
14,3.0,0.28097415715456003
15,3.0,0.1549984477460384
16,3.0,0.19735839217901227
17,3.0,0.18144067376852033
18,3.0,0.34933687048032874
19,3.0,0.1969574675895273
20,6.0,0.4521243283525109
21,6.0,0.37392134964466095
22,6.0,0.5462199449539183
23,6.0,0.3570706862956285
24,6.0,0.2650856561958789
25,6.0,0.2503684349358081
26,6.0,0.25361708924174303
27,6.0,0.5185815207660197
28,6.0,0.4020377043634652
29,6.0,0.5075771696865558
0,6.0,0.6218252982944248
1,6.0,0.4993525706231593
2,6.0,0.49104944244027127
3,6.0,0.48455248773097986
4,6.0,0.3471814431250095
5,6.0,0.33737564831972117
6,6.0,0.39211674034595484
7,6.0,0.48469563014805306
8,6.0,0.42759438976645464
9,6.0,0.33083696290850634
10,3.0,0.49604024179279793
11,3.0,0.5214336123317479
12,3.0,0.5229893056675791
13,3.0,0.1801223838701844
14,3.0,0.6280620880424976
15,3.0,0.5492269918322562
16,3.0,0.11833902816033512
17,3.0,0.5428871996700763
18,3.0,0.4948327750898897
19,3.0,0.17393837822601196
20,6.0,0.32768512051552523
21,6.0,0.2837506779469549
22,6.0,0.32223148830234993
23,6.0,0.2868093382567167
24,6.0,0.4751580802258103
25,6.0,0.41558668017387385
26,6.0,0.36714321281760925
27,6.0,0.3797310065710917
28,6.0,0.3603248889558016
29,6.0,0.45934852771461004
0,6.0,0.6269283294677733
1,6.0,0.290284396149218
2,6.0,0.5029567843303083
3,6.0,0.3400949332863092
4,6.0,0.2917066719383001
5,6.0,0.33176924847066397
6,6.0,0.31598853738978494
7,6.0,0.2340787164866924
8,6.0,0.4385068758856504
9,6.0,0.2863757703453302
10,3.0,0.2549471221864223
11,3.0,0.1720294244587421
12,3.0,0.1292706951498985
13,3.0,0.34364357404410834
14,3.0,0.2228341731242835
15,3.0,0.18973899353295562
16,3.0,0.13271362800151107
17,3.0,0.27116803079843516
18,3.0,0.20419996604323387
19,3.0,0.2543503753840923
20,6.0,0.47245499119162554
21,6.0,0.3957817200571298
22,6.0,0.3981484156101941
23,6.0,0.30669114924967283
24,6.0,0.2584754507988691
25,6.0,0.2765516154468059
26,6.0,0.3875273838639259
27,6.0,0.31898179370909924
28,6.0,0.22356800734996793
29,6.0,0.2306970991194248
0,6.0,0.6818821504712103
1,6.0,0.4624994467012583
2,6.0,0.6157171949744223
3,6.0,0.4333549235016107
4,6.0,0.5281612230464815
5,6.0,0.3974203886464237
6,6.0,0.33019271283410484
7,6.0,0.5389661751687526
8,6.0,0.3815398797160014
9,6.0,0.3139782240614294
10,3.0,0.5375376250594853
11,3.0,0.4130781604908406
12,3.0,0.4330665096640586
13,3.0,0.31681507080793375
14,3.0,0.3301286352798342
15,3.0,0.4574245866388082
16,3.0,0.26100112870335573
17,3.0,0.24588445853441948
18,3.0,0.08431647252291438
19,3.0,0.09741483861580488
20,6.0,0.4824427152052521
21,6.0,0.36883997917175293
22,6.0,0.562749427743256
23,6.0,0.4721399024128913
24,6.0,0.4345206804573535
25,6.0,0.3519103369908407
26,6.0,0.3205314557999372
27,6.0,0.30307323858141894
28,6.0,0.304036995396018
29,6.0,0.25258263200521464
0,6.0,0.6509224250912664
1,6.0,0.5597785431891679
2,6.0,0.31552204489707936
3,6.0,0.2439065463840961
4,6.0,0.27576097100973124
5,6.0,0.2337727025151252
6,6.0,0.22787022218108174
7,6.0,0.283761940896511
8,6.0,0.4568848870694636
9,6.0,0.3337300522252917
10,3.0,0.6385970935225486
11,3.0,0.3077984042465686
12,3.0,0.13671102374792096
13,3.0,0.1786212623119354
14,3.0,0.17812215909361837
15,3.0,0.21894862502813334
16,3.0,0.5354619082063435
17,3.0,0.278367212973535
18,3.0,0.3817605413496494
19,3.0,0.2152459770441055
20,6.0,0.501665755175054
21,6.0,0.3963854517787694
22,6.0,0.42351441271603096
23,6.0,0.3401980148628354
24,6.0,0.36506257718428964
25,6.0,0.48163753538392473
26,6.0,0.36631577089428896
27,6.0,0.4718032227829098
28,6.0,0.319796036928892
29,6.0,0.48799698008224357
0,6.0,0.6951338648796079
1,6.0,0.6980168484151361
2,6.0,0.3505691327154636
3,6.0,0.6657086526975035
4,6.0,0.39370083063840866
5,6.0,0.22964854817837474
6,6.0,0.5226167179644107
7,6.0,0.44818832352757443
8,6.0,0.41315084695816034
9,6.0,0.4408263191580772
10,3.0,0.4808397144079208
11,3.0,0.37292408198118204
12,3.0,0.3797207749448716
13,3.0,0.3379220180213451
14,3.0,0.2551843356341123
15,3.0,0.35201384872198105
16,3.0,0.19685104116797442
17,3.0,0.10293524991720912
18,3.0,0.13443247135728595
19,3.0,0.12500343238934872
20,6.0,0.4397958740592002
21,6.0,0.49566593952476967
22,6.0,0.3338056597858667
23,6.0,0.33587886020541186
24,6.0,0.31311113480478514
25,6.0,0.4291344042867421
26,6.0,0.41577058006078
27,6.0,0.30909985397011036
28,6.0,0.4525700397789478
29,6.0,0.38302864506840695
0,6.0,0.5294153345748781
1,6.0,0.47968413773924107
2,6.0,0.35894108563661564
3,6.0,0.32921919226646423
4,6.0,0.4708953984081744
5,6.0,0.3330520093441009
6,6.0,0.4965825509279965
7,6.0,0.4150322340428828
8,6.0,0.4124071449041366
9,6.0,0.3853666894137858
10,3.0,0.7911944277584553
11,3.0,0.4181722402572631
12,3.0,0.5918943621218202
13,3.0,0.4933154378086328
14,3.0,0.4029684159904718
15,3.0,0.2848164159804582
16,3.0,0.27234957087785
17,3.0,0.23798816092312333
18,3.0,0.2611074643209576
19,3.0,0.2473447313532233
20,6.0,0.4093298250809312
21,6.0,0.38602914847433556
22,6.0,0.4903384232893585
23,6.0,0.4451308455318212
24,6.0,0.5209765615873038
25,6.0,0.3846327792853116
26,6.0,0.4563669636845588
27,6.0,0.29010780248790974
28,6.0,0.5683782286942004
29,6.0,0.39355930127203453
0,6.0,0.6538017913699149
1,6.0,0.5690580708906053
2,6.0,0.46862141788005823
3,6.0,0.37921906262636174
4,6.0,0.5778546137735247
5,6.0,0.44820822030305857
6,6.0,0.37766078114509577
7,6.0,0.36254104226827616
8,6.0,0.5357296466827391
9,6.0,0.4052664389600976
10,3.0,0.4125327691435813
11,3.0,0.2780964225530624
12,3.0,0.6812141090631484
13,3.0,0.3892028555274009
14,3.0,0.21808437444269652
15,3.0,0.10574225336313246
16,3.0,0.5179465319961309
17,3.0,0.17540268599987024
18,3.0,0.4476787149906158
19,3.0,0.2129379324615001
20,6.0,0.5849842634052037
21,6.0,0.4779157154262065
22,6.0,0.3482915759086608
23,6.0,0.37162386626005167
24,6.0,0.48084571445360774
25,6.0,0.44144639372825617
26,6.0,0.37480941414833063
27,6.0,0.49125893291784445
28,6.0,0.40478898584842676
29,6.0,0.36013777554035187
0,6.0,0.6554487124085425
1,6.0,0.486194297671318
2,6.0,0.4530606083571911
3,6.0,0.5209812968969344
4,6.0,0.570644833613187
5,6.0,0.474568648263812
6,6.0,0.38832894247025246
7,6.0,0.36020896956324566
8,6.0,0.3806977812200784
9,6.0,0.3898751083761453
10,3.0,0.6515629552304744
11,3.0,0.3705349019146524
12,3.0,0.5328776724636554
13,3.0,0.3591076545417308
14,3.0,0.3450398165732621
15,3.0,0.4376445319503545
16,3.0,0.32079471647739405
17,3.0,0.317310819402337
18,3.0,0.199811615049839
19,3.0,0.4847521379706449
20,6.0,0.44589604530483473
21,6.0,0.5365615235641598
22,6.0,0.5509054325520991
23,6.0,0.4287455560997841
24,6.0,0.44881366565823544
25,6.0,0.4276993498206138
26,6.0,0.43098492547869677
27,6.0,0.4412831692025065
28,6.0,0.4279342144727706
29,6.0,0.4320150082930922
0,6.0,0.6549633592367172
1,6.0,0.4729027729481458
2,6.0,0.412651925580576
3,6.0,0.35009938757866615
4,6.0,0.3756000186549499
5,6.0,0.3508296106010675
6,6.0,0.4605942138005047
7,6.0,0.3492570519447326
8,6.0,0.3363141044974326
9,6.0,0.3357641585171222
10,3.0,0.34787636436521996
11,3.0,0.3022021129727363
12,3.0,0.16790890693664545
13,3.0,0.04322050511837004
14,3.0,0.08333999477326867
15,3.0,0.3318569820839911
16,3.0,0.1815569534664973
17,3.0,0.07437449041754006
18,3.0,0.06636197865009306
19,3.0,0.03972300980240105
20,6.0,0.5346593474969267
21,6.0,0.43569905404001463
22,6.0,0.4823050200939178
23,6.0,0.38315633567981416
24,6.0,0.26917498186230654
25,6.0,0.5276555307209491
26,6.0,0.35868692753138015
27,6.0,0.2737327460199594
28,6.0,0.46806121803820117
29,6.0,0.3829276897886302
0,6.0,0.5528443530201911
1,6.0,0.4706105440855025
2,6.0,0.4067092090845107
3,6.0,0.4046126976609229
4,6.0,0.37708760425448407
5,6.0,0.3518900610506534
6,6.0,0.427917955443263
7,6.0,0.3766846992075442
8,6.0,0.413161564618349
9,6.0,0.38798385113477696
10,3.0,0.5462772715836762
11,3.0,0.23679283098317677
12,3.0,0.45425886660814274
13,3.0,0.34954120591282833
14,3.0,0.32416309975087637
15,3.0,0.29923090455122286
16,3.0,0.2727972995489835
17,3.0,0.16881210729479784
18,3.0,0.42593172239139665
19,3.0,0.27457891963422293
20,6.0,0.5006373273208736
21,6.0,0.5063620703294872
22,6.0,0.3798238141462206
23,6.0,0.2478970810770988
24,6.0,0.22390168160200116
25,6.0,0.5654716005083172
26,6.0,0.30679001659154886
27,6.0,0.550129607785493
28,6.0,0.5038873516023158
29,6.0,0.5213606255128979
0,6.0,0.5336899836547673
1,6.0,0.5729514248669146
2,6.0,0.526535641402006
3,6.0,0.4048445746302604
4,6.0,0.49460302293300623
5,6.0,0.41549486853182316
6,6.0,0.41324039921164507
7,6.0,0.4662748579867183
8,6.0,0.2686824649572372
9,6.0,0.26214212551712984
10,3.0,0.5349604226648806
11,3.0,0.3795559713616966
12,3.0,0.43539961799979204
13,3.0,0.37101014808285976
14,3.0,0.24254165031015867
15,3.0,0.26921489089727396
16,3.0,0.3281929958611727
17,3.0,0.28761225380003447
18,3.0,0.2545104073360562
19,3.0,0.2967251762747764
20,6.0,0.4411390684545039
21,6.0,0.4316510520875453
22,6.0,0.3969025239348411
23,6.0,0.444677323102951
24,6.0,0.40899713337421406
25,6.0,0.4398577604442834
26,6.0,0.4299341458827257
27,6.0,0.400747675448656
28,6.0,0.3263802640140056
29,6.0,0.33590579405426974
0,6.0,0.6083141695708035
1,6.0,0.4742568936198949
2,6.0,0.4387687579728662
3,6.0,0.32173204049468035
4,6.0,0.3200652413070201
5,6.0,0.6047154888510703
6,6.0,0.3925101831555366
7,6.0,0.4781708940863609
8,6.0,0.31943320855498303
9,6.0,0.4876327849924564
10,3.0,0.4535348825156688
11,3.0,0.42973433248698706
12,3.0,0.45051018253434444
13,3.0,0.22858993802219624
14,3.0,0.04835366271436213
15,3.0,0.40041671181097616
16,3.0,0.29426899459213013
17,3.0,0.10719009861350057
18,3.0,0.050146093592047684
19,3.0,0.45487492438405747
20,6.0,0.5180750526487826
21,6.0,0.4408101351000368
22,6.0,0.45896569459000597
23,6.0,0.4878800517180934
24,6.0,0.4251318350434302
25,6.0,0.3778122289804741
26,6.0,0.3820918472483753
27,6.0,0.42684090510010714
28,6.0,0.3063213811255991
29,6.0,0.25976805761456484
0,6.0,0.6084550111554562
1,6.0,0.5042728828266262
2,6.0,0.33967937342822546
3,6.0,0.5541141796857117
4,6.0,0.39949424285441626
5,6.0,0.5289390496909617
6,6.0,0.4688429683446883
7,6.0,0.44348957762122143
8,6.0,0.49864315016020544
9,6.0,0.4455513041466474
10,3.0,0.6856679916381835
11,3.0,0.41649475321173657
12,3.0,0.20661818981170652
13,3.0,0.5380649603903292
14,3.0,0.28525856649503106
15,3.0,0.21934689185582099
16,3.0,0.4938654080033301
17,3.0,0.2647939836606383
18,3.0,0.16489572077989575
19,3.0,0.19352836906909937
20,6.0,0.5004009967669844
21,6.0,0.5025669229216873
22,6.0,0.5616419780999421
23,6.0,0.3852630406618118
24,6.0,0.49093150207772845
25,6.0,0.5231963009573518
26,6.0,0.5196420492138712
27,6.0,0.4955234866356476
28,6.0,0.5322697702795266
29,6.0,0.4597536176443099
0,6.0,0.5786248892545699
1,6.0,0.5110237300395964
2,6.0,0.5051222518086432
3,6.0,0.49330703914165486
4,6.0,0.4898955672979354
5,6.0,0.480055347084999
6,6.0,0.4972022771835326
7,6.0,0.46237672120332707
8,6.0,0.4106050040572881
9,6.0,0.3005977123975753
10,3.0,0.42596626840531815
11,3.0,0.3356432672590017
12,3.0,0.43467597477138026
13,3.0,0.43438835116103286
14,3.0,0.37569385115057224
15,3.0,0.36784966103732575
16,3.0,0.28581250319257373
17,3.0,0.22945120045915238
18,3.0,0.33704809984192247
19,3.0,0.2568718893453478
20,6.0,0.4236271977424621
21,6.0,0.4401554521173238
22,6.0,0.41983962990343565
23,6.0,0.4307014364749192
24,6.0,0.35195895098149765
25,6.0,0.2364859508816152
26,6.0,0.5044477004557847
27,6.0,0.30444514099508513
28,6.0,0.1977924895472824
29,6.0,0.6008338704705237
0,6.0,0.4868282414972781
1,6.0,0.5135543374344705
2,6.0,0.3992195017635822
3,6.0,0.4520381037145852
4,6.0,0.30126507300883526
5,6.0,0.4945133887231349
6,6.0,0.288269018754363
7,6.0,0.46761125326156605
8,6.0,0.3820832278579473
9,6.0,0.34074184042401606
10,3.0,0.44014909304678435
11,3.0,0.5671057142317294
12,3.0,0.5322602745145558
13,3.0,0.41705744713544834
14,3.0,0.10273574426537377
15,3.0,-0.018363342620432387
16,3.0,-0.045937265967950225
17,3.0,-0.040723149199038744
18,3.0,-0.04773738537915052
19,3.0,0.475374927278608
20,6.0,0.3423966355621814
21,6.0,0.3056417829357087
22,6.0,0.29324468714185054
23,6.0,0.27102079521864647
24,6.0,0.29552517551928753
25,6.0,0.34530893713235855
26,6.0,0.38582503836369136
27,6.0,0.34304120129672805
28,6.0,0.3173757544718682
29,6.0,0.3643769303162116
0,6.0,0.4513226561248302
1,6.0,0.3881825096905231
2,6.0,0.4428211860358714
3,6.0,0.38530463539063925
4,6.0,0.4479066282510757
5,6.0,0.4451400078833102
6,6.0,0.4027262888848781
7,6.0,0.47720183944329614
8,6.0,0.3338706716895103
9,6.0,0.35519603639841074
10,3.0,0.6311044413596392
11,3.0,0.4711783491075038
12,3.0,0.42913142591714853
13,3.0,0.19464066997170443
14,3.0,0.5898368516936897
15,3.0,0.5355385895818471
16,3.0,0.5271726854261941
17,3.0,0.037726425565779195
18,3.0,0.5546607226133345
19,3.0,0.46187825407832855
20,6.0,0.3071409012190997
21,6.0,0.49445138685405243
22,6.0,0.44907533749938
23,6.0,0.394951956346631
24,6.0,0.42845585569739336
25,6.0,0.31438476592302317
26,6.0,0.48774924193276087
27,6.0,0.39100679382681847
28,6.0,0.29113451950252056
29,6.0,0.4939710041508078
