Ht,chi,gamma,direction
8.0,0.4846107140183448,1e-07,down
7.8,0.4523997008800506,1e-07,down
7.6,0.46014565601944907,1e-07,down
7.4,0.446611601859331,1e-07,down
7.2,0.63418938126415,1e-07,down
7.0,0.5855125868692993,1e-07,down
6.8,0.4320964068174361,1e-07,down
6.6,0.4245415329933166,1e-07,down
6.4,0.4056836292147636,1e-07,down
6.2,0.6329472251236438,1e-07,down
6.0,0.5955877369997323,1e-07,down
5.8,0.2909976094961166,1e-07,down
5.6,0.46153642050921906,1e-07,down
5.4,0.4862241335213184,1e-07,down
5.2,0.30724520236253733,1e-07,down
5.0,0.4108181484043597,1e-07,down
4.8,0.4779660459607839,1e-07,down
4.6,0.3733502002432942,1e-07,down
4.4,0.3877838551998138,1e-07,down
4.2,0.33597495499998326,1e-07,down
4.0,0.4088908471167087,1e-07,down
3.8,0.21488190209493038,1e-07,down
3.6,0.25979034230113024,1e-07,down
3.4,0.21576174348592755,1e-07,down
3.2,0.579937720671296,1e-07,down
3.0,0.31823100894689554,1e-07,down
2.8,0.3554265974089503,1e-07,down
2.6,0.310001628473401,1e-07,down
2.4,0.3624036721885204,1e-07,down
2.2,0.49651495786383737,1e-07,down
2.0,0.42745516076683987,1e-07,down
1.8,0.4537835952360182,1e-07,down
1.6,0.3256221711635589,1e-07,down
1.4,0.15309203229844567,1e-07,down
1.2,0.3483049422502517,1e-07,down
1.0,0.07924177125096318,1e-07,down
0.8,0.2121449783444404,1e-07,down
0.6,0.09711287613026795,1e-07,down
0.4,0.3414303986355662,1e-07,down
0.2,0.45969965495169157,1e-07,down
-0.0,0.4730544080957769,1e-07,down
-0.0,0.4730544080957769,1e-07,up
0.2,0.01837422046810388,1e-07,up
0.4,0.3039773870259523,1e-07,up
0.6,0.04779926501214503,1e-07,up
0.8,0.24590212292969224,1e-07,up
1.0,0.42257001996040333,1e-07,up
1.2,0.23558878339827055,1e-07,up
1.4,0.28066872432827944,1e-07,up
1.6,0.20215341751463708,1e-07,up
1.8,0.14047175319865343,1e-07,up
2.0,0.2350954785943031,1e-07,up
2.2,0.1701923683285713,1e-07,up
2.4,0.2183692120015621,1e-07,up
2.6,0.4761858970159664,1e-07,up
2.8,0.2653272990137338,1e-07,up
3.0,0.3678791280835866,1e-07,up
3.2,0.29622201994061464,1e-07,up
3.4,0.30572040192782873,1e-07,up
3.6,0.3308371603488922,1e-07,up
3.8,0.2596191992051899,1e-07,up
4.0,0.2239582575857639,1e-07,up
4.2,0.44427541270852083,1e-07,up
4.4,0.36462575197219843,1e-07,up
4.6,0.5826503466814755,1e-07,up
4.8,0.1574179911985993,1e-07,up
5.0,0.3496382720768451,1e-07,up
5.2,0.4925013370811938,1e-07,up
5.4,0.48785599507391436,1e-07,up
5.6,0.38645602995529765,1e-07,up
5.8,0.6159798528533428,1e-07,up
6.0,0.354009885340929,1e-07,up
6.2,0.43690682761371125,1e-07,up
6.4,0.4061926724389195,1e-07,up
6.6,0.31561263091862196,1e-07,up
6.8,0.5649804044514893,1e-07,up
7.0,0.5034442199394106,1e-07,up
7.2,0.5807163640856742,1e-07,up
7.4,0.4501701667904853,1e-07,up
7.6,0.4371304921805858,1e-07,up
7.8,0.4456324167549609,1e-07,up
8.0,0.43996357172727574,1e-07,up
8.0,0.4610377606004476,1e-07,down
7.8,0.4895241777412593,1e-07,down
7.6,0.4434797884896397,1e-07,down
7.4,0.5533026517368852,1e-07,down
7.2,0.56417971663177,1e-07,down
7.0,0.5747082931920885,1e-07,down
6.8,0.3725199997425079,1e-07,down
6.6,0.3931115195155143,1e-07,down
6.4,0.5341382902115582,1e-07,down
6.2,0.4252475444227456,1e-07,down
6.0,0.19877098500728604,1e-07,down
5.8,0.4062829744070767,1e-07,down
5.6,0.32112516369670624,1e-07,down
5.4,0.43253100430592883,1e-07,down
5.2,0.18633602559566495,1e-07,down
5.0,0.2626611217856407,1e-07,down
4.8,0.5433077816851436,1e-07,down
4.6,0.24329791869968173,1e-07,down
4.4,0.3298613019287586,1e-07,down
4.2,0.24764135479927057,1e-07,down
4.0,0.4565704902634024,1e-07,down
3.8,0.47802534699439997,1e-07,down
3.6,0.40718492493033404,1e-07,down
3.4,0.19644115120172498,1e-07,down
3.2,0.3181620172981638,1e-07,down
3.0,0.21856689825654027,1e-07,down
2.8,0.28113597817718977,1e-07,down
2.6,0.3872194364666938,1e-07,down
2.4,0.15568285807967183,1e-07,down
2.2,0.34737123781815166,1e-07,down
2.0,0.11957352980971334,1e-07,down
1.8,0.28403362841345364,1e-07,down
1.6,0.36831664294004435,1e-07,down
1.4,0.41761352680623526,1e-07,down
1.2,0.5565366074442862,1e-07,down
1.0,0.45248577184975136,1e-07,down
0.8,0.4561332147568464,1e-07,down
0.6,0.0759286230895668,1e-07,down
0.4,0.4386856742203235,1e-07,down
0.2,0.05884750187397002,1e-07,down
-0.0,0.29305274784564966,1e-07,down
-0.0,0.29305274784564966,1e-07,up
0.2,0.553131803870201,1e-07,up
0.4,0.07186818867921828,1e-07,up
0.6,0.08750101830810306,1e-07,up
0.8,0.04715649457648396,1e-07,up
1.0,0.013406281359493719,1e-07,up
1.2,0.10626230854541062,1e-07,up
1.4,-0.020314096473157413,1e-07,up
1.6,0.3507021386176347,1e-07,up
1.8,-0.06926370039582253,1e-07,up
2.0,0.22586157545447347,1e-07,up
2.2,0.42891874536871905,1e-07,up
2.4,0.4529608245939016,1e-07,up
2.6,0.014813577756285657,1e-07,up
2.8,0.3669428769499063,1e-07,up
3.0,0.03840105934068559,1e-07,up
3.2,0.38700853224145243,1e-07,up
3.4,0.05427839653566477,1e-07,up
3.6,0.19688115268945688,1e-07,up
3.8,0.29168611951172346,1e-07,up
4.0,0.17099757026880977,1e-07,up
4.2,0.15182027523405847,1e-07,up
4.4,0.2773219877853989,1e-07,up
4.6,0.2774565871804952,1e-07,up
4.8,0.14714567363262174,1e-07,up
5.0,0.3736556181684136,1e-07,up
5.2,0.4817982427775859,1e-07,up
5.4,0.5410672388970851,1e-07,up
5.6,0.5623768735677004,1e-07,up
5.8,0.14216299541294572,1e-07,up
6.0,0.3755654450505971,1e-07,up
6.2,0.3570017628371715,1e-07,up
6.4,0.39132078364491457,1e-07,up
6.6,0.5345811918377875,1e-07,up
6.8,0.5487362276762723,1e-07,up
7.0,0.5401595444418489,1e-07,up
7.2,0.487161949276924,1e-07,up
7.4,0.5271683270111679,1e-07,up
7.6,0.5275842379778622,1e-07,up
7.8,0.44261708110570896,1e-07,up
8.0,0.47900876868516196,1e-07,up
8.0,0.48450981779023994,1e-07,down
7.8,0.48956885188817967,1e-07,down
7.6,0.5840902943164109,1e-07,down
7.4,0.6253039352595805,1e-07,down
7.2,0.5988625017926096,1e-07,down
7.0,0.477938625961542,1e-07,down
6.8,0.6430116165429353,1e-07,down
6.6,0.622687742114067,1e-07,down
6.4,0.36010117456316937,1e-07,down
6.2,0.41710961237549776,1e-07,down
6.0,0.3744721524417399,1e-07,down
5.8,0.33358502015471453,1e-07,down
5.6,0.44296956737525756,1e-07,down
5.4,0.24796031615369427,1e-07,down
5.2,0.4937216276302933,1e-07,down
5.0,0.3084400966763496,1e-07,down
4.8,0.36563399247825135,1e-07,down
4.6,0.4513376932591199,1e-07,down
4.4,0.19856980443000788,1e-07,down
4.2,0.40893801301717747,1e-07,down
4.0,0.33146237768232817,1e-07,down
3.8,0.41217052168212825,1e-07,down
3.6,0.3944779019802808,1e-07,down
3.4,0.14310345798730847,1e-07,down
3.2,0.1530053690075874,1e-07,down
3.0,0.14544275403022763,1e-07,down
2.8,0.18557193875312802,1e-07,down
2.6,0.15333729982376096,1e-07,down
2.4,0.5160658303648232,1e-07,down
2.2,0.12704380881041286,1e-07,down
2.0,0.3386846780776977,1e-07,down
1.8,0.41241359058767546,1e-07,down
1.6,0.2533029522746801,1e-07,down
1.4,0.17608424928039307,1e-07,down
1.2,0.47969238366931666,1e-07,down
1.0,0.618108108639717,1e-07,down
0.8,0.2748871156945824,1e-07,down
0.6,0.6925984509289262,1e-07,down
0.4,0.2329153753817081,1e-07,down
0.2,0.5523471143096684,1e-07,down
-0.0,0.47063558595255006,1e-07,down
-0.0,0.47063558595255006,1e-07,up
0.2,0.1987455431371927,1e-07,up
0.4,0.4742789696902036,1e-07,up
0.6,0.03334064409136771,1e-07,up
0.8,0.155213076621294,1e-07,up
1.0,0.15281361900269982,1e-07,up
1.2,0.15644611977040765,1e-07,up
1.4,0.15673027001321313,1e-07,up
1.6,0.1861777070444077,1e-07,up
1.8,0.171526706777513,1e-07,up
2.0,0.29424005001783365,1e-07,up
2.2,0.47658648155629624,1e-07,up
2.4,0.017774138599634164,1e-07,up
2.6,0.36842604924459005,1e-07,up
2.8,0.6056152461096643,1e-07,up
3.0,0.5215389840304852,1e-07,up
3.2,0.0885921139270067,1e-07,up
3.4,0.26244707778096193,1e-07,up
3.6,0.2606260948814451,1e-07,up
3.8,0.46997142303735007,1e-07,up
4.0,0.4216585177928209,1e-07,up
4.2,0.16783158853650088,1e-07,up
4.4,0.312004798091948,1e-07,up
4.6,0.49541649594902987,1e-07,up
4.8,0.5070431646890937,1e-07,up
5.0,0.124078968539834,1e-07,up
5.2,0.3203016892075538,1e-07,up
5.4,0.3423160598613321,1e-07,up
5.6,0.42528745066374535,1e-07,up
5.8,0.6091088093817233,1e-07,up
6.0,0.33819651231169695,1e-07,up
6.2,0.43317921832203854,1e-07,up
6.4,0.40110949799418444,1e-07,up
6.6,0.4342750497162342,1e-07,up
6.8,0.7032396662980317,1e-07,up
7.0,0.4195259455591439,1e-07,up
7.2,0.44475919194519514,1e-07,up
7.4,0.46051586698740715,1e-07,up
7.6,0.4689199877902865,1e-07,up
7.8,0.5522410636767744,1e-07,up
8.0,0.418471174314618,1e-07,up
8.0,0.4761452060192823,1e-07,down
7.8,0.46968383714556683,1e-07,down
7.6,0.5540883084759115,1e-07,down
7.4,0.5778949689120053,1e-07,down
7.2,0.5231668399646877,1e-07,down
7.0,0.36829953012056643,1e-07,down
6.8,0.4551435578614472,1e-07,down
6.6,0.3347628712654113,1e-07,down
6.4,0.5295083662495016,1e-07,down
6.2,0.32610572082921857,1e-07,down
6.0,0.45461672591045493,1e-07,down
5.8,0.3120001666247844,1e-07,down
5.6,0.2906645312905311,1e-07,down
5.4,0.24136658757925028,1e-07,down
5.2,0.41893198806792487,1e-07,down
5.0,0.271449664607644,1e-07,down
4.8,0.27912833169102663,1e-07,down
4.6,0.26125713810324663,1e-07,down
4.4,0.18464466929435727,1e-07,down
4.2,0.42194455396383995,1e-07,down
4.0,0.16212399327196178,1e-07,down
3.8,0.3512694798409939,1e-07,down
3.6,0.0983225177042186,1e-07,down
3.4,0.32935975072905416,1e-07,down
3.2,0.36861616186797613,1e-07,down
3.0,0.5541610103100537,1e-07,down
2.8,0.4321782775223254,1e-07,down
2.6,-0.048023943265434355,1e-07,down
2.4,0.22974612005054948,1e-07,down
2.2,0.5074999335606661,1e-07,down
2.0,0.42202236875891674,1e-07,down
1.8,-0.15098304767161608,1e-07,down
1.6,0.09917396306991574,1e-07,down
1.4,0.42388001643121237,1e-07,down
1.2,0.6251343451440332,1e-07,down
1.0,0.7117993347346782,1e-07,down
0.8,-0.08134066965430976,1e-07,down
0.6,0.567817686125636,1e-07,down
0.4,0.7057258263230323,1e-07,down
0.2,-0.2007513679563999,1e-07,down
-0.0,-0.1001590732485056,1e-07,down
-0.0,-0.1001590732485056,1e-07,up
0.2,0.6294552944600581,1e-07,up
0.4,-0.26285453164018685,1e-07,up
0.6,-0.2065651565790176,1e-07,up
0.8,-0.19276821333914992,1e-07,up
1.0,0.5502455955138429,1e-07,up
1.2,-0.2905568489804864,1e-07,up
1.4,-0.2507086955010891,1e-07,up
1.6,0.5673578530550003,1e-07,up
1.8,0.6484153196215628,1e-07,up
2.0,0.6913621574640272,1e-07,up
2.2,-0.26086685061454773,1e-07,up
2.4,0.5283005088567733,1e-07,up
2.6,-0.2395900189876556,1e-07,up
2.8,0.5949489399790763,1e-07,up
3.0,-0.19195488840341568,1e-07,up
3.2,-0.07826179079711439,1e-07,up
3.4,0.6290553398430346,1e-07,up
3.6,-0.1769295884296298,1e-07,up
3.8,0.5692779580131173,1e-07,up
4.0,-0.20790454186499116,1e-07,up
4.2,0.6096004359424113,1e-07,up
4.4,-0.11461483407765626,1e-07,up
4.6,0.17394676432013506,1e-07,up
4.8,0.11347229219973083,1e-07,up
5.0,0.16071626657503651,1e-07,up
5.2,0.4430726841092109,1e-07,up
5.4,0.7483965642750261,1e-07,up
5.6,0.1237835735082626,1e-07,up
5.8,0.28413400985300535,1e-07,up
6.0,0.35945980623364443,1e-07,up
6.2,0.32822945713996876,1e-07,up
6.4,0.4840573862311429,1e-07,up
6.6,0.3547780625522136,1e-07,up
6.8,0.41326780081726605,1e-07,up
7.0,0.3803446348756551,1e-07,up
7.2,0.5188292674720286,1e-07,up
7.4,0.4098059572279452,1e-07,up
7.6,0.4170453548431396,1e-07,up
7.8,0.39541454613208765,1e-07,up
8.0,0.5305066220462321,1e-07,up
8.0,0.4485226683318614,1e-07,down
7.8,0.4533746354281902,1e-07,down
7.6,0.44640277326107014,1e-07,down
7.4,0.4711973369121551,1e-07,down
7.2,0.6175735373981296,1e-07,down
7.0,0.6273252712562679,1e-07,down
6.8,0.6533795334398746,1e-07,down
6.6,0.2895825589075684,1e-07,down
6.4,0.47149409353733057,1e-07,down
6.2,0.2438164069317281,1e-07,down
6.0,0.38084865454584355,1e-07,down
5.8,0.4066715771332382,1e-07,down
5.6,0.3628645502030849,1e-07,down
5.4,0.22326001152396197,1e-07,down
5.2,0.47622543573379505,1e-07,down
5.0,0.4461438879370689,1e-07,down
4.8,0.3433990906924008,1e-07,down
4.6,0.4381528822705149,1e-07,down
4.4,0.344939986243844,1e-07,down
4.2,0.24769254028797144,1e-07,down
4.0,0.32351895421743393,1e-07,down
3.8,0.2327547818422317,1e-07,down
3.6,0.36846464872360224,1e-07,down
3.4,0.21447183750569815,1e-07,down
3.2,0.15709739644080398,1e-07,down
3.0,0.22123335022479293,1e-07,down
2.8,0.29753452725708485,1e-07,down
2.6,0.15666152164340014,1e-07,down
2.4,0.25420214235782623,1e-07,down
2.2,0.5416761965025215,1e-07,down
2.0,0.466479469789192,1e-07,down
1.8,0.5440266784280537,1e-07,down
1.6,0.011402448639273623,1e-07,down
1.4,0.45754654146730894,1e-07,down
1.2,0.4073466286063193,1e-07,down
1.0,0.43703832477331156,1e-07,down
0.8,0.48582461196929205,1e-07,down
0.6,0.41261635068804015,1e-07,down
0.4,0.4947413466870783,1e-07,down
0.2,0.05650396831333635,1e-07,down
-0.0,0.42147106956690544,1e-07,down
-0.0,0.42147106956690544,1e-07,up
0.2,0.6018957709893583,1e-07,up
0.4,-0.12016359309200195,1e-07,up
0.6,0.45003643957898015,1e-07,up
0.8,-0.07215787097811699,1e-07,up
1.0,0.043674231739714735,1e-07,up
1.2,0.019742458360269645,1e-07,up
1.4,0.3334888997487724,1e-07,up
1.6,0.4502992816269397,1e-07,up
1.8,0.42257321113720525,1e-07,up
2.0,0.43929759040474886,1e-07,up
2.2,0.05044499784708021,1e-07,up
2.4,0.319065264891833,1e-07,up
2.6,0.385170379653573,1e-07,up
2.8,0.4261453971266746,1e-07,up
3.0,0.009771138429641711,1e-07,up
3.2,0.08334952965378759,1e-07,up
3.4,0.23167978413403031,1e-07,up
3.6,0.3849794100970029,1e-07,up
3.8,0.3022860679775476,1e-07,up
4.0,0.37741860840469593,1e-07,up
4.2,0.4410304855555295,1e-07,up
4.4,0.4506057426333427,1e-07,up
4.6,0.5461965324357151,1e-07,up
4.8,0.46556992828845967,1e-07,up
5.0,0.4610081207938492,1e-07,up
5.2,0.1000423212535679,1e-07,up
5.4,0.28627242334187025,1e-07,up
5.6,0.3028206503950059,1e-07,up
5.8,0.3510883133858441,1e-07,up
6.0,0.5662856027483939,1e-07,up
6.2,0.7086920328438281,1e-07,up
6.4,0.24104533717036242,1e-07,up
6.6,0.5267885737121105,1e-07,up
6.8,0.5857922481372951,1e-07,up
7.0,0.31669064750894893,1e-07,up
7.2,0.48071335814893235,1e-07,up
7.4,0.540246857330203,1e-07,up
7.6,0.40186801552772516,1e-07,up
7.8,0.5235584350302815,1e-07,up
8.0,0.46054287813603867,1e-07,up
8.0,0.5006084199994801,1e-07,down
7.8,0.5512272943742572,1e-07,down
7.6,0.4766509160399436,1e-07,down
7.4,0.5628430731594561,1e-07,down
7.2,0.4541633501648902,1e-07,down
7.0,0.6040825713425874,1e-07,down
6.8,0.5940749496221541,1e-07,down
6.6,0.5601604841649531,1e-07,down
6.4,0.5567705165594815,1e-07,down
6.2,0.5068700159899889,1e-07,down
6.0,0.2759443391114473,1e-07,down
5.8,0.41096018068492407,1e-07,down
5.6,0.4544409848749637,1e-07,down
5.4,0.3150471951812505,1e-07,down
5.2,0.3392822383902966,1e-07,down
5.0,0.17840143293142316,1e-07,down
4.8,0.4070143792778253,1e-07,down
4.6,0.4557842984795569,1e-07,down
4.4,0.4904801756783853,1e-07,down
4.2,0.16775007947580883,1e-07,down
4.0,0.3442604318261146,1e-07,down
3.8,0.36053941119462246,1e-07,down
3.6,0.20380125194787976,1e-07,down
3.4,0.24871157109737393,1e-07,down
3.2,0.42770538851618756,1e-07,down
3.0,0.2879666201770305,1e-07,down
2.8,0.40599041804671276,1e-07,down
2.6,0.055568145005963736,1e-07,down
2.4,0.2569704700727015,1e-07,down
2.2,-0.0009145140647888242,1e-07,down
2.0,0.27981396764516825,1e-07,down
1.8,0.1557465608930215,1e-07,down
1.6,0.451976753771305,1e-07,down
1.4,0.43207108601927746,1e-07,down
1.2,0.5382649078965187,1e-07,down
1.0,0.28494961652904743,1e-07,down
0.8,0.4770742021501064,1e-07,down
0.6,0.5930056534707545,1e-07,down
0.4,0.5429306514561175,1e-07,down
0.2,0.5031536789610981,1e-07,down
-0.0,0.5524609275162219,1e-07,down
-0.0,0.5524609275162219,1e-07,up
0.2,0.4743182156234979,1e-07,up
0.4,0.06521786749362944,1e-07,up
0.6,0.29331499524414534,1e-07,up
0.8,0.484923684503883,1e-07,up
1.0,0.3748466521501541,1e-07,up
1.2,0.43306848965585226,1e-07,up
1.4,0.10931400582194327,1e-07,up
1.6,0.3225396033376455,1e-07,up
1.8,0.07355491444468497,1e-07,up
2.0,0.4086992414668202,1e-07,up
2.2,0.019611939787864678,1e-07,up
2.4,0.27313908981159324,1e-07,up
2.6,0.3709144893800839,1e-07,up
2.8,0.31624859757721424,1e-07,up
3.0,-0.013849572278559208,1e-07,up
3.2,0.24210855551064012,1e-07,up
3.4,0.3763527185656129,1e-07,up
3.6,0.09603694756515323,1e-07,up
3.8,0.11270239762961862,1e-07,up
4.0,0.29878934659063805,1e-07,up
4.2,0.2780353005509823,1e-07,up
4.4,0.12611750885844228,1e-07,up
4.6,0.31347324140369887,1e-07,up
4.8,0.1758086886256933,1e-07,up
5.0,0.3195559475570916,1e-07,up
5.2,0.4529679343104362,1e-07,up
5.4,0.5154282934963702,1e-07,up
5.6,0.46353312022984017,1e-07,up
5.8,0.1860969793051481,1e-07,up
6.0,0.32246544957160944,1e-07,up
6.2,0.25353879481554026,1e-07,up
6.4,0.5058049065992235,1e-07,up
6.6,0.41878333035856474,1e-07,up
6.8,0.352892190858256,1e-07,up
7.0,0.48570515401661385,1e-07,up
7.2,0.5595287438482045,1e-07,up
7.4,0.4890726422891019,1e-07,up
7.6,0.5499355038627981,1e-07,up
7.8,0.5469990726560353,1e-07,up
8.0,0.5184912420809268,1e-07,up
8.0,0.5184225849807261,1e-07,down
7.8,0.510391805320978,1e-07,down
7.6,0.5818195943720638,1e-07,down
7.4,0.47062514116987575,1e-07,down
7.2,0.48493175953626627,1e-07,down
7.0,0.3884333030437118,1e-07,down
6.8,0.5843311697244643,1e-07,down
6.6,0.5730987116694449,1e-07,down
6.4,0.3279416728764772,1e-07,down
6.2,0.6285813208669423,1e-07,down
6.0,0.392534777522087,1e-07,down
5.8,0.41102404892444605,1e-07,down
5.6,0.6076639085076748,1e-07,down
5.4,0.5765433888882399,1e-07,down
5.2,0.5347761809825896,1e-07,down
5.0,0.18095152778550977,1e-07,down
4.8,0.41653341054916376,1e-07,down
4.6,0.3005606606602668,1e-07,down
4.4,0.27659965306520456,1e-07,down
4.2,0.25344820320606226,1e-07,down
4.0,0.4003866799175739,1e-07,down
3.8,0.11073414236307143,1e-07,down
3.6,0.3002642765641212,1e-07,down
3.4,0.33431361988186825,1e-07,down
3.2,0.34781742095947255,1e-07,down
3.0,0.4471282567828893,1e-07,down
2.8,0.3688705991953611,1e-07,down
2.6,0.41847176477313036,1e-07,down
2.4,0.31750871613621706,1e-07,down
2.2,0.5321190021932124,1e-07,down
2.0,0.4196913670748471,1e-07,down
1.8,0.05065222084522245,1e-07,down
1.6,0.23478220403194422,1e-07,down
1.4,0.040569975972175584,1e-07,down
1.2,0.2830472961068153,1e-07,down
1.0,0.538110852241516,1e-07,down
0.8,0.40560185816138977,1e-07,down
0.6,0.044049957767128924,1e-07,down
0.4,0.32825939357280726,1e-07,down
0.2,0.6874883947893976,1e-07,down
-0.0,0.5764489492867142,1e-07,down
-0.0,0.5764489492867142,1e-07,up
0.2,0.5825026892125605,1e-07,up
0.4,0.5084542892873286,1e-07,up
0.6,-0.20596278831362722,1e-07,up
0.8,-0.08955295011401176,1e-07,up
1.0,0.44914602860808367,1e-07,up
1.2,0.4537365101277827,1e-07,up
1.4,0.37192836031317705,1e-07,up
1.6,-0.16088483482599258,1e-07,up
1.8,-0.11080467980355023,1e-07,up
2.0,-0.06857948750257492,1e-07,up
2.2,0.3918659090995788,1e-07,up
2.4,-0.18640028685331342,1e-07,up
2.6,-0.0226940168067813,1e-07,up
2.8,-0.08796071633696556,1e-07,up
3.0,0.41547497734427447,1e-07,up
3.2,0.6007869131863116,1e-07,up
3.4,0.5248278602957726,1e-07,up
3.6,0.6537412274628875,1e-07,up
3.8,-0.16759963147342202,1e-07,up
4.0,0.5180084989406167,1e-07,up
4.2,-0.10213977284729481,1e-07,up
4.4,0.3792952634394169,1e-07,up
4.6,0.5175169371068477,1e-07,up
4.8,0.07300854381173846,1e-07,up
5.0,0.5104860384017228,1e-07,up
5.2,0.15667585656046862,1e-07,up
5.4,0.39982958696782583,1e-07,up
5.6,0.5711612962186335,1e-07,up
5.8,0.20430115982890126,1e-07,up
6.0,0.3814290594309568,1e-07,up
6.2,0.4909870624542236,1e-07,up
6.4,0.3873230442404746,1e-07,up
6.6,0.6165079558268188,1e-07,up
6.8,0.4827813059091567,1e-07,up
7.0,0.4503010585904121,1e-07,up
7.2,0.4224014803767203,1e-07,up
7.4,0.439317837357521,1e-07,up
7.6,0.4298934713006019,1e-07,up
7.8,0.4300600141286849,1e-07,up
8.0,0.429938606917858,1e-07,up
8.0,0.5426863590255379,1e-07,down
7.8,0.49545378563925613,1e-07,down
7.6,0.47750333836302156,1e-07,down
7.4,0.4730213712900876,1e-07,down
7.2,0.452580327168107,1e-07,down
7.0,0.4602632839232682,1e-07,down
6.8,0.4385293722152709,1e-07,down
6.6,0.6498515401035546,1e-07,down
6.4,0.5878477133810519,1e-07,down
6.2,0.6362453550100325,1e-07,down
6.0,0.2640592567622661,1e-07,down
5.8,0.5276747066527604,1e-07,down
5.6,0.43964283075183624,1e-07,down
5.4,0.484961874783039,1e-07,down
5.2,0.4534279331564902,1e-07,down
5.0,0.36831131577491755,1e-07,down
4.8,0.40600971598178137,1e-07,down
4.6,0.24606289528310293,1e-07,down
4.4,0.33411106653511513,1e-07,down
4.2,0.24478804692625997,1e-07,down
4.0,0.6382459828164426,1e-07,down
3.8,0.5656478255987166,1e-07,down
3.6,-0.004559014458209283,1e-07,down
3.4,0.412899184069829,1e-07,down
3.2,0.6355581469833851,1e-07,down
3.0,-0.00020815432071686732,1e-07,down
2.8,0.18044385500252244,1e-07,down
2.6,0.5593759906478225,1e-07,down
2.4,-0.14298416860401628,1e-07,down
2.2,0.5209199599921702,1e-07,down
2.0,-0.11798529326915741,1e-07,down
1.8,0.4891881439834832,1e-07,down
1.6,0.7806236594915389,1e-07,down
1.4,0.5738830650225281,1e-07,down
1.2,-0.1947372984141111,1e-07,down
1.0,0.27952846465632314,1e-07,down
0.8,0.47400910314172495,1e-07,down
0.6,0.7540557894390075,1e-07,down
0.4,0.6669972538948058,1e-07,down
0.2,0.675340924412012,1e-07,down
-0.0,-0.0829416997730732,1e-07,down
-0.0,-0.0829416997730732,1e-07,up
0.2,0.43899061321280886,1e-07,up
0.4,0.7618770860135554,1e-07,up
0.6,0.5852942317724227,1e-07,up
0.8,-0.09348688414320348,1e-07,up
1.0,-0.0902839917689562,1e-07,up
1.2,-0.03516597859561444,1e-07,up
1.4,0.42257297039031977,1e-07,up
1.6,0.53445965051651,1e-07,up
1.8,0.5759163256734608,1e-07,up
2.0,0.5994231570512055,1e-07,up
2.2,0.5897539313882588,1e-07,up
2.4,-0.07959942147135735,1e-07,up
2.6,0.5292734373360871,1e-07,up
2.8,0.5884503051638602,1e-07,up
3.0,0.7146881185472009,1e-07,up
3.2,0.6660847067832946,1e-07,up
3.4,-0.21014825813472268,1e-07,up
3.6,0.06787649448961015,1e-07,up
3.8,-0.035498711280524745,1e-07,up
4.0,0.5086038857698439,1e-07,up
4.2,-0.041151070967316634,1e-07,up
4.4,0.5356878042221068,1e-07,up
4.6,0.04415262490510939,1e-07,up
4.8,0.5690810400992631,1e-07,up
5.0,0.08976860158145424,1e-07,up
5.2,0.2302394323050975,1e-07,up
5.4,0.6301942840218543,1e-07,up
5.6,0.6885325089097022,1e-07,up
5.8,-0.012135554105043423,1e-07,up
6.0,0.24367219302803272,1e-07,up
6.2,0.5344178946688771,1e-07,up
6.4,0.25221250951290125,1e-07,up
6.6,0.45957315803389054,1e-07,up
6.8,0.5948149291798471,1e-07,up
7.0,0.4919436499476432,1e-07,up
7.2,0.5638616867363452,1e-07,up
7.4,0.44934711698442686,1e-07,up
7.6,0.482432092539966,1e-07,up
7.8,0.4490370193816488,1e-07,up
8.0,0.4840700924396514,1e-07,up
8.0,0.5067490339279174,1e-07,down
7.8,0.4258591905236243,1e-07,down
7.6,0.5899980068206786,1e-07,down
7.4,0.5750693455338477,1e-07,down
7.2,0.673031410202384,1e-07,down
7.0,0.4477084102109074,1e-07,down
6.8,0.6154485121369361,1e-07,down
6.6,0.6181726614013313,1e-07,down
6.4,0.6527609573677181,1e-07,down
6.2,0.5824257005006074,1e-07,down
6.0,0.3133482878038194,1e-07,down
5.8,0.5564738775137811,1e-07,down
5.6,0.5325258481316267,1e-07,down
5.4,0.24943539500236508,1e-07,down
5.2,0.4145913147367536,1e-07,down
5.0,0.4459548648446798,1e-07,down
4.8,0.37720218952745194,1e-07,down
4.6,0.3572713047033175,1e-07,down
4.4,0.4117373814806341,1e-07,down
4.2,0.32523150197812356,1e-07,down
4.0,0.2110129930078983,1e-07,down
3.8,0.323208516347222,1e-07,down
3.6,0.44328627688810224,1e-07,down
3.4,0.2305855565500678,1e-07,down
3.2,0.23915014788508412,1e-07,down
3.0,0.19331695954315362,1e-07,down
2.8,0.24655294325202698,1e-07,down
2.6,0.35023451596498484,1e-07,down
2.4,0.3143157586455344,1e-07,down
2.2,0.3540693414397537,1e-07,down
2.0,0.4509746581315993,1e-07,down
1.8,0.3735287562012672,1e-07,down
1.6,0.44106082618236536,1e-07,down
1.4,0.32504627294838423,1e-07,down
1.2,0.3373853377997875,1e-07,down
1.0,0.30424664542078966,1e-07,down
0.8,0.46659812214784313,1e-07,down
0.6,0.11041198857128616,1e-07,down
0.4,0.10067847929894921,1e-07,down
0.2,0.39991877693682903,1e-07,down
-0.0,-0.011054995702579614,1e-07,down
-0.0,-0.011054995702579614,1e-07,up
0.2,0.2454974064603447,1e-07,up
0.4,0.28607859462499613,1e-07,up
0.6,-0.0017328113317489635,1e-07,up
0.8,0.0730023272335529,1e-07,up
1.0,0.3314247112721204,1e-07,up
1.2,-0.031742958351969726,1e-07,up
1.4,0.06875706277787684,1e-07,up
1.6,0.29350749030709267,1e-07,up
1.8,0.03334906511008739,1e-07,up
2.0,0.3002587845548987,1e-07,up
2.2,0.10175148770213124,1e-07,up
2.4,0.2565053738653659,1e-07,up
2.6,0.35402661375701416,1e-07,up
2.8,-0.04725543782114981,1e-07,up
3.0,0.2549820132553577,1e-07,up
3.2,-0.0007289685308933279,1e-07,up
3.4,0.15686432458460328,1e-07,up
3.6,0.30477905645966524,1e-07,up
3.8,0.47053314093500365,1e-07,up
4.0,0.2168356468901038,1e-07,up
4.2,0.2515470348298549,1e-07,up
4.4,0.34500360861420626,1e-07,up
4.6,0.577833255752921,1e-07,up
4.8,0.2825428420910611,1e-07,up
5.0,0.30932793393731106,1e-07,up
5.2,0.4386035911738872,1e-07,up
5.4,0.3742596264928578,1e-07,up
5.6,0.3167268335819244,1e-07,up
5.8,0.5735854227168602,1e-07,up
6.0,0.488849714398384,1e-07,up
6.2,0.52444807626307,1e-07,up
6.4,0.5163756813853978,1e-07,up
6.6,0.6005018856376408,1e-07,up
6.8,0.6414959952235221,1e-07,up
7.0,0.6026638019829987,1e-07,up
7.2,0.6187253482639788,1e-07,up
7.4,0.4730279818177222,1e-07,up
7.6,0.6114900312386452,1e-07,up
7.8,0.5519760455936192,1e-07,up
8.0,0.521361652179621,1e-07,up
8.0,0.4895243877544998,1e-07,down
7.8,0.5190005104523151,1e-07,down
7.6,0.45616508089005936,1e-07,down
7.4,0.44238042831420893,1e-07,down
7.2,0.4545644856989383,1e-07,down
7.0,0.46457932144403447,1e-07,down
6.8,0.6536051966249942,1e-07,down
6.6,0.6578277833759784,1e-07,down
6.4,0.6980576515197753,1e-07,down
6.2,0.3411962068639695,1e-07,down
6.0,0.6062551401555537,1e-07,down
5.8,0.433594200760126,1e-07,down
5.6,0.6391234099864959,1e-07,down
5.4,0.6838168650865554,1e-07,down
5.2,0.37706167902797455,1e-07,down
5.0,0.4521301912609487,1e-07,down
4.8,0.36775727942585934,1e-07,down
4.6,0.5297373458743094,1e-07,down
4.4,0.424792930483818,1e-07,down
4.2,0.28575731907039875,1e-07,down
4.0,0.4685706933960318,1e-07,down
3.8,0.37577416887506837,1e-07,down
3.6,0.436395788565278,1e-07,down
3.4,0.5105534978210926,1e-07,down
3.2,0.492139040492475,1e-07,down
3.0,0.5204293988645076,1e-07,down
2.8,0.458921409677714,1e-07,down
2.6,0.07165303453803061,1e-07,down
2.4,0.2742950485553592,1e-07,down
2.2,0.30103501165285695,1e-07,down
2.0,0.3017412205226719,1e-07,down
1.8,0.09991137403994797,1e-07,down
1.6,0.31251970853190864,1e-07,down
1.4,0.43695147428661574,1e-07,down
1.2,0.2780925333499908,1e-07,down
1.0,0.46450084447860707,1e-07,down
0.8,0.37174341455101967,1e-07,down
0.6,0.5543304979801177,1e-07,down
0.4,0.5804737051948905,1e-07,down
0.2,0.4367963057011365,1e-07,down
-0.0,0.6170762702822684,1e-07,down
-0.0,0.6170762702822684,1e-07,up
0.2,0.509338479489088,1e-07,up
0.4,0.46262281388044346,1e-07,up
0.6,0.04589383368147536,1e-07,up
0.8,0.1847358141094446,1e-07,up
1.0,0.1345943243941292,1e-07,up
1.2,0.36982328258454794,1e-07,up
1.4,0.4617999605834483,1e-07,up
1.6,0.17362248525023458,1e-07,up
1.8,0.3374300524592399,1e-07,up
2.0,0.1892139427363872,1e-07,up
2.2,0.3380788546055554,1e-07,up
2.4,0.24386274162679902,1e-07,up
2.6,0.38963118940591807,1e-07,up
2.8,0.3355423137545585,1e-07,up
3.0,0.16916087362915275,1e-07,up
3.2,0.24821217171847815,1e-07,up
3.4,0.4166196635924279,1e-07,up
3.6,0.3640604484826326,1e-07,up
3.8,0.4528165385127067,1e-07,up
4.0,0.27905189059674734,1e-07,up
4.2,0.27582184411585325,1e-07,up
4.4,0.33016340807080263,1e-07,up
4.6,0.629321962594986,1e-07,up
4.8,0.5717349015176295,1e-07,up
5.0,0.5837950184941291,1e-07,up
5.2,0.5466829240322112,1e-07,up
5.4,0.6475007310509681,1e-07,up
5.6,0.34422000125050534,1e-07,up
5.8,0.39510856196284283,1e-07,up
6.0,0.3900791332125663,1e-07,up
6.2,0.6149175390601157,1e-07,up
6.4,0.46580660901963705,1e-07,up
6.6,0.43573125079274166,1e-07,up
6.8,0.4484493602067231,1e-07,up
7.0,0.4363964889198541,1e-07,up
7.2,0.4825838282704352,1e-07,up
7.4,0.570421969052404,1e-07,up
7.6,0.41455860435962666,1e-07,up
7.8,0.45204034820199,1e-07,up
8.0,0.42713426612317557,1e-07,up
8.0,0.46408748161047686,1e-07,down
7.8,0.4411247354000806,1e-07,down
7.6,0.43017123639583577,1e-07,down
7.4,0.4007138311862945,1e-07,down
7.2,0.4178376272320746,1e-07,down
7.0,0.5219326323131098,1e-07,down
6.8,0.5067655406892299,1e-07,down
6.6,0.5089577850885688,1e-07,down
6.4,0.5199603177607058,1e-07,down
6.2,0.2884212881326675,1e-07,down
6.0,0.5222476227208971,1e-07,down
5.8,0.4324025809764861,1e-07,down
5.6,0.43421670515090216,1e-07,down
5.4,0.33068725839257235,1e-07,down
5.2,0.37988751381635655,1e-07,down
5.0,0.3720680586993693,1e-07,down
4.8,0.30562469922006125,1e-07,down
4.6,0.26391456695273513,1e-07,down
4.4,0.2831665147095918,1e-07,down
4.2,0.5037889061495661,1e-07,down
4.0,0.4690633772406726,1e-07,down
3.8,0.08409004565328358,1e-07,down
3.6,0.28215386718511576,1e-07,down
3.4,0.2853546887636184,1e-07,down
3.2,0.2786670364439487,1e-07,down
3.0,0.07689931988716124,1e-07,down
2.8,0.2893593749031424,1e-07,down
2.6,0.5155239161103963,1e-07,down
2.4,0.1795604210346937,1e-07,down
2.2,0.18201350746676323,1e-07,down
2.0,0.15150318294763562,1e-07,down
1.8,0.24420439079403874,1e-07,down
1.6,0.09007771313190457,1e-07,down
1.4,0.36891688592731947,1e-07,down
1.2,0.4324699580902233,1e-07,down
1.0,0.2765676695853471,1e-07,down
0.8,0.22072034329175944,1e-07,down
0.6,0.43409630283713335,1e-07,down
0.4,0.5502633191645144,1e-07,down
0.2,0.592343084514141,1e-07,down
-0.0,0.3862811177968978,1e-07,down
-0.0,0.3862811177968978,1e-07,up
0.2,0.47006043791770924,1e-07,up
0.4,0.3491094624623655,1e-07,up
0.6,0.44980707950890053,1e-07,up
0.8,0.010914023965597146,1e-07,up
1.0,0.07374248653650281,1e-07,up
1.2,0.3536469810642301,1e-07,up
1.4,0.04100937861949204,1e-07,up
1.6,0.2964115506038069,1e-07,up
1.8,-0.0035304781049490036,1e-07,up
2.0,-0.0019901059567928457,1e-07,up
2.2,0.09638434182852504,1e-07,up
2.4,0.03370673581957815,1e-07,up
2.6,0.3475318625569343,1e-07,up
2.8,0.6222049891948699,1e-07,up
3.0,0.07431285642087457,1e-07,up
3.2,0.4660422708839177,1e-07,up
3.4,0.4676224868744611,1e-07,up
3.6,0.5542823188006877,1e-07,up
3.8,0.09859309438616036,1e-07,up
4.0,0.44450718909502024,1e-07,up
4.2,0.5216932408511638,1e-07,up
4.4,0.023159667849540693,1e-07,up
4.6,0.4266243875026702,1e-07,up
4.8,0.6131176352500914,1e-07,up
5.0,0.12577404268085954,1e-07,up
5.2,0.25526046007871617,1e-07,up
5.4,0.19349989574402565,1e-07,up
5.6,0.23188205063343043,1e-07,up
5.8,0.2531622920650988,1e-07,up
6.0,0.2906171008944511,1e-07,up
6.2,0.38424512743949885,1e-07,up
6.4,0.1866209879517555,1e-07,up
6.6,0.4010618329048156,1e-07,up
6.8,0.5889745522290467,1e-07,up
7.0,0.3726877504959702,1e-07,up
7.2,0.4783855043351649,1e-07,up
7.4,0.4875744637101888,1e-07,up
7.6,0.4924509220581966,1e-07,up
7.8,0.520232994109392,1e-07,up
8.0,0.4710445937234907,1e-07,up
8.0,0.5238433480262755,1e-07,down
7.8,0.48985785245895375,1e-07,down
7.6,0.5186986364424228,1e-07,down
7.4,0.47651714831590647,1e-07,down
7.2,0.4404970749747007,1e-07,down
7.0,0.635646728798747,1e-07,down
6.8,0.4579269662499427,1e-07,down
6.6,0.41927940398454655,1e-07,down
6.4,0.39161320775747294,1e-07,down
6.2,0.6098653832450508,1e-07,down
6.0,0.33781958138570184,1e-07,down
5.8,0.3062506187707185,1e-07,down
5.6,0.5899970196187495,1e-07,down
5.4,0.34210334718227375,1e-07,down
5.2,0.3327504685148596,1e-07,down
5.0,0.27448216656921426,1e-07,down
4.8,0.4950106367468833,1e-07,down
4.6,0.35115274786949147,1e-07,down
4.4,0.4514769613742827,1e-07,down
4.2,0.15464212978258726,1e-07,down
4.0,0.295387839898467,1e-07,down
3.8,0.5698160491883754,1e-07,down
3.6,0.13997079432010648,1e-07,down
3.4,0.24728006869554514,1e-07,down
3.2,0.2879520738497376,1e-07,down
3.0,0.3420846983790397,1e-07,down
2.8,0.4649829678237437,1e-07,down
2.6,0.17863053642213342,1e-07,down
2.4,0.2885567597113549,1e-07,down
2.2,0.07016143482178448,1e-07,down
2.0,0.29078816575929517,1e-07,down
1.8,0.2525369412032887,1e-07,down
1.6,0.43673676089383656,1e-07,down
1.4,0.3739112047478556,1e-07,down
1.2,0.38006143830716604,1e-07,down
1.0,0.12566150724887842,1e-07,down
0.8,0.18506907671689984,1e-07,down
0.6,0.43492380715906614,1e-07,down
0.4,0.25113829597830767,1e-07,down
0.2,0.4049960449337959,1e-07,down
-0.0,0.11383059434592722,1e-07,down
-0.0,0.11383059434592722,1e-07,up
0.2,0.2671374001074582,1e-07,up
0.4,0.05204225843772291,1e-07,up
0.6,0.22556442231871185,1e-07,up
0.8,0.28747497685253615,1e-07,up
1.0,0.3236861806362867,1e-07,up
1.2,0.32789343968033785,1e-07,up
1.4,-0.0050904788076877655,1e-07,up
1.6,0.11572230607271192,1e-07,up
1.8,0.1936781946569681,1e-07,up
2.0,0.08709441125392912,1e-07,up
2.2,0.17000746075063944,1e-07,up
2.4,0.3278709985315799,1e-07,up
2.6,0.03596688807010649,1e-07,up
2.8,0.1330465171486139,1e-07,up
3.0,0.07876864075660703,1e-07,up
3.2,0.2046690359711647,1e-07,up
3.4,0.0008518770337104697,1e-07,up
3.6,0.21656430512666702,1e-07,up
3.8,0.03896289318799972,1e-07,up
4.0,0.19687751308083531,1e-07,up
4.2,0.10116817802190776,1e-07,up
4.4,0.21843688189983365,1e-07,up
4.6,0.46246591955423344,1e-07,up
4.8,0.18207680660998446,1e-07,up
5.0,0.29980641975998873,1e-07,up
5.2,0.3656098229112103,1e-07,up
5.4,0.35573752003256226,1e-07,up
5.6,0.2616688692942261,1e-07,up
5.8,0.31550610647536814,1e-07,up
6.0,0.25877877883613104,1e-07,up
6.2,0.448428712785244,1e-07,up
6.4,0.4106053858995437,1e-07,up
6.6,0.33872668445110315,1e-07,up
6.8,0.386512279510498,1e-07,up
7.0,0.5822199727408587,1e-07,up
7.2,0.40752661973237986,1e-07,up
7.4,0.44888990931212897,1e-07,up
7.6,0.5958025790750979,1e-07,up
7.8,0.5020781159400939,1e-07,up
8.0,0.5478659272193908,1e-07,up
8.0,0.47958225756883616,1e-07,down
7.8,0.531804471509531,1e-07,down
7.6,0.439345059916377,1e-07,down
7.4,0.44111911393702025,1e-07,down
7.2,0.41024606488645066,1e-07,down
7.0,0.44769491208717216,1e-07,down
6.8,0.4539343984797596,1e-07,down
6.6,0.38670043181627983,1e-07,down
6.4,0.37461013533174986,1e-07,down
6.2,0.5529889534227549,1e-07,down
6.0,0.4876594834058777,1e-07,down
5.8,0.46629403298720706,1e-07,down
5.6,0.47917267493903626,1e-07,down
5.4,0.43353553570341313,1e-07,down
5.2,0.17383721843361852,1e-07,down
5.0,0.2866781577467918,1e-07,down
4.8,0.18971325457096094,1e-07,down
4.6,0.39306783117353905,1e-07,down
4.4,0.33783521037548775,1e-07,down
4.2,0.35698618413880456,1e-07,down
4.0,0.23163847345858807,1e-07,down
3.8,0.3918483112938701,1e-07,down
3.6,0.5084435679018496,1e-07,down
3.4,0.4427192583680152,1e-07,down
3.2,0.13231194019317624,1e-07,down
3.0,0.23490331321954722,1e-07,down
2.8,0.09048582613468169,1e-07,down
2.6,0.3285083752125501,1e-07,down
2.4,0.23689211532473559,1e-07,down
2.2,0.3399088010191917,1e-07,down
2.0,0.28211031109094614,1e-07,down
1.8,0.3919018190354108,1e-07,down
1.6,0.2629569452255964,1e-07,down
1.4,0.35092533752322186,1e-07,down
1.2,0.4154965188354253,1e-07,down
1.0,0.44430236797779793,1e-07,down
0.8,0.4148902483284473,1e-07,down
0.6,0.21669253148138518,1e-07,down
0.4,0.2194132669828832,1e-07,down
0.2,0.20437511708587405,1e-07,down
-0.0,0.32067551370710123,1e-07,down
-0.0,0.32067551370710123,1e-07,up
0.2,0.29371722321957344,1e-07,up
0.4,0.26544854184612626,1e-07,up
0.6,0.2601140798069536,1e-07,up
0.8,0.09867076668888329,1e-07,up
1.0,0.18300425354391336,1e-07,up
1.2,0.2982924431562423,1e-07,up
1.4,0.22910806350409982,1e-07,up
1.6,0.08487382717430589,1e-07,up
1.8,0.23898882698267696,1e-07,up
2.0,0.11285885609686372,1e-07,up
2.2,0.2385743306949734,1e-07,up
2.4,0.23266730457544324,1e-07,up
2.6,0.39102953951805824,1e-07,up
2.8,0.27054118784144515,1e-07,up
3.0,0.09447121992707251,1e-07,up
3.2,0.20497267693281168,1e-07,up
3.4,0.16346678510308263,1e-07,up
3.6,0.3955766763538121,1e-07,up
3.8,0.36593417823314667,1e-07,up
4.0,0.5242948234081267,1e-07,up
4.2,0.282062966376543,1e-07,up
4.4,0.446008400293067,1e-07,up
4.6,0.22502777725458142,1e-07,up
4.8,0.46304960921406735,1e-07,up
5.0,0.42169634997844685,1e-07,up
5.2,0.44681740179657925,1e-07,up
5.4,0.3911117948591708,1e-07,up
5.6,0.4079982861876487,1e-07,up
5.8,0.4816934885457157,1e-07,up
6.0,0.507850301451981,1e-07,up
6.2,0.4037384912371635,1e-07,up
6.4,0.6251768777146934,1e-07,up
6.6,0.5725737222237511,1e-07,up
6.8,0.36774211376905436,1e-07,up
7.0,0.5350922889774664,1e-07,up
7.2,0.5510173002257942,1e-07,up
7.4,0.5332582013215869,1e-07,up
7.6,0.4035169915296136,1e-07,up
7.8,0.528271248564124,1e-07,up
8.0,0.48560369899496425,1e-07,up
8.0,0.49258610326796765,1e-07,down
7.8,0.5327381715178489,1e-07,down
7.6,0.5592678770190104,1e-07,down
7.4,0.5162514112889766,1e-07,down
7.2,0.4527060650289058,1e-07,down
7.0,0.4462746158242225,1e-07,down
6.8,0.39928171038627613,1e-07,down
6.6,0.5319416979909873,1e-07,down
6.4,0.37677952274680127,1e-07,down
6.2,0.4544879309833049,1e-07,down
6.0,0.43943013017997135,1e-07,down
5.8,0.5016715805977582,1e-07,down
5.6,0.27454822510480875,1e-07,down
5.4,0.36516066826879967,1e-07,down
5.2,0.2753439154475927,1e-07,down
5.0,0.47084833704866463,1e-07,down
4.8,0.269755832850933,1e-07,down
4.6,0.29819260910153383,1e-07,down
4.4,0.4584593651816248,1e-07,down
4.2,0.28964428603649134,1e-07,down
4.0,0.5423640273511409,1e-07,down
3.8,0.2681835442781448,1e-07,down
3.6,0.17498816177248952,1e-07,down
3.4,0.38896221888717253,1e-07,down
3.2,0.2897033113986253,1e-07,down
3.0,0.1672096028923988,1e-07,down
2.8,0.502824731171131,1e-07,down
2.6,0.3311223108321428,1e-07,down
2.4,0.3421739330515265,1e-07,down
2.2,0.11831201147288081,1e-07,down
2.0,0.14712362200953064,1e-07,down
1.8,0.08452915214002131,1e-07,down
1.6,0.22123831487260756,1e-07,down
1.4,0.3127700919285416,1e-07,down
1.2,0.2861880119889974,1e-07,down
1.0,0.36298614344559604,1e-07,down
0.8,0.3861914323642849,1e-07,down
0.6,0.33934261277317995,1e-07,down
0.4,0.27072410515393125,1e-07,down
0.2,0.31974509544670576,1e-07,down
-0.0,0.40976140275597567,1e-07,down
-0.0,0.40976140275597567,1e-07,up
0.2,-0.1138803926296532,1e-07,up
0.4,0.20713460072875023,1e-07,up
0.6,0.36450991570018226,1e-07,up
0.8,-0.09192421101033686,1e-07,up
1.0,-0.05022131744772195,1e-07,up
1.2,0.20236260711681095,1e-07,up
1.4,0.24878404196351764,1e-07,up
1.6,0.23293872270733113,1e-07,up
1.8,0.20645067584700877,1e-07,up
2.0,0.08057389949681236,1e-07,up
2.2,0.006728406995534893,1e-07,up
2.4,0.19949925597757098,1e-07,up
2.6,0.2761933067813515,1e-07,up
2.8,-0.019026875495910648,1e-07,up
3.0,0.3273433968424797,1e-07,up
3.2,0.003260456956923001,1e-07,up
3.4,0.3507045973092317,1e-07,up
3.6,-0.010674300603568559,1e-07,up
3.8,0.37700951937586064,1e-07,up
4.0,0.09770127246156333,1e-07,up
4.2,0.20116942189633844,1e-07,up
4.4,0.21966615132987494,1e-07,up
4.6,0.1867559740785509,1e-07,up
4.8,0.16651065414771435,1e-07,up
5.0,0.40828138668439345,1e-07,up
5.2,0.37756599672138685,1e-07,up
5.4,0.1967036966234445,1e-07,up
5.6,0.4512554507236927,1e-07,up
5.8,0.43598652258515347,1e-07,up
6.0,0.2974455878138542,1e-07,up
6.2,0.5881616882979869,1e-07,up
6.4,0.5201267153024672,1e-07,up
6.6,0.36397846671752626,1e-07,up
6.8,0.4400573531165719,1e-07,up
7.0,0.4321797271259128,1e-07,up
7.2,0.5607824376784264,1e-07,up
7.4,0.461642276495695,1e-07,up
7.6,0.46028605848550785,1e-07,up
7.8,0.4689237624406814,1e-07,up
8.0,0.523261573165655,1e-07,up
8.0,0.4859868492931127,1e-07,down
7.8,0.46074690669775,1e-07,down
7.6,0.4600013457238673,1e-07,down
7.4,0.5895210623275488,1e-07,down
7.2,0.4157823505811392,1e-07,down
7.0,0.4011169765144586,1e-07,down
6.8,0.3779166522435843,1e-07,down
6.6,0.524102977477014,1e-07,down
6.4,0.4605239611119031,1e-07,down
6.2,0.48374050948768843,1e-07,down
6.0,0.24583674222230906,1e-07,down
5.8,0.3404409363865851,1e-07,down
5.6,0.57259041396901,1e-07,down
5.4,0.45546983368694777,1e-07,down
5.2,0.5432590208947657,1e-07,down
5.0,0.26262797042727465,1e-07,down
4.8,0.3361502327024936,1e-07,down
4.6,0.16416578739881513,1e-07,down
4.4,0.3741877172142267,1e-07,down
4.2,0.3077372997067868,1e-07,down
4.0,0.06434349715709685,1e-07,down
3.8,0.25386603502556676,1e-07,down
3.6,0.21089907409623262,1e-07,down
3.4,0.17628988623619077,1e-07,down
3.2,0.34204320050776,1e-07,down
3.0,0.15560556203126905,1e-07,down
2.8,0.5272014793008565,1e-07,down
2.6,0.20205552037805316,1e-07,down
2.4,0.3295040139928459,1e-07,down
2.2,0.13472645729780194,1e-07,down
2.0,0.23957711085677144,1e-07,down
1.8,0.1623190566897392,1e-07,down
1.6,0.22749737650156018,1e-07,down
1.4,0.09210649132728575,1e-07,down
1.2,0.4530152222141623,1e-07,down
1.0,0.17332838196307418,1e-07,down
0.8,0.14255999401211736,1e-07,down
0.6,0.47763583902269596,1e-07,down
0.4,0.5190909598022698,1e-07,down
0.2,0.5331574492156504,1e-07,down
-0.0,0.0764336287975311,1e-07,down
-0.0,0.0764336287975311,1e-07,up
0.2,0.2722774073481559,1e-07,up
0.4,0.06487247347831725,1e-07,up
0.6,0.16287498548626897,1e-07,up
0.8,0.27925525704631576,1e-07,up
1.0,0.3472906798124313,1e-07,up
1.2,0.36646006070077414,1e-07,up
1.4,0.1057458687573671,1e-07,up
1.6,0.15961237624287603,1e-07,up
1.8,0.3493680506944656,1e-07,up
2.0,0.47193510271608824,1e-07,up
2.2,0.3425528742372988,1e-07,up
2.4,0.02714218199253082,1e-07,up
2.6,0.2975969165563583,1e-07,up
2.8,0.5651750415563583,1e-07,up
3.0,0.365522121079266,1e-07,up
3.2,0.43676991842221463,1e-07,up
3.4,0.3934400198049843,1e-07,up
3.6,0.46255533350631584,1e-07,up
3.8,0.4835603842511772,1e-07,up
4.0,0.5117181749083102,1e-07,up
4.2,0.19527104916051027,1e-07,up
4.4,0.38049976713955397,1e-07,up
4.6,0.32919550314545626,1e-07,up
4.8,0.3615945344790816,1e-07,up
5.0,0.36204723641276354,1e-07,up
5.2,0.3369863741099834,1e-07,up
5.4,0.2867527827620506,1e-07,up
5.6,0.2785281911492347,1e-07,up
5.8,0.2819539457559585,1e-07,up
6.0,0.5803426962811499,1e-07,up
6.2,0.5464873276650904,1e-07,up
6.4,0.2806839793920516,1e-07,up
6.6,0.3924883157014846,1e-07,up
6.8,0.3343066647648811,1e-07,up
7.0,0.42364969104528416,1e-07,up
7.2,0.6176416827365755,1e-07,up
7.4,0.5672588204033672,1e-07,up
7.6,0.5499055013060569,1e-07,up
7.8,0.4345729015767574,1e-07,up
8.0,0.4208981357514857,1e-07,up
8.0,0.495028587989509,1e-07,down
7.8,0.5319458513986319,1e-07,down
7.6,0.7250601053237914,1e-07,down
7.4,0.6929115876555441,1e-07,down
7.2,0.39559213444590563,1e-07,down
7.0,0.5176360082696191,1e-07,down
6.8,0.3665489200502633,1e-07,down
6.6,0.4852749593555926,1e-07,down
6.4,0.7378439567983149,1e-07,down
6.2,0.5885435566306113,1e-07,down
6.0,0.6438606828451156,1e-07,down
5.8,0.534673498943448,1e-07,down
5.6,0.27297961898148054,1e-07,down
5.4,0.2910278104245662,1e-07,down
5.2,0.2548793181777,1e-07,down
5.0,0.3976707141846417,1e-07,down
4.8,0.1951837358064949,1e-07,down
4.6,0.3887799312360584,1e-07,down
4.4,0.33480525948107237,1e-07,down
4.2,0.27177248848602176,1e-07,down
4.0,0.3579890504479407,1e-07,down
3.8,0.20329581201076502,1e-07,down
3.6,0.29757926613092417,1e-07,down
3.4,0.2436279878020286,1e-07,down
3.2,0.21354231238365168,1e-07,down
3.0,0.41562379896640766,1e-07,down
2.8,0.2319798525422811,1e-07,down
2.6,0.17871577106416223,1e-07,down
2.4,0.29081448353826994,1e-07,down
2.2,0.20706007629632944,1e-07,down
2.0,0.20665659755468366,1e-07,down
1.8,0.6100063994526862,1e-07,down
1.6,0.13654174935072658,1e-07,down
1.4,0.17196196317672727,1e-07,down
1.2,0.2434228658676147,1e-07,down
1.0,0.5337952356785536,1e-07,down
0.8,-0.12375190854072571,1e-07,down
0.6,0.10857739299535749,1e-07,down
0.4,0.20082765817642206,1e-07,down
0.2,0.3669659495353698,1e-07,down
-0.0,0.1232276642695069,1e-07,down
-0.0,0.1232276642695069,1e-07,up
0.2,0.15130885690450666,1e-07,up
0.4,0.15200227126479146,1e-07,up
0.6,-0.029266078025102615,1e-07,up
0.8,0.05705311708152293,1e-07,up
1.0,0.2030408568680286,1e-07,up
1.2,0.23625188227742905,1e-07,up
1.4,0.28098133951425547,1e-07,up
1.6,0.3681406499817967,1e-07,up
1.8,0.30767362937331194,1e-07,up
2.0,0.006295921368291594,1e-07,up
2.2,0.2284641927108168,1e-07,up
2.4,0.32828716188669205,1e-07,up
2.6,0.008287701755762097,1e-07,up
2.8,0.11270466819405553,1e-07,up
3.0,0.009853616356849658,1e-07,up
3.2,0.20821669697761533,1e-07,up
3.4,-0.05858222395181655,1e-07,up
3.6,0.21954570687375957,1e-07,up
3.8,0.12507754564285276,1e-07,up
4.0,0.22614302113652227,1e-07,up
4.2,0.09218196570873259,1e-07,up
4.4,0.29678000137209887,1e-07,up
4.6,0.4691406087949871,1e-07,up
4.8,0.24512926209717983,1e-07,up
5.0,0.4208890562877058,1e-07,up
5.2,0.42796783242374653,1e-07,up
5.4,0.48408779921010126,1e-07,up
5.6,0.24188595637679097,1e-07,up
5.8,0.34548453334718937,1e-07,up
6.0,0.3442551400512456,1e-07,up
6.2,0.49903369043022383,1e-07,up
6.4,0.39852603524923313,1e-07,up
6.6,0.6766518093645572,1e-07,up
6.8,0.4137816689908504,1e-07,up
7.0,0.6575190806761384,1e-07,up
7.2,0.5104515813291072,1e-07,up
7.4,0.4807199425995349,1e-07,up
7.6,0.4942667484283446,1e-07,up
7.8,0.42333789169788355,1e-07,up
8.0,0.497189288958907,1e-07,up
8.0,0.4715035841800272,1e-07,down
7.8,0.5205631963908671,1e-07,down
7.6,0.4525437548290937,1e-07,down
7.4,0.4426484080031513,1e-07,down
7.2,0.43665646761655796,1e-07,down
7.0,0.5751804932951926,1e-07,down
6.8,0.3956335131078958,1e-07,down
6.6,0.5012924745678901,1e-07,down
6.4,0.5355997048318386,1e-07,down
6.2,0.3521114028990268,1e-07,down
6.0,0.31945774704217905,1e-07,down
5.8,0.4708817973732947,1e-07,down
5.6,0.42502263560891146,1e-07,down
5.4,0.5163508057594298,1e-07,down
5.2,0.2297664321959018,1e-07,down
5.0,0.3834243388846516,1e-07,down
4.8,0.26319883018732065,1e-07,down
4.6,0.43853214383125294,1e-07,down
4.4,0.21127243340015409,1e-07,down
4.2,0.3430316727608442,1e-07,down
4.0,0.31580689921975136,1e-07,down
3.8,0.5705110020935534,1e-07,down
3.6,0.07194333360530433,1e-07,down
3.4,0.19777677301317448,1e-07,down
3.2,0.3844783045351504,1e-07,down
3.0,0.33106632530689234,1e-07,down
2.8,0.44290236441884184,1e-07,down
2.6,0.5545426663011311,1e-07,down
2.4,0.619982438860461,1e-07,down
2.2,0.2628469662740826,1e-07,down
2.0,0.31891178723890323,1e-07,down
1.8,0.4317945316433906,1e-07,down
1.6,0.26309319585561747,1e-07,down
1.4,0.5110566986259072,1e-07,down
1.2,0.20660756807774303,1e-07,down
1.0,0.3607497178018092,1e-07,down
0.8,0.2907175458967685,1e-07,down
0.6,0.6564923916012048,1e-07,down
0.4,0.45800491981208313,1e-07,down
0.2,0.07253456115722655,1e-07,down
-0.0,0.33157771918922657,1e-07,down
-0.0,0.33157771918922657,1e-07,up
0.2,0.1545252358773723,1e-07,up
0.4,0.28077233373187477,1e-07,up
0.6,0.07217469345778224,1e-07,up
0.8,0.23674536217004058,1e-07,up
1.0,0.19308858411386606,1e-07,up
1.2,0.06651431880891322,1e-07,up
1.4,0.2081850228714756,1e-07,up
1.6,0.3915429739281534,1e-07,up
1.8,0.06879292265512046,1e-07,up
2.0,0.26219457783736283,1e-07,up
2.2,0.4560563443228602,1e-07,up
2.4,0.0493981644976884,1e-07,up
2.6,0.2681717993691563,1e-07,up
2.8,0.08272713236510752,1e-07,up
3.0,0.1983092278242111,1e-07,up
3.2,0.21682486496865744,1e-07,up
3.4,0.23892214708030218,1e-07,up
3.6,0.16944571025669575,1e-07,up
3.8,0.12673528678715226,1e-07,up
4.0,0.23761432524770493,1e-07,up
4.2,0.3685711994767188,1e-07,up
4.4,0.3884790698066353,1e-07,up
4.6,0.38205197453498824,1e-07,up
4.8,0.1515052916947752,1e-07,up
5.0,0.2028461801819503,1e-07,up
5.2,0.3062190674245357,1e-07,up
5.4,0.21644366742111737,1e-07,up
5.6,0.3490309910848736,1e-07,up
5.8,0.5722839646041392,1e-07,up
6.0,0.5452483277767896,1e-07,up
6.2,0.2946252017281949,1e-07,up
6.4,0.3666787690017372,1e-07,up
6.6,0.32116550207138056,1e-07,up
6.8,0.4194121239706873,1e-07,up
7.0,0.45264201238751406,1e-07,up
7.2,0.4333799071609973,1e-07,up
7.4,0.5134809501469134,1e-07,up
7.6,0.5597453825175761,1e-07,up
7.8,0.5311761088669299,1e-07,up
8.0,0.42543390457285557,1e-07,up
8.0,0.47737920167855913,1e-07,down
7.8,0.5664156526327132,1e-07,down
7.6,0.46552797406911844,1e-07,down
7.4,0.5856957221403717,1e-07,down
7.2,0.4903197535313665,1e-07,down
7.0,0.6103798151016234,1e-07,down
6.8,0.4212771356105804,1e-07,down
6.6,0.48022320866584767,1e-07,down
6.4,0.5589750297367572,1e-07,down
6.2,0.4327291757799684,1e-07,down
6.0,0.42681041732430447,1e-07,down
5.8,0.4304670318961143,1e-07,down
5.6,0.4795781029388308,1e-07,down
5.4,0.2853923309594392,1e-07,down
5.2,0.3649392947554588,1e-07,down
5.0,0.45976142026484007,1e-07,down
4.8,0.5158529952168464,1e-07,down
4.6,0.4219880141317844,1e-07,down
4.4,0.4935575723648071,1e-07,down
4.2,0.12282726168632506,1e-07,down
4.0,0.39706802368164057,1e-07,down
3.8,0.2345040217041969,1e-07,down
3.6,0.3565545380115508,1e-07,down
3.4,0.09664441645145413,1e-07,down
3.2,0.3061892986297607,1e-07,down
3.0,-0.0035693198442459163,1e-07,down
2.8,0.3191366195678711,1e-07,down
2.6,0.6255682818591594,1e-07,down
2.4,0.09833031147718428,1e-07,down
2.2,0.17953474074602122,1e-07,down
2.0,0.17391972057521338,1e-07,down
1.8,0.24574629089329386,1e-07,down
1.6,0.06873115338385104,1e-07,down
1.4,0.30706522613763804,1e-07,down
1.2,0.47478636936284596,1e-07,down
1.0,0.42084897402673954,1e-07,down
0.8,-0.08471996709704399,1e-07,down
0.6,0.05870795063674448,1e-07,down
0.4,0.4500408954918384,1e-07,down
0.2,-0.08533135056495667,1e-07,down
-0.0,0.43637143820524205,1e-07,down
-0.0,0.43637143820524205,1e-07,up
0.2,0.8017738573253154,1e-07,up
0.4,0.7199887409806252,1e-07,up
0.6,0.60194081813097,1e-07,up
0.8,-0.4327332079410553,1e-07,up
1.0,-0.2369750579819083,1e-07,up
1.2,0.5768556450493634,1e-07,up
1.4,-0.2740199882537126,1e-07,up
1.6,0.5663568428717553,1e-07,up
1.8,-0.22031413065269587,1e-07,up
2.0,0.540635474026203,1e-07,up
2.2,-0.1725928224623203,1e-07,up
2.4,-0.08456344064325096,1e-07,up
2.6,-0.15434184856712815,1e-07,up
2.8,0.4927444104105233,1e-07,up
3.0,-0.2140372432768345,1e-07,up
3.2,0.5135443601757287,1e-07,up
3.4,0.6308138547465204,1e-07,up
3.6,0.587608065456152,1e-07,up
3.8,-0.14936700928956267,1e-07,up
4.0,0.5014500096440314,1e-07,up
4.2,-0.2141938433051109,1e-07,up
4.4,0.06982174515724181,1e-07,up
4.6,0.042531661689281436,1e-07,up
4.8,0.49468529224395746,1e-07,up
5.0,0.7007784843444823,1e-07,up
5.2,0.6839794479310511,1e-07,up
5.4,0.06906028836965558,1e-07,up
5.6,0.30766743607819075,1e-07,up
5.8,0.3668228164315223,1e-07,up
6.0,0.3907377319410443,1e-07,up
6.2,0.3712760382331907,1e-07,up
6.4,0.31738539785146713,1e-07,up
6.6,0.5180648863315581,1e-07,up
6.8,0.5119950063526629,1e-07,up
7.0,0.49923494458198536,1e-07,up
7.2,0.4541181079111992,1e-07,up
7.4,0.5106677338480948,1e-07,up
7.6,0.4530841410160064,1e-07,up
7.8,0.5433920642826705,1e-07,up
8.0,0.46825093729421485,1e-07,up
8.0,0.47812676057219494,1e-07,down
7.8,0.4593878984451293,1e-07,down
7.6,0.5502837169915437,1e-07,down
7.4,0.5782773941755294,1e-07,down
7.2,0.5908700954169034,1e-07,down
7.0,0.44677460379898537,1e-07,down
6.8,0.40146930608898396,1e-07,down
6.6,0.36166304349899286,1e-07,down
6.4,0.4005769256946223,1e-07,down
6.2,0.30089221533853555,1e-07,down
6.0,0.37152439448982466,1e-07,down
5.8,0.243471666239202,1e-07,down
5.6,0.33321022987365717,1e-07,down
5.4,0.4778334274888038,1e-07,down
5.2,0.44026144780218596,1e-07,down
5.0,0.3899729028344153,1e-07,down
4.8,0.5028040269389747,1e-07,down
4.6,0.4143176767975092,1e-07,down
4.4,0.3104106597602367,1e-07,down
4.2,0.36489064618945116,1e-07,down
4.0,0.3301257919520139,1e-07,down
3.8,0.18092660250840706,1e-07,down
3.6,0.2332231998443603,1e-07,down
3.4,0.1930695008486509,1e-07,down
3.2,0.2783076371997595,1e-07,down
3.0,0.09732197783887384,1e-07,down
2.8,0.39863335154950613,1e-07,down
2.6,0.668267350643873,1e-07,down
2.4,0.22482884628698227,1e-07,down
2.2,0.25014804955571884,1e-07,down
2.0,0.19706481602042908,1e-07,down
1.8,0.3358863973990082,1e-07,down
1.6,0.002267602831125253,1e-07,down
1.4,0.376678880304098,1e-07,down
1.2,0.401629727333784,1e-07,down
1.0,0.5202482687309383,1e-07,down
0.8,-0.008333978708833465,1e-07,down
0.6,0.2669455353170633,1e-07,down
0.4,0.2076007612049579,1e-07,down
0.2,0.2709907675161957,1e-07,down
-0.0,0.11604893393814562,1e-07,down
-0.0,0.11604893393814562,1e-07,up
0.2,0.24361374136060474,1e-07,up
0.4,0.11388857662677764,1e-07,up
0.6,0.15493706020060924,1e-07,up
0.8,0.39715722203254694,1e-07,up
1.0,0.14010280882939694,1e-07,up
1.2,0.1549993575317785,1e-07,up
1.4,0.1608025869354605,1e-07,up
1.6,0.15168265055399385,1e-07,up
1.8,0.24943217262625691,1e-07,up
2.0,0.4204367734491824,1e-07,up
2.2,0.3493559085763991,1e-07,up
2.4,0.029352927580475793,1e-07,up
2.6,0.2937415009364485,1e-07,up
2.8,0.4774086661636829,1e-07,up
3.0,0.49921269156038756,1e-07,up
3.2,0.3626501164399087,1e-07,up
3.4,0.4447528161108493,1e-07,up
3.6,0.37241410277783865,1e-07,up
3.8,0.10513984225690362,1e-07,up
4.0,0.3004026040434837,1e-07,up
4.2,0.4705240139737724,1e-07,up
4.4,0.3962060380727052,1e-07,up
4.6,0.5347166791325434,1e-07,up
4.8,0.22642507008276874,1e-07,up
5.0,0.35696235205978155,1e-07,up
5.2,0.554387517273426,1e-07,up
5.4,0.45819031633436674,1e-07,up
5.6,0.5520796757191418,1e-07,up
5.8,0.4769509872421621,1e-07,up
6.0,0.34622822701930994,1e-07,up
6.2,0.43094115657731885,1e-07,up
6.4,0.42974849615711713,1e-07,up
6.6,0.6037705633789301,1e-07,up
6.8,0.5653421208262442,1e-07,up
7.0,0.4835089594125747,1e-07,up
7.2,0.5091875698417424,1e-07,up
7.4,0.552066285163164,1e-07,up
7.6,0.442027561366558,1e-07,up
7.8,0.45722245424985875,1e-07,up
8.0,0.4461802393198012,1e-07,up
8.0,0.46802014671266073,1e-07,down
7.8,0.45226903259754175,1e-07,down
7.6,0.5004009660333394,1e-07,down
7.4,0.4834322661627083,1e-07,down
7.2,0.44426776841282845,1e-07,down
7.0,0.41145107895135874,1e-07,down
6.8,0.43177805095911015,1e-07,down
6.6,0.33482596650719637,1e-07,down
6.4,0.3663389347493648,1e-07,down
6.2,0.6302065914496778,1e-07,down
6.0,0.5395807679742574,1e-07,down
5.8,0.1760112382471561,1e-07,down
5.6,0.3406208232045173,1e-07,down
5.4,0.6256445054896175,1e-07,down
5.2,0.16218733508139843,1e-07,down
5.0,0.47524681314826,1e-07,down
4.8,0.12748047336935994,1e-07,down
4.6,0.44397841766476626,1e-07,down
4.4,0.02855558507144449,1e-07,down
4.2,0.1723321452736854,1e-07,down
4.0,0.41879836004227394,1e-07,down
3.8,0.45435437932610506,1e-07,down
3.6,0.45799999195151025,1e-07,down
3.4,0.014541136566549526,1e-07,down
3.2,0.5040180552750825,1e-07,down
3.0,-0.0302114561200142,1e-07,down
2.8,0.49351366609334935,1e-07,down
2.6,0.012405298650264717,1e-07,down
2.4,0.504661333747208,1e-07,down
2.2,-0.028907958418130885,1e-07,down
2.0,0.43993286415934557,1e-07,down
1.8,-0.0609753131866455,1e-07,down
1.6,0.4611735977232455,1e-07,down
1.4,0.6545894183218478,1e-07,down
1.2,-0.06252806540578605,1e-07,down
1.0,0.5408157259225845,1e-07,down
0.8,0.46872800588607777,1e-07,down
0.6,0.6074541425332426,1e-07,down
0.4,0.5164976380765437,1e-07,down
0.2,0.5751419053412974,1e-07,down
-0.0,0.5630087964236735,1e-07,down
-0.0,0.5630087964236735,1e-07,up
0.2,0.5099417101591824,1e-07,up
0.4,0.4742028824985027,1e-07,up
0.6,0.49449935182929033,1e-07,up
0.8,0.48435720801353443,1e-07,up
1.0,-0.0720495730638504,1e-07,up
1.2,-0.06677180901169777,1e-07,up
1.4,0.11432642722502348,1e-07,up
1.6,0.43006401415914286,1e-07,up
1.8,-0.08523543085902929,1e-07,up
2.0,0.0025394330732524217,1e-07,up
2.2,0.31987987237516785,1e-07,up
2.4,-0.11312860809266566,1e-07,up
2.6,0.32531071151606733,1e-07,up
2.8,0.49847553484141816,1e-07,up
3.0,0.36770485714077944,1e-07,up
3.2,-0.14033591793850062,1e-07,up
3.4,0.3278521075844764,1e-07,up
3.6,-0.12328400835394858,1e-07,up
3.8,0.4179835878312587,1e-07,up
4.0,-0.05184823460876941,1e-07,up
4.2,0.38736861851066345,1e-07,up
4.4,0.6878272020258007,1e-07,up
4.6,0.5567541643977164,1e-07,up
4.8,0.6266072764992713,1e-07,up
5.0,0.06421929970383643,1e-07,up
5.2,0.3441091738641261,1e-07,up
5.4,0.3607836998999118,1e-07,up
5.6,0.26130613870918745,1e-07,up
5.8,0.3833391498774289,1e-07,up
6.0,0.521052723750472,1e-07,up
6.2,0.4854864617809653,1e-07,up
6.4,0.4231534339487552,1e-07,up
6.6,0.28399999439716334,1e-07,up
6.8,0.37925292551517475,1e-07,up
7.0,0.5987832657992839,1e-07,up
7.2,0.5663309805095195,1e-07,up
7.4,0.3889922443777322,1e-07,up
7.6,0.49579964857548464,1e-07,up
7.8,0.45857422752305854,1e-07,up
8.0,0.3971496149897574,1e-07,up
8.0,0.47162024537101377,1e-07,down
7.8,0.532797211781144,1e-07,down
7.6,0.4478260902687906,1e-07,down
7.4,0.5448982729576527,1e-07,down
7.2,0.5834220908582209,1e-07,down
7.0,0.427757080644369,1e-07,down
6.8,0.4309277720749377,1e-07,down
6.6,0.5622421205043792,1e-07,down
6.4,0.3865394992753862,1e-07,down
6.2,0.48756389971822495,1e-07,down
6.0,0.44936351059004653,1e-07,down
5.8,0.3254288658499717,1e-07,down
5.6,0.2561455443501472,1e-07,down
5.4,0.4271967643871903,1e-07,down
5.2,0.26857255864888424,1e-07,down
5.0,0.4252280946820974,1e-07,down
4.8,0.11024951934814452,1e-07,down
4.6,0.32760653458535666,1e-07,down
4.4,0.34151074010878796,1e-07,down
4.2,0.36157631874084467,1e-07,down
4.0,0.4208046738058328,1e-07,down
3.8,0.3892220184206962,1e-07,down
3.6,0.4985848329961299,1e-07,down
3.4,0.252034805715084,1e-07,down
3.2,0.33086012722924346,1e-07,down
3.0,0.25135843176394695,1e-07,down
2.8,0.5402112491428851,1e-07,down
2.6,0.35725694638676936,1e-07,down
2.4,0.36209779698401684,1e-07,down
2.2,0.41016411781311024,1e-07,down
2.0,0.16479705553501842,1e-07,down
1.8,0.2159017110243439,1e-07,down
1.6,0.13375054672360417,1e-07,down
1.4,0.22145619336515665,1e-07,down
1.2,0.5602604532614349,1e-07,down
1.0,0.39969568327069277,1e-07,down
0.8,0.3612688928842544,1e-07,down
0.6,0.1363396346569061,1e-07,down
0.4,0.2453456819057464,1e-07,down
0.2,0.5263856686651706,1e-07,down
-0.0,0.27852992573752994,1e-07,down
-0.0,0.27852992573752994,1e-07,up
0.2,0.1807805858552456,1e-07,up
0.4,0.30567507911473507,1e-07,up
0.6,0.15098805062007156,1e-07,up
0.8,0.3412977680563926,1e-07,up
1.0,0.2671456886455416,1e-07,up
1.2,0.41961994254961604,1e-07,up
1.4,0.3542274406645446,1e-07,up
1.6,0.026877677068114263,1e-07,up
1.8,0.22451343946158883,1e-07,up
2.0,0.12033938430249688,1e-07,up
2.2,0.2623682438861578,1e-07,up
2.4,0.21460643084719772,1e-07,up
2.6,0.3704123049974441,1e-07,up
2.8,0.07692185579799114,1e-07,up
3.0,0.3539674393832683,1e-07,up
3.2,0.5178602263331412,1e-07,up
3.4,0.47499190317466844,1e-07,up
3.6,0.3952046521008014,1e-07,up
3.8,0.38887655735015864,1e-07,up
4.0,0.5164490547031163,1e-07,up
4.2,0.06396502628922461,1e-07,up
4.4,0.3650527708232402,1e-07,up
4.6,0.11480428650975223,1e-07,up
4.8,0.17591663450002665,1e-07,up
5.0,0.3733982667326926,1e-07,up
5.2,0.3647645310265943,1e-07,up
5.4,0.28354144468903536,1e-07,up
5.6,0.3335170820355415,1e-07,up
5.8,0.3597426060587168,1e-07,up
6.0,0.26614969037473196,1e-07,up
6.2,0.4173359787091612,1e-07,up
6.4,0.4185573675204068,1e-07,up
6.6,0.373071638867259,1e-07,up
6.8,0.380627691745758,1e-07,up
7.0,0.4323694184422492,1e-07,up
7.2,0.42415340989828104,1e-07,up
7.4,0.5325509682297705,1e-07,up
7.6,0.4420846756547689,1e-07,up
7.8,0.4480798398144542,1e-07,up
8.0,0.4290597089566289,1e-07,up
8.0,0.48793908953666676,1e-07,down
7.8,0.5691802166402339,1e-07,down
7.6,0.5206313747912644,1e-07,down
7.4,0.45273600146174414,1e-07,down
7.2,0.473890721797943,1e-07,down
7.0,0.4639558345079421,1e-07,down
6.8,0.4091199859976768,1e-07,down
6.6,0.5497066006064414,1e-07,down
6.4,0.377809683792293,1e-07,down
6.2,0.24537198245525355,1e-07,down
6.0,0.4750939682126044,1e-07,down
5.8,0.4082312639802693,1e-07,down
5.6,0.18600251711905,1e-07,down
5.4,0.20167717034928495,1e-07,down
5.2,0.5107236923649907,1e-07,down
5.0,0.3588132411241531,1e-07,down
4.8,0.39097794145345677,1e-07,down
4.6,0.2733412235975265,1e-07,down
4.4,0.41550986841320986,1e-07,down
4.2,0.20295895822346208,1e-07,down
4.0,0.18601256702095267,1e-07,down
3.8,0.17446621321141717,1e-07,down
3.6,0.19324149657040832,1e-07,down
3.4,0.242809179413598,1e-07,down
3.2,0.5455823130905627,1e-07,down
3.0,0.5947487093508242,1e-07,down
2.8,0.08674247562885282,1e-07,down
2.6,0.41078423243016,1e-07,down
2.4,0.0912010297179222,1e-07,down
2.2,0.39955970644950856,1e-07,down
2.0,0.04927785880863666,1e-07,down
1.8,0.42051053792238224,1e-07,down
1.6,0.32403022306971246,1e-07,down
1.4,0.4745773412287234,1e-07,down
1.2,0.2736798226833343,1e-07,down
1.0,0.535399171989411,1e-07,down
0.8,0.6443610340356827,1e-07,down
0.6,0.8631593771278857,1e-07,down
0.4,-0.11485819611698389,1e-07,down
0.2,0.27022220566868776,1e-07,down
-0.0,0.652399499900639,1e-07,down
-0.0,0.652399499900639,1e-07,up
0.2,0.03198860958218573,1e-07,up
0.4,0.3678734824061393,1e-07,up
0.6,-0.0339178591966629,1e-07,up
0.8,0.20137942954897875,1e-07,up
1.0,0.4389434289187192,1e-07,up
1.2,0.49840685725212086,1e-07,up
1.4,-0.034016668796539314,1e-07,up
1.6,0.34671722352504725,1e-07,up
1.8,0.5558214485645293,1e-07,up
2.0,0.4828150933608412,1e-07,up
2.2,0.6108948606997727,1e-07,up
2.4,0.5535075808875262,1e-07,up
2.6,0.02533089742064475,1e-07,up
2.8,0.32374791242182244,1e-07,up
3.0,0.13769868761301038,1e-07,up
3.2,0.26442049816250796,1e-07,up
3.4,0.4716592943295836,1e-07,up
3.6,0.5298672541975974,1e-07,up
3.8,0.031017951667308804,1e-07,up
4.0,0.1915028570219874,1e-07,up
4.2,0.24110841006040568,1e-07,up
4.4,0.3085511159151792,1e-07,up
4.6,0.19279679656028742,1e-07,up
4.8,0.3746761037036776,1e-07,up
5.0,0.2104323743842542,1e-07,up
5.2,0.26190365292131895,1e-07,up
5.4,0.44169824942946423,1e-07,up
5.6,0.3971497081220149,1e-07,up
5.8,0.23964060284197328,1e-07,up
6.0,0.33497855812311167,1e-07,up
6.2,0.35080305486917485,1e-07,up
6.4,0.4930226132273673,1e-07,up
6.6,0.5621870206668972,1e-07,up
6.8,0.5115216262638568,1e-07,up
7.0,0.560156154911965,1e-07,up
7.2,0.4897631611675023,1e-07,up
7.4,0.4735728343948721,1e-07,up
7.6,0.43592642666771997,1e-07,up
7.8,0.5216363742947577,1e-07,up
8.0,0.5272676231106742,1e-07,up
8.0,0.45494256820529694,1e-07,down
7.8,0.5386552400887011,1e-07,down
7.6,0.5584133137017487,1e-07,down
7.4,0.4169184658676385,1e-07,down
7.2,0.5322248563170432,1e-07,down
7.0,0.42726536327973,1e-07,down
6.8,0.3786546643823384,1e-07,down
6.6,0.4110882272943853,1e-07,down
6.4,0.28229673951864237,1e-07,down
6.2,0.4819013359956443,1e-07,down
6.0,0.3558218143880367,1e-07,down
5.8,0.3843833459541201,1e-07,down
5.6,0.26124101318418974,1e-07,down
5.4,0.19475137256085867,1e-07,down
5.2,0.42040260229259724,1e-07,down
5.0,0.3704090155661106,1e-07,down
4.8,0.46701688319444645,1e-07,down
4.6,0.23971008323132986,1e-07,down
4.4,0.22826402634382242,1e-07,down
4.2,0.15971864014863965,1e-07,down
4.0,0.2051434554159641,1e-07,down
3.8,0.4624841406475752,1e-07,down
3.6,0.3456351428758352,1e-07,down
3.4,0.4533086763694882,1e-07,down
3.2,0.05903839366510508,1e-07,down
3.0,0.4347100527957081,1e-07,down
2.8,0.06186895631253717,1e-07,down
2.6,0.2163914078846573,1e-07,down
2.4,0.1789404451847076,1e-07,down
2.2,0.32786042522639025,1e-07,down
2.0,0.09049609489738937,1e-07,down
1.8,0.32895185612142075,1e-07,down
1.6,0.3107232758775353,1e-07,down
1.4,0.3538691289722919,1e-07,down
1.2,0.31138593517243857,1e-07,down
1.0,0.3154626465402543,1e-07,down
0.8,0.320740470662713,1e-07,down
0.6,0.26871581189334387,1e-07,down
0.4,0.425082136876881,1e-07,down
0.2,0.21077797003090376,1e-07,down
-0.0,0.25964641571044916,1e-07,down
-0.0,0.25964641571044916,1e-07,up
0.2,0.5201391893206163,1e-07,up
0.4,0.03595815040171145,1e-07,up
0.6,0.15273482911288735,1e-07,up
0.8,0.12214294821023938,1e-07,up
1.0,0.22932568751275534,1e-07,up
1.2,0.013412110507488239,1e-07,up
1.4,0.2118466831743717,1e-07,up
1.6,0.07607181929051875,1e-07,up
1.8,0.258192341774702,1e-07,up
2.0,0.2398663200438022,1e-07,up
2.2,0.22644766047596926,1e-07,up
2.4,0.2057901993393898,1e-07,up
2.6,0.1951190680265426,1e-07,up
2.8,0.5425385693088173,1e-07,up
3.0,0.23784261150285596,1e-07,up
3.2,0.2780341506004333,1e-07,up
3.4,0.238479271531105,1e-07,up
3.6,0.3297029193490743,1e-07,up
3.8,0.19428837858140466,1e-07,up
4.0,0.3611555038951336,1e-07,up
4.2,0.26951833255589003,1e-07,up
4.4,0.26373439724557096,1e-07,up
4.6,0.36014782148413355,1e-07,up
4.8,0.35916428072960105,1e-07,up
5.0,0.28938695183023805,1e-07,up
5.2,0.3671099209459498,1e-07,up
5.4,0.45770821906626213,1e-07,up
5.6,0.3491387832909822,1e-07,up
5.8,0.542731625959277,1e-07,up
6.0,0.3891795396339148,1e-07,up
6.2,0.5370880514383315,1e-07,up
6.4,0.3234762623906135,1e-07,up
6.6,0.5558284148573874,1e-07,up
6.8,0.4215295873582362,1e-07,up
7.0,0.5684701986610888,1e-07,up
7.2,0.5766663923859595,1e-07,up
7.4,0.4269342552870511,1e-07,up
7.6,0.5620121210813521,1e-07,up
7.8,0.43757137190550555,1e-07,up
8.0,0.5375737687572836,1e-07,up
8.0,0.49181717925239343,1e-07,down
7.8,0.544690804556012,1e-07,down
7.6,0.509206412360072,1e-07,down
7.4,0.5665722899138926,1e-07,down
7.2,0.5237878581974654,1e-07,down
7.0,0.5750532746315001,1e-07,down
6.8,0.5410379571840166,1e-07,down
6.6,0.5034412816166877,1e-07,down
6.4,0.47038612142205233,1e-07,down
6.2,0.31594329606741656,1e-07,down
6.0,0.4279941584682091,1e-07,down
5.8,0.28195708431303496,1e-07,down
5.6,0.3156558629125356,1e-07,down
5.4,0.313643121800851,1e-07,down
5.2,0.252197572030127,1e-07,down
5.0,0.46490103506948793,1e-07,down
4.8,0.32014169543981547,1e-07,down
4.6,0.3528677802532911,1e-07,down
4.4,0.3053501654067076,1e-07,down
4.2,0.385385550558567,1e-07,down
4.0,0.31895438395440573,1e-07,down
3.8,0.4405173687264322,1e-07,down
3.6,0.18272818252444264,1e-07,down
3.4,0.2716826647520065,1e-07,down
3.2,0.36023691855370993,1e-07,down
3.0,0.2338497638702392,1e-07,down
2.8,0.4254006049595773,1e-07,down
2.6,0.45665993308648456,1e-07,down
2.4,0.27227647043764586,1e-07,down
2.2,0.2999755665659904,1e-07,down
2.0,0.43530899286270136,1e-07,down
1.8,0.3519944809377193,1e-07,down
1.6,0.3834866685792803,1e-07,down
1.4,0.04571052640676497,1e-07,down
1.2,0.34836756251752365,1e-07,down
1.0,0.17514572478830812,1e-07,down
0.8,0.213877560570836,1e-07,down
0.6,0.4223323473706841,1e-07,down
0.4,0.42824203148484224,1e-07,down
0.2,0.4252780498936771,1e-07,down
-0.0,0.015135509893298142,1e-07,down
-0.0,0.015135509893298142,1e-07,up
0.2,0.3425638377666473,1e-07,up
0.4,0.4611678961664437,1e-07,up
0.6,0.49870369210839266,1e-07,up
0.8,0.4969946555793285,1e-07,up
1.0,-0.21512513235211367,1e-07,up
1.2,-0.00890612788498404,1e-07,up
1.4,-0.07347846217453478,1e-07,up
1.6,-0.05677524348720909,1e-07,up
1.8,-0.010834836866706625,1e-07,up
2.0,0.0049542430788278415,1e-07,up
2.2,0.37595945410430426,1e-07,up
2.4,-0.09973923396319151,1e-07,up
2.6,0.1478118477389216,1e-07,up
2.8,0.40359687432646746,1e-07,up
3.0,-0.05672587826848029,1e-07,up
3.2,0.5097189620137214,1e-07,up
3.4,-0.036210669670254006,1e-07,up
3.6,0.07582300528883933,1e-07,up
3.8,0.37357522081583733,1e-07,up
4.0,0.672669126652181,1e-07,up
4.2,0.06814407557249068,1e-07,up
4.4,0.4376849308609962,1e-07,up
4.6,0.4976091603748499,1e-07,up
4.8,0.5903353169560431,1e-07,up
5.0,0.5193726351717486,1e-07,up
5.2,0.5697926206012197,1e-07,up
5.4,0.08818121347576376,1e-07,up
5.6,0.48804609943181265,1e-07,up
5.8,0.6156629249453544,1e-07,up
6.0,0.19637402612715957,1e-07,up
6.2,0.37505567446351046,1e-07,up
6.4,0.2717837002128362,1e-07,up
6.6,0.43411977216601366,1e-07,up
6.8,0.3307228628545999,1e-07,up
7.0,0.5617683818563818,1e-07,up
7.2,0.4526200722903012,1e-07,up
7.4,0.5849329493939875,1e-07,up
7.6,0.5110629377886652,1e-07,up
7.8,0.44899662956595415,1e-07,up
8.0,0.5105017470195888,1e-07,up
8.0,0.44354277616366733,1e-07,down
7.8,0.4525181939825415,1e-07,down
7.6,0.5186372511088847,1e-07,down
7.4,0.5681013083085417,1e-07,down
7.2,0.444079078733921,1e-07,down
7.0,0.5604763161391019,1e-07,down
6.8,0.6040213629603385,1e-07,down
6.6,0.3642601333558559,1e-07,down
6.4,0.5044342437759041,1e-07,down
6.2,0.5635291952639817,1e-07,down
6.0,0.58423123229295,1e-07,down
5.8,0.5063046850264071,1e-07,down
5.6,0.6238735590595751,1e-07,down
5.4,0.4379673041403293,1e-07,down
5.2,0.09718263708055017,1e-07,down
5.0,0.305586714297533,1e-07,down
4.8,0.1791700178291648,1e-07,down
4.6,0.2832826322410255,1e-07,down
4.4,0.34485758515074844,1e-07,down
4.2,0.11389588005840774,1e-07,down
4.0,0.2393614764732774,1e-07,down
3.8,0.21586997248232362,1e-07,down
3.6,0.1589369140565395,1e-07,down
3.4,0.17289022915065286,1e-07,down
3.2,0.24921993725001806,1e-07,down
3.0,0.29149141177185806,1e-07,down
2.8,0.16420888341963288,1e-07,down
2.6,0.19839603081345553,1e-07,down
2.4,0.37537351902574295,1e-07,down
2.2,0.3604231174103915,1e-07,down
2.0,0.41078829113394016,1e-07,down
1.8,0.19424669444561002,1e-07,down
1.6,0.25349929183721537,1e-07,down
1.4,0.4836192354559897,1e-07,down
1.2,0.1060862112790346,1e-07,down
1.0,0.18881008401513094,1e-07,down
0.8,0.06858694553375241,1e-07,down
0.6,0.30916956625878805,1e-07,down
0.4,0.2665894944220781,1e-07,down
0.2,0.286225713789463,1e-07,down
-0.0,0.16250377148389814,1e-07,down
-0.0,0.16250377148389814,1e-07,up
0.2,0.14298154227435586,1e-07,up
0.4,0.1309655215591192,1e-07,up
0.6,0.2017607660964131,1e-07,up
0.8,0.030405735597014417,1e-07,up
1.0,0.09482074854895471,1e-07,up
1.2,0.14786130376160142,1e-07,up
1.4,0.10948958247900008,1e-07,up
1.6,0.20076840650290248,1e-07,up
1.8,0.05813767015933989,1e-07,up
2.0,0.1232207268476486,1e-07,up
2.2,0.31600636662915343,1e-07,up
2.4,0.2581839589402079,1e-07,up
2.6,0.2827111100777983,1e-07,up
2.8,0.12510337494313714,1e-07,up
3.0,0.2042084978893399,1e-07,up
3.2,0.17778220260515806,1e-07,up
3.4,0.2862077690660953,1e-07,up
3.6,0.4162876112386584,1e-07,up
3.8,0.11807713005691765,1e-07,up
4.0,0.16966813430190084,1e-07,up
4.2,0.3873417750000953,1e-07,up
4.4,0.19980355910956854,1e-07,up
4.6,0.4319546371698379,1e-07,up
4.8,0.3996308213099836,1e-07,up
5.0,0.18300816975533957,1e-07,up
5.2,0.39078158233314747,1e-07,up
5.4,0.2957041040062904,1e-07,up
5.6,0.3979828096926211,1e-07,up
5.8,0.4442784171551465,1e-07,up
6.0,0.39320380892604584,1e-07,up
6.2,0.3112700786441564,1e-07,up
6.4,0.35437682829797257,1e-07,up
6.6,0.48916444182395924,1e-07,up
6.8,0.4568196237087249,1e-07,up
7.0,0.4007399287074804,1e-07,up
7.2,0.4596037231385707,1e-07,up
7.4,0.47280086018145073,1e-07,up
7.6,0.45347034186124796,1e-07,up
7.8,0.5109329838305712,1e-07,up
8.0,0.42699035909026856,1e-07,up
8.0,0.47138862684369076,1e-07,down
7.8,0.4530971162021159,1e-07,down
7.6,0.4560371562838553,1e-07,down
7.4,0.47500253096222866,1e-07,down
7.2,0.5582360513508319,1e-07,down
7.0,0.4266058113425969,1e-07,down
6.8,0.4019391706679015,1e-07,down
6.6,0.4106068477267399,1e-07,down
6.4,0.3335470892488956,1e-07,down
6.2,0.33297961018979544,1e-07,down
6.0,0.2523274049162864,1e-07,down
5.8,0.3044989006593823,1e-07,down
5.6,0.2658793963491916,1e-07,down
5.4,0.40162649657577265,1e-07,down
5.2,0.39474080724176014,1e-07,down
5.0,0.29655422084033484,1e-07,down
4.8,0.39467127341777086,1e-07,down
4.6,0.1457027895376086,1e-07,down
4.4,0.2871477752923965,1e-07,down
4.2,0.2729783672839403,1e-07,down
4.0,0.3313872162252664,1e-07,down
3.8,0.0994809968397021,1e-07,down
3.6,0.2844397313892841,1e-07,down
3.4,0.4661021484062075,1e-07,down
3.2,-0.015538846608251337,1e-07,down
3.0,0.28103425051085645,1e-07,down
2.8,0.28541852161288256,1e-07,down
2.6,0.13679241016507146,1e-07,down
2.4,0.33918840531259764,1e-07,down
2.2,0.42898958642035717,1e-07,down
2.0,0.4250321482541039,1e-07,down
1.8,0.17797224875539538,1e-07,down
1.6,0.5237149521708487,1e-07,down
1.4,0.29955898970365513,1e-07,down
1.2,0.5269975177943705,1e-07,down
1.0,0.3695485703647136,1e-07,down
0.8,0.15859020501375196,1e-07,down
0.6,0.17445433884859082,1e-07,down
0.4,0.1941583454608917,1e-07,down
0.2,0.6034055475029162,1e-07,down
-0.0,0.3928633872419595,1e-07,down
-0.0,0.3928633872419595,1e-07,up
0.2,0.48798922821879376,1e-07,up
0.4,0.1512854434549808,1e-07,up
0.6,0.18579038977622986,1e-07,up
0.8,0.06500424444675444,1e-07,up
1.0,0.3140125260688364,1e-07,up
1.2,0.2857940748799592,1e-07,up
1.4,0.15461204294115302,1e-07,up
1.6,0.2666628181468695,1e-07,up
1.8,0.09017534181475638,1e-07,up
2.0,0.25956359505653376,1e-07,up
2.2,0.09125403035432099,1e-07,up
2.4,0.20428788149729368,1e-07,up
2.6,0.18215083330869672,1e-07,up
2.8,0.3089343532919884,1e-07,up
3.0,0.08360119722783564,1e-07,up
3.2,0.35410094447433943,1e-07,up
3.4,0.2313061873428523,1e-07,up
3.6,0.25489584356546396,1e-07,up
3.8,0.19730179756879804,1e-07,up
4.0,0.4090463812462985,1e-07,up
4.2,0.18351900018751616,1e-07,up
4.4,0.26134515739977354,1e-07,up
4.6,0.37369043007493014,1e-07,up
4.8,0.20380116067826745,1e-07,up
5.0,0.3936377633363008,1e-07,up
5.2,0.4213084690272807,1e-07,up
5.4,0.459801995428279,1e-07,up
5.6,0.3101324718445539,1e-07,up
5.8,0.44166534068062896,1e-07,up
6.0,0.6297127269208429,1e-07,up
6.2,0.6428150366991757,1e-07,up
6.4,0.6321698911488054,1e-07,up
6.6,0.5776781048625707,1e-07,up
6.8,0.2670176420360803,1e-07,up
7.0,0.43858998082578177,1e-07,up
7.2,0.6054207849083467,1e-07,up
7.4,0.5449015386402606,1e-07,up
7.6,0.44133830722421397,1e-07,up
7.8,0.4311740854755043,1e-07,up
8.0,0.4332141689956187,1e-07,up
8.0,0.5258150100708007,1e-07,down
7.8,0.6117606349289416,1e-07,down
7.6,0.6213400699198245,1e-07,down
7.4,0.45964397490024556,1e-07,down
7.2,0.632324987091124,1e-07,down
7.0,0.4155456852167844,1e-07,down
6.8,0.4483958252239972,1e-07,down
6.6,0.5184663161635398,1e-07,down
6.4,0.5005600489675998,1e-07,down
6.2,0.26577346771955485,1e-07,down
6.0,0.31909527070820326,1e-07,down
5.8,0.20468208985403177,1e-07,down
5.6,0.5101003050804137,1e-07,down
5.4,0.404597871005535,1e-07,down
5.2,0.23062756657600397,1e-07,down
5.0,0.3408265411853789,1e-07,down
4.8,0.12653181701898572,1e-07,down
4.6,0.45650622434914107,1e-07,down
4.4,0.21152998507022852,1e-07,down
4.2,0.34943808615207667,1e-07,down
4.0,0.2674722075462341,1e-07,down
3.8,0.39348867908120144,1e-07,down
3.6,0.3251942303031683,1e-07,down
3.4,0.30026008747518057,1e-07,down
3.2,0.1958307940512895,1e-07,down
3.0,0.2469365363940596,1e-07,down
2.8,0.20472770370543,1e-07,down
2.6,0.19993352796882388,1e-07,down
2.4,0.4181988015770911,1e-07,down
2.2,0.14569636806845662,1e-07,down
2.0,0.2841851615812629,1e-07,down
1.8,0.31079001724719996,1e-07,down
1.6,0.444532036781311,1e-07,down
1.4,0.45730855129659165,1e-07,down
1.2,0.46181409433484066,1e-07,down
1.0,0.5275970436632632,1e-07,down
0.8,0.18512421101331708,1e-07,down
0.6,0.38648632820695633,1e-07,down
0.4,0.164587702602148,1e-07,down
0.2,0.5968828499317168,1e-07,down
-0.0,0.3983407439664005,1e-07,down
-0.0,0.3983407439664005,1e-07,up
0.2,0.5858774273656308,1e-07,up
0.4,0.5242568850517272,1e-07,up
0.6,0.4410216204996686,1e-07,up
0.8,0.4749689067539292,1e-07,up
1.0,0.48929595807567233,1e-07,up
1.2,0.267164085060358,1e-07,up
1.4,0.44205783866345877,1e-07,up
1.6,0.3796693226322531,1e-07,up
1.8,0.5370776094496249,1e-07,up
2.0,0.2491874322295188,1e-07,up
2.2,0.34121728315949434,1e-07,up
2.4,0.24704345688223836,1e-07,up
2.6,0.4155045878142118,1e-07,up
2.8,0.3009370677173137,1e-07,up
3.0,0.15425917133688924,1e-07,up
3.2,0.598998924717307,1e-07,up
3.4,0.2505091689527034,1e-07,up
3.6,0.5356725752353667,1e-07,up
3.8,0.38201072905212635,1e-07,up
4.0,0.2287470996379852,1e-07,up
4.2,0.18853003531694407,1e-07,up
4.4,0.5171716706827282,1e-07,up
4.6,0.36722118034958834,1e-07,up
4.8,0.21637380495667452,1e-07,up
5.0,0.23331368342041964,1e-07,up
5.2,0.5884059816598891,1e-07,up
5.4,0.4037352502346038,1e-07,up
5.6,0.3900464908219874,1e-07,up
5.8,0.4165700152516364,1e-07,up
6.0,0.4219846203923225,1e-07,up
6.2,0.2598652467131614,1e-07,up
6.4,0.4004249349236488,1e-07,up
6.6,0.3138514757156371,1e-07,up
6.8,0.4035500660538673,1e-07,up
7.0,0.5846942644566296,1e-07,up
7.2,0.43487516604363907,1e-07,up
7.4,0.5946935489773749,1e-07,up
7.6,0.5711827520281075,1e-07,up
7.8,0.478267541155219,1e-07,up
8.0,0.5538497455418109,1e-07,up
8.0,0.4873518930398858,1e-07,down
7.8,0.5696736313402652,1e-07,down
7.6,0.5987983625382184,1e-07,down
7.4,0.4488920737057923,1e-07,down
7.2,0.4489742387086152,1e-07,down
7.0,0.4592999294400214,1e-07,down
6.8,0.6108094481751322,1e-07,down
6.6,0.552807006984949,1e-07,down
6.4,0.5631941370666026,1e-07,down
6.2,0.46340119279921044,1e-07,down
6.0,0.23910553473979232,1e-07,down
5.8,0.30399632640182966,1e-07,down
5.6,0.32206142693758,1e-07,down
5.4,0.28991620661690826,1e-07,down
5.2,0.08634854666888712,1e-07,down
5.0,0.25492685590870673,1e-07,down
4.8,0.10407173726707694,1e-07,down
4.6,0.3371870014816522,1e-07,down
4.4,0.38945658504962916,1e-07,down
4.2,0.3786191605031489,1e-07,down
4.0,0.10264806449413298,1e-07,down
3.8,0.1986251445196103,1e-07,down
3.6,0.3672414906322956,1e-07,down
3.4,0.5330175964627414,1e-07,down
3.2,0.5555066894739865,1e-07,down
3.0,0.036350358277559267,1e-07,down
2.8,0.3810088504105805,1e-07,down
2.6,0.573827749933116,1e-07,down
2.4,0.6589684374630451,1e-07,down
2.2,-0.017309458926320076,1e-07,down
2.0,0.15176223404705522,1e-07,down
1.8,0.23192534921690816,1e-07,down
1.6,0.3483844846487044,1e-07,down
1.4,0.4265062473714351,1e-07,down
1.2,0.04698206670582293,1e-07,down
1.0,0.2814040314406156,1e-07,down
0.8,0.5246769357472657,1e-07,down
0.6,0.36447521112859244,1e-07,down
0.4,0.011451810598373411,1e-07,down
0.2,0.2179336696863174,1e-07,down
-0.0,0.24309727549552915,1e-07,down
-0.0,0.24309727549552915,1e-07,up
0.2,0.0051750689744949315,1e-07,up
0.4,0.1114019453525543,1e-07,up
0.6,0.2967307791113853,1e-07,up
0.8,0.2984426021575927,1e-07,up
1.0,-0.05520065128803253,1e-07,up
1.2,0.3106404840946197,1e-07,up
1.4,-0.002535320818424228,1e-07,up
1.6,0.09706410020589827,1e-07,up
1.8,0.03730180114507674,1e-07,up
2.0,0.10383675247430799,1e-07,up
2.2,0.07827857881784439,1e-07,up
2.4,0.1829915903508663,1e-07,up
2.6,0.32207756675779814,1e-07,up
2.8,0.18183773010969156,1e-07,up
3.0,0.2548294365406036,1e-07,up
3.2,0.3191644474864005,1e-07,up
3.4,0.2181710712611675,1e-07,up
3.6,0.3380044326186179,1e-07,up
3.8,0.4132633246481418,1e-07,up
4.0,0.26036018133163447,1e-07,up
4.2,0.3847410334274172,1e-07,up
4.4,0.2821663543581962,1e-07,up
4.6,0.37798028439283365,1e-07,up
4.8,0.4274141108617186,1e-07,up
5.0,0.19392759304173524,1e-07,up
5.2,0.3443629870889708,1e-07,up
5.4,0.42863562144339074,1e-07,up
5.6,0.511861388105899,1e-07,up
5.8,0.29673960432410235,1e-07,up
6.0,0.4510487690567969,1e-07,up
6.2,0.2472242191433906,1e-07,up
6.4,0.46708100289106363,1e-07,up
6.6,0.4390352349728345,1e-07,up
6.8,0.5461266878992318,1e-07,up
7.0,0.4336464134976267,1e-07,up
7.2,0.4070424323435872,1e-07,up
7.4,0.4377941102720796,1e-07,up
7.6,0.512444308027625,1e-07,up
7.8,0.4335739985108375,1e-07,up
8.0,0.470044845715165,1e-07,up
8.0,0.483341566286981,1e-07,down
7.8,0.5394494123756884,1e-07,down
7.6,0.46680617332458485,1e-07,down
7.4,0.4904653504490851,1e-07,down
7.2,0.461826093494892,1e-07,down
7.0,0.5781937018036841,1e-07,down
6.8,0.36659163143485773,1e-07,down
6.6,0.38729266356676806,1e-07,down
6.4,0.6834747530519961,1e-07,down
6.2,0.5575297120958566,1e-07,down
6.0,0.418025255203247,1e-07,down
5.8,0.33500259835273016,1e-07,down
5.6,0.4583969712257384,1e-07,down
5.4,0.5361304040998219,1e-07,down
5.2,0.40779744181782,1e-07,down
5.0,0.26579261198639864,1e-07,down
4.8,0.45448844321072096,1e-07,down
4.6,0.2883025929331779,1e-07,down
4.4,0.393525718973251,1e-07,down
4.2,0.19637705129571256,1e-07,down
4.0,0.32371657108888025,1e-07,down
3.8,0.22021801630035037,1e-07,down
3.6,0.3329438008368015,1e-07,down
3.4,0.5160988625138998,1e-07,down
3.2,0.06456686556339263,1e-07,down
3.0,0.45147953741252417,1e-07,down
2.8,0.3109872536733746,1e-07,down
2.6,0.34947673417627806,1e-07,down
2.4,0.2701602261513471,1e-07,down
2.2,0.2710910458117723,1e-07,down
2.0,0.23454916849732393,1e-07,down
1.8,0.26637674495577807,1e-07,down
1.6,0.33507848184672173,1e-07,down
1.4,0.1701764166355133,1e-07,down
1.2,0.3043237028177827,1e-07,down
1.0,0.19950064830482003,1e-07,down
0.8,0.25958133116364474,1e-07,down
0.6,0.1835427889600396,1e-07,down
0.4,0.34831157047301525,1e-07,down
0.2,0.10130196996033189,1e-07,down
-0.0,0.49130925163626665,1e-07,down
-0.0,0.49130925163626665,1e-07,up
0.2,0.29848955944180483,1e-07,up
0.4,0.5592059083282946,1e-07,up
0.6,-0.014188712462782867,1e-07,up
0.8,0.29256474878638977,1e-07,up
1.0,0.43314473144710053,1e-07,up
1.2,0.44380438327789296,1e-07,up
1.4,-0.04854682832956314,1e-07,up
1.6,0.21058843808714298,1e-07,up
1.8,0.27364260330796236,1e-07,up
2.0,0.10541583597660062,1e-07,up
2.2,0.15658726729452604,1e-07,up
2.4,0.17647352442145345,1e-07,up
2.6,0.15060431417077777,1e-07,up
2.8,0.259802047163248,1e-07,up
3.0,0.13730501197278497,1e-07,up
3.2,0.35347224771976465,1e-07,up
3.4,0.12488331319764255,1e-07,up
3.6,0.26205152645707125,1e-07,up
3.8,0.23058537673205134,1e-07,up
4.0,0.3587135751731693,1e-07,up
4.2,0.661005301401019,1e-07,up
4.4,0.6355227269232271,1e-07,up
4.6,0.031248002313077426,1e-07,up
4.8,0.16382341086864466,1e-07,up
5.0,0.48362473398447026,1e-07,up
5.2,0.7387927491217849,1e-07,up
5.4,0.04225755482912062,1e-07,up
5.6,0.2629240527749061,1e-07,up
5.8,0.34370448067784304,1e-07,up
6.0,0.20077279955148694,1e-07,up
6.2,0.4375294223427772,1e-07,up
6.4,0.596767971292138,1e-07,up
6.6,0.7183941770344973,1e-07,up
6.8,0.7372278468683361,1e-07,up
7.0,0.3224133672192692,1e-07,up
7.2,0.4541735034435987,1e-07,up
7.4,0.39176157512702037,1e-07,up
7.6,0.5517463348805903,1e-07,up
7.8,0.44498296827077854,1e-07,up
8.0,0.5170748773962258,1e-07,up
8.0,0.5186225250363349,1e-07,down
7.8,0.5765693746507167,1e-07,down
7.6,0.597666587680578,1e-07,down
7.4,0.6007090620696544,1e-07,down
7.2,0.5833194330334662,1e-07,down
7.0,0.5748426197096704,1e-07,down
6.8,0.557697907090187,1e-07,down
6.6,0.3817999958992004,1e-07,down
6.4,0.3579282537102699,1e-07,down
6.2,0.4904011394828557,1e-07,down
6.0,0.5448412969708442,1e-07,down
5.8,0.33159986138343805,1e-07,down
5.6,0.37548671662807453,1e-07,down
5.4,0.23791553825139994,1e-07,down
5.2,0.3863962739706039,1e-07,down
5.0,0.22359696682542554,1e-07,down
4.8,0.4124000705778598,1e-07,down
4.6,0.1649968028068542,1e-07,down
4.4,0.25023397058248514,1e-07,down
4.2,0.2705249590799212,1e-07,down
4.0,0.2791920825839042,1e-07,down
3.8,0.15177083760499951,1e-07,down
3.6,0.27956162020564074,1e-07,down
3.4,0.30996942892670626,1e-07,down
3.2,0.3870296664535999,1e-07,down
3.0,0.07369545660912989,1e-07,down
2.8,0.22543331608176229,1e-07,down
2.6,0.366269142832607,1e-07,down
2.4,0.2685913115274161,1e-07,down
2.2,0.3916888618841766,1e-07,down
2.0,0.10225163400173186,1e-07,down
1.8,0.0585573138669133,1e-07,down
1.6,0.037991298828274,1e-07,down
1.4,0.2173406211659312,1e-07,down
1.2,0.3212333386763929,1e-07,down
1.0,0.13725262042134995,1e-07,down
0.8,0.0895878958981484,1e-07,down
0.6,0.23050988372415301,1e-07,down
0.4,0.14748616190627215,1e-07,down
0.2,0.19066438497975466,1e-07,down
-0.0,0.03530908562242984,1e-07,down
-0.0,0.03530908562242984,1e-07,up
0.2,0.18379965797066686,1e-07,up
0.4,0.21642963448539373,1e-07,up
0.6,0.05768337985500692,1e-07,up
0.8,0.22900456233764996,1e-07,up
1.0,0.0616499906318495,1e-07,up
1.2,0.23513980023562905,1e-07,up
1.4,0.15157001093029973,1e-07,up
1.6,0.023216771427541968,1e-07,up
1.8,0.1929657151922583,1e-07,up
2.0,0.1822689967229962,1e-07,up
2.2,0.08947972441092132,1e-07,up
2.4,0.05978826712816952,1e-07,up
2.6,0.059540490619838224,1e-07,up
2.8,0.06628341041505335,1e-07,up
3.0,0.2313073836266994,1e-07,up
3.2,0.1772731393575668,1e-07,up
3.4,0.1752292215824127,1e-07,up
3.6,0.13664918392896652,1e-07,up
3.8,0.27564133331179613,1e-07,up
4.0,0.25307316891849035,1e-07,up
4.2,0.034598071128129945,1e-07,up
4.4,0.3253611885011195,1e-07,up
4.6,0.26050553470849985,1e-07,up
4.8,0.12711093574762342,1e-07,up
5.0,0.287711814045906,1e-07,up
5.2,0.14893668517470357,1e-07,up
5.4,0.23946448869537557,1e-07,up
5.6,0.22188524901866907,1e-07,up
5.8,0.2951067360118031,1e-07,up
6.0,0.366122756153345,1e-07,up
6.2,0.3844287768006324,1e-07,up
6.4,0.27332209027372295,1e-07,up
6.6,0.3245842983014881,1e-07,up
6.8,0.5192294139415025,1e-07,up
7.0,0.5458678145660086,1e-07,up
7.2,0.3930311258882283,1e-07,up
7.4,0.4659688149113207,1e-07,up
7.6,0.5463923662900924,1e-07,up
7.8,0.5553040485829114,1e-07,up
8.0,0.5002149026840924,1e-07,up
8.0,0.4295850661583244,1e-07,down
7.8,0.5234992410987614,1e-07,down
7.6,0.5037330118939279,1e-07,down
7.4,0.43496304936707014,1e-07,down
7.2,0.39014800265431393,1e-07,down
7.0,0.6189545243978499,1e-07,down
6.8,0.4448167309165,1e-07,down
6.6,0.5727723911404609,1e-07,down
6.4,0.5002389457076787,1e-07,down
6.2,0.3254552632570266,1e-07,down
6.0,0.39809811487793917,1e-07,down
5.8,0.5147173181176184,1e-07,down
5.6,0.40760231576859945,1e-07,down
5.4,0.46371601149439806,1e-07,down
5.2,0.25610471516847605,1e-07,down
5.0,0.28269056789577,1e-07,down
4.8,0.226904172450304,1e-07,down
4.6,0.36422822624444956,1e-07,down
4.4,0.4402271527796983,1e-07,down
4.2,0.23253385350108144,1e-07,down
4.0,0.41816921206191177,1e-07,down
3.8,0.3308804184198379,1e-07,down
3.6,0.3380356002599,1e-07,down
3.4,0.5412238929420708,1e-07,down
3.2,0.5007430668920277,1e-07,down
3.0,0.1124880090355873,1e-07,down
2.8,0.265173016116023,1e-07,down
2.6,0.4059190144762397,1e-07,down
2.4,0.6981885731220244,1e-07,down
2.2,0.630853674840182,1e-07,down
2.0,0.13878848589956758,1e-07,down
1.8,0.4360396116971969,1e-07,down
1.6,0.6409539702799519,1e-07,down
1.4,0.6441584825515746,1e-07,down
1.2,0.7246837858110665,1e-07,down
1.0,0.6666076201945543,1e-07,down
0.8,0.19448265805840487,1e-07,down
0.6,0.35274071688763786,1e-07,down
0.4,0.267213774845004,1e-07,down
0.2,0.2949383128434419,1e-07,down
-0.0,0.3780424536671489,1e-07,down
-0.0,0.3780424536671489,1e-07,up
0.2,0.581272605806589,1e-07,up
0.4,0.606332056224346,1e-07,up
0.6,-0.08769170241430402,1e-07,up
0.8,0.31859142240136856,1e-07,up
1.0,0.5174271420110016,1e-07,up
1.2,0.1254528351128101,1e-07,up
1.4,0.4681086745113134,1e-07,up
1.6,0.12510817684233186,1e-07,up
1.8,0.5295033482834696,1e-07,up
2.0,0.5992943746969103,1e-07,up
2.2,0.7548581436276435,1e-07,up
2.4,0.716768014244735,1e-07,up
2.6,-0.04374254494905472,1e-07,up
2.8,0.20623456465546033,1e-07,up
3.0,0.11579349450767035,1e-07,up
3.2,0.40016522072255606,1e-07,up
3.4,0.07105172891169785,1e-07,up
3.6,0.508016975596547,1e-07,up
3.8,0.1694443337619304,1e-07,up
4.0,0.3763259062543511,1e-07,up
4.2,0.1846214700490236,1e-07,up
4.4,0.44382081553339947,1e-07,up
4.6,0.3124233600683509,1e-07,up
4.8,0.3295371122658252,1e-07,up
5.0,0.2999598681926726,1e-07,up
5.2,0.3590524140745401,1e-07,up
5.4,0.5640311501920222,1e-07,up
5.6,0.12331688590347764,1e-07,up
5.8,0.4733606008812784,1e-07,up
6.0,0.20332165062427518,1e-07,up
6.2,0.4723696541041135,1e-07,up
6.4,0.5936832167208194,1e-07,up
6.6,0.6711052805185317,1e-07,up
6.8,0.6333710737526417,1e-07,up
7.0,0.38829278200864786,1e-07,up
7.2,0.458595486357808,1e-07,up
7.4,0.4366388339549302,1e-07,up
7.6,0.5354164140298961,1e-07,up
7.8,0.4498471096158027,1e-07,up
8.0,0.4382854523137211,1e-07,up
8.0,0.47650197334587563,1e-07,down
7.8,0.4571843221783637,1e-07,down
7.6,0.5503844656050205,1e-07,down
7.4,0.4695641072466969,1e-07,down
7.2,0.5506018912419676,1e-07,down
7.0,0.418388657271862,1e-07,down
6.8,0.41752159595489496,1e-07,down
6.6,0.42516565322875965,1e-07,down
6.4,0.5209351088851689,1e-07,down
6.2,0.31467159464955324,1e-07,down
6.0,0.4786583129316567,1e-07,down
5.8,0.47130752541124815,1e-07,down
5.6,0.2751427069306373,1e-07,down
5.4,0.33712300891056646,1e-07,down
5.2,0.35856485739350313,1e-07,down
5.0,0.4528676941990851,1e-07,down
4.8,0.2996679618954658,1e-07,down
4.6,0.4414716158062219,1e-07,down
4.4,0.38936254661530245,1e-07,down
4.2,0.14518075925298032,1e-07,down
4.0,0.3485858445055782,1e-07,down
3.8,0.5455164089798926,1e-07,down
3.6,0.41815071646124113,1e-07,down
3.4,0.49719068408012385,1e-07,down
3.2,0.41213559918105597,1e-07,down
3.0,0.17115999758243558,1e-07,down
2.8,0.40237819030880917,1e-07,down
2.6,0.3424666859209537,1e-07,down
2.4,0.18281653523445127,1e-07,down
2.2,0.4231313075870275,1e-07,down
2.0,0.44084651023149485,1e-07,down
1.8,0.4477613866329192,1e-07,down
1.6,0.602663768455386,1e-07,down
1.4,0.4987488146871328,1e-07,down
1.2,0.5713433567434548,1e-07,down
1.0,0.4803658351302146,1e-07,down
0.8,0.015140786767005913,1e-07,down
0.6,0.2543813427910208,1e-07,down
0.4,0.13169746939092872,1e-07,down
0.2,0.22256186942104245,1e-07,down
-0.0,0.08194762468338011,1e-07,down
-0.0,0.08194762468338011,1e-07,up
0.2,0.27037811791524285,1e-07,up
0.4,0.12914750352501866,1e-07,up
0.6,0.08978744223713873,1e-07,up
0.8,0.11166099458932875,1e-07,up
1.0,0.27229084819555277,1e-07,up
1.2,0.13333050627261395,1e-07,up
1.4,0.2741259858012199,1e-07,up
1.6,0.16143902391195294,1e-07,up
1.8,0.19860448688268656,1e-07,up
2.0,0.1691440865397453,1e-07,up
2.2,0.3323598075658083,1e-07,up
2.4,0.2917005568742752,1e-07,up
2.6,0.19146907329559323,1e-07,up
2.8,0.24426107667386526,1e-07,up
3.0,0.27225921303033823,1e-07,up
3.2,0.2372149378061294,1e-07,up
3.4,0.2842513024806976,1e-07,up
3.6,0.24163721501827234,1e-07,up
3.8,0.5097926165908574,1e-07,up
4.0,0.4130657715722918,1e-07,up
4.2,0.49242016114294523,1e-07,up
4.4,0.3101110118441283,1e-07,up
4.6,0.2375715542584657,1e-07,up
4.8,0.37256983760744333,1e-07,up
5.0,0.6656585186719894,1e-07,up
5.2,0.5722838500514625,1e-07,up
5.4,0.11745090968906878,1e-07,up
5.6,0.3800525423139333,1e-07,up
5.8,0.39875612780451763,1e-07,up
6.0,0.4390202494105323,1e-07,up
6.2,0.37287898361682886,1e-07,up
6.4,0.2929849997162819,1e-07,up
6.6,0.4896086803637444,1e-07,up
6.8,0.4440597940701991,1e-07,up
7.0,0.6123832464218139,1e-07,up
7.2,0.40759238228201855,1e-07,up
7.4,0.44755600392818445,1e-07,up
7.6,0.5668902825564145,1e-07,up
7.8,0.5332951769232749,1e-07,up
8.0,0.5324048111215233,1e-07,up
8.0,0.4826844222843646,1e-07,down
7.8,0.5444023736636153,1e-07,down
7.6,0.5878919097594916,1e-07,down
7.4,0.5464643239974974,1e-07,down
7.2,0.4570274427533148,1e-07,down
7.0,0.5875450642779468,1e-07,down
6.8,0.424920467659831,1e-07,down
6.6,0.558221545536071,1e-07,down
6.4,0.4329880848526954,1e-07,down
6.2,0.4987086234614252,1e-07,down
6.0,0.4630527794361114,1e-07,down
5.8,0.5070606041699647,1e-07,down
5.6,0.2888818574137985,1e-07,down
5.4,0.23920924216508863,1e-07,down
5.2,0.45905770175158966,1e-07,down
5.0,0.33206921443343157,1e-07,down
4.8,0.38066767342388624,1e-07,down
4.6,0.43317421525716776,1e-07,down
4.4,0.2680835798382759,1e-07,down
4.2,0.3519218377768992,1e-07,down
4.0,0.38122152443975205,1e-07,down
3.8,0.4124821797013283,1e-07,down
3.6,0.34468146204017097,1e-07,down
3.4,0.5742193888872861,1e-07,down
3.2,0.14847420901060102,1e-07,down
3.0,0.15828308463096613,1e-07,down
2.8,0.5786679498851298,1e-07,down
2.6,0.20131104346364734,1e-07,down
2.4,0.15759388357400891,1e-07,down
2.2,0.2388762235641479,1e-07,down
2.0,0.025830738246440884,1e-07,down
1.8,0.4781977869570254,1e-07,down
1.6,0.374023888260126,1e-07,down
1.4,0.19088654546067116,1e-07,down
1.2,0.47617528587579716,1e-07,down
1.0,0.19598855078220362,1e-07,down
0.8,0.16095627099275586,1e-07,down
0.6,0.5202065501362084,1e-07,down
0.4,0.1932713063433766,1e-07,down
0.2,0.4512317180633544,1e-07,down
-0.0,0.3501091320067644,1e-07,down
-0.0,0.3501091320067644,1e-07,up
0.2,0.1384011707268655,1e-07,up
0.4,0.35336390137672413,1e-07,up
0.6,0.21621962636709208,1e-07,up
0.8,0.12381659448146817,1e-07,up
1.0,0.2389023452997207,1e-07,up
1.2,0.2888880250975489,1e-07,up
1.4,0.13402711576782164,1e-07,up
1.6,0.2979105114936828,1e-07,up
1.8,0.2317931577563285,1e-07,up
2.0,0.20468575507402417,1e-07,up
2.2,0.3860544771887361,1e-07,up
2.4,0.18131083436310286,1e-07,up
2.6,0.2714495994150638,1e-07,up
2.8,0.36252318136394013,1e-07,up
3.0,0.29675175959710026,1e-07,up
3.2,0.39191486593335856,1e-07,up
3.4,0.3012272901833057,1e-07,up
3.6,0.42567751416936506,1e-07,up
3.8,0.47848541568964714,1e-07,up
4.0,0.09806241095066068,1e-07,up
4.2,0.42241273075342173,1e-07,up
4.4,0.4987191818654536,1e-07,up
4.6,0.5406570881605147,1e-07,up
4.8,0.16047309897840017,1e-07,up
5.0,0.3489874228835105,1e-07,up
5.2,0.35839659534394736,1e-07,up
5.4,0.5117482487112283,1e-07,up
5.6,0.2699677757918834,1e-07,up
5.8,0.42148166894912714,1e-07,up
6.0,0.2845682352781295,1e-07,up
6.2,0.403613019734621,1e-07,up
6.4,0.401261307299137,1e-07,up
6.6,0.41050291433930386,1e-07,up
6.8,0.5203223209828137,1e-07,up
7.0,0.5702741090208291,1e-07,up
7.2,0.5852810218930243,1e-07,up
7.4,0.6362011153250932,1e-07,up
7.6,0.572011349722743,1e-07,up
7.8,0.4279156709089874,1e-07,up
8.0,0.4565815459936856,1e-07,up
8.0,0.4626649441197514,1e-07,down
7.8,0.5121481046080588,1e-07,down
7.6,0.5261400053277611,1e-07,down
7.4,0.5499973595142363,1e-07,down
7.2,0.42871197219938034,1e-07,down
7.0,0.44451818056404585,1e-07,down
6.8,0.3796906396746635,1e-07,down
6.6,0.3705719765275716,1e-07,down
6.4,0.32702086679637427,1e-07,down
6.2,0.4807289075106382,1e-07,down
6.0,0.3641630224883556,1e-07,down
5.8,0.43745850585401047,1e-07,down
5.6,0.2883259784430265,1e-07,down
5.4,0.2993056066334247,1e-07,down
5.2,0.1866028448566794,1e-07,down
5.0,0.2845562323927879,1e-07,down
4.8,0.4609690620563923,1e-07,down
4.6,0.3474948329385369,1e-07,down
4.4,0.5233527466189115,1e-07,down
4.2,0.5051834229379891,1e-07,down
4.0,0.49181424826383585,1e-07,down
3.8,0.04991829581558703,1e-07,down
3.6,0.3920241117011755,1e-07,down
3.4,0.6073479165788739,1e-07,down
3.2,0.1560260166879743,1e-07,down
3.0,0.3524041417986154,1e-07,down
2.8,0.10770438238978385,1e-07,down
2.6,0.21597361424937842,1e-07,down
2.4,0.33111568400636315,1e-07,down
2.2,0.3240285255014896,1e-07,down
2.0,0.3583058705553412,1e-07,down
1.8,0.5076114065013825,1e-07,down
1.6,0.4386090897023678,1e-07,down
1.4,0.1065150378271937,1e-07,down
1.2,0.29876520065590734,1e-07,down
1.0,0.3224107027053832,1e-07,down
0.8,0.5301354548428207,1e-07,down
0.6,0.24781942227855322,1e-07,down
0.4,0.2048878520727157,1e-07,down
0.2,0.2587940208613872,1e-07,down
-0.0,0.18789189308881754,1e-07,down
-0.0,0.18789189308881754,1e-07,up
0.2,0.4094555946066975,1e-07,up
0.4,0.5018969643861054,1e-07,up
0.6,0.0041642114520072885,1e-07,up
0.8,0.2482555014430545,1e-07,up
1.0,-0.04082604404538869,1e-07,up
1.2,0.22727272938936946,1e-07,up
1.4,-0.02624541061231866,1e-07,up
1.6,0.2567555116256699,1e-07,up
1.8,0.08988725207746028,1e-07,up
2.0,0.22143392637372014,1e-07,up
2.2,0.2561081172898411,1e-07,up
2.4,0.2357689096825197,1e-07,up
2.6,0.28544217534363264,1e-07,up
2.8,0.26248621288686985,1e-07,up
3.0,0.46040101628750557,1e-07,up
3.2,0.6296192314475773,1e-07,up
3.4,0.5182905383408069,1e-07,up
3.6,0.0765697732567787,1e-07,up
3.8,0.2610629620030522,1e-07,up
4.0,0.27409533038735384,1e-07,up
4.2,0.18168913200497624,1e-07,up
4.4,0.4023625338450073,1e-07,up
4.6,0.2911006358917802,1e-07,up
4.8,0.23125023022294042,1e-07,up
5.0,0.28006174787878985,1e-07,up
5.2,0.3397235944867133,1e-07,up
5.4,0.19641548022627828,1e-07,up
5.6,0.3957858402281999,1e-07,up
5.8,0.4352822564542292,1e-07,up
6.0,0.26141351088881487,1e-07,up
6.2,0.6063851360231637,1e-07,up
6.4,0.2569445329718291,1e-07,up
6.6,0.3843985684216022,1e-07,up
6.8,0.3444851469248532,1e-07,up
7.0,0.4389693220145999,1e-07,up
7.2,0.4400866124778985,1e-07,up
7.4,0.3970100972801446,1e-07,up
7.6,0.5001285858452319,1e-07,up
7.8,0.5018257029005325,1e-07,up
8.0,0.4278674293309449,1e-07,up
8.0,0.48991704813670356,1e-07,down
7.8,0.47421428933739657,1e-07,down
7.6,0.5648185331374406,1e-07,down
7.4,0.5107962721958755,1e-07,down
7.2,0.5077073471620678,1e-07,down
7.0,0.6208952064625918,1e-07,down
6.8,0.44274228811264027,1e-07,down
6.6,0.5828641541302203,1e-07,down
6.4,0.4520247289910912,1e-07,down
6.2,0.4165456988848745,1e-07,down
6.0,0.3771795332431792,1e-07,down
5.8,0.37659869529306883,1e-07,down
5.6,0.550203708000481,1e-07,down
5.4,0.33525509014725674,1e-07,down
5.2,0.26257877796888346,1e-07,down
5.0,0.2801841124892234,1e-07,down
4.8,0.1493251025676727,1e-07,down
4.6,0.3507734648883342,1e-07,down
4.4,0.3263583369553089,1e-07,down
4.2,0.23186179995536801,1e-07,down
4.0,0.2607369223842397,1e-07,down
3.8,0.23863764666020865,1e-07,down
3.6,0.23332891240715975,1e-07,down
3.4,0.0658024176955223,1e-07,down
3.2,0.3614686541259289,1e-07,down
3.0,0.2078475262969732,1e-07,down
2.8,0.3403804432600736,1e-07,down
2.6,0.17947733961045736,1e-07,down
2.4,0.319253759458661,1e-07,down
2.2,0.3210690356791019,1e-07,down
2.0,0.32096054591238493,1e-07,down
1.8,0.07518977811560033,1e-07,down
1.6,0.2519500721246004,1e-07,down
1.4,0.17490866407752034,1e-07,down
1.2,0.24709332222118968,1e-07,down
1.0,0.3726607281714677,1e-07,down
0.8,0.3784549455158412,1e-07,down
0.6,0.35787842795252794,1e-07,down
0.4,0.44676412316039193,1e-07,down
0.2,0.2807709481567144,1e-07,down
-0.0,0.4718473516404628,1e-07,down
-0.0,0.4718473516404628,1e-07,up
0.2,0.5129200052469968,1e-07,up
0.4,0.013054996263235792,1e-07,up
0.6,0.024900962598621828,1e-07,up
0.8,0.2473999806679785,1e-07,up
1.0,-0.002933057490736253,1e-07,up
1.2,0.025660378858447068,1e-07,up
1.4,0.24485348537564275,1e-07,up
1.6,0.21906022448092696,1e-07,up
1.8,0.26088569033890957,1e-07,up
2.0,0.17512811673805112,1e-07,up
2.2,0.04727943101897835,1e-07,up
2.4,0.13481780793517825,1e-07,up
2.6,0.17139522661454973,1e-07,up
2.8,0.09007918974384664,1e-07,up
3.0,0.31037358008325094,1e-07,up
3.2,0.40834688581526274,1e-07,up
3.4,0.02319400943815707,1e-07,up
3.6,0.18432031385600564,1e-07,up
3.8,0.10899227857589719,1e-07,up
4.0,0.1700262520462274,1e-07,up
4.2,0.285442316904664,1e-07,up
4.4,0.10066574439406394,1e-07,up
4.6,0.21034764731302855,1e-07,up
4.8,0.23342263931408522,1e-07,up
5.0,0.2471426324918866,1e-07,up
5.2,0.32863229780923564,1e-07,up
5.4,0.36822460591793055,1e-07,up
5.6,0.45868736878037447,1e-07,up
5.8,0.21867759898304934,1e-07,up
6.0,0.40617861971259106,1e-07,up
6.2,0.519894354045391,1e-07,up
6.4,0.2942769415676593,1e-07,up
6.6,0.468835444189608,1e-07,up
6.8,0.5156023241579533,1e-07,up
7.0,0.5644804090261458,1e-07,up
7.2,0.5347331184893845,1e-07,up
7.4,0.5478509170934557,1e-07,up
7.6,0.44693006575107574,1e-07,up
7.8,0.5629825321957468,1e-07,up
8.0,0.5239371368661522,1e-07,up
8.0,0.4840109655633568,1e-07,down
7.8,0.4476104052737354,1e-07,down
7.6,0.5487089682137593,1e-07,down
7.4,0.5773459002375602,1e-07,down
7.2,0.607609653729014,1e-07,down
7.0,0.6728133931756018,1e-07,down
6.8,0.6185576319694518,1e-07,down
6.6,0.633098748512566,1e-07,down
6.4,0.3381056040525436,1e-07,down
6.2,0.44962215051054943,1e-07,down
6.0,0.3856189921498298,1e-07,down
5.8,0.1781356036663055,1e-07,down
5.6,0.42063160240650166,1e-07,down
5.4,0.41856035660021,1e-07,down
5.2,0.2893248256295919,1e-07,down
5.0,0.3775509928818792,1e-07,down
4.8,0.5588593359570949,1e-07,down
4.6,0.5156385675072669,1e-07,down
4.4,0.5326758809387683,1e-07,down
4.2,0.5714546917006372,1e-07,down
4.0,0.11673550540581343,1e-07,down
3.8,0.20381579920649526,1e-07,down
3.6,0.24997039325535295,1e-07,down
3.4,0.38579485379159445,1e-07,down
3.2,0.2149153654463589,1e-07,down
3.0,0.37547281384468073,1e-07,down
2.8,0.4104118943214416,1e-07,down
2.6,0.33147659152746195,1e-07,down
2.4,0.4019254688173532,1e-07,down
2.2,0.21774630993604657,1e-07,down
2.0,0.19283973425626752,1e-07,down
1.8,0.06835434585809706,1e-07,down
1.6,0.20109491050243375,1e-07,down
1.4,0.6672868765890596,1e-07,down
1.2,0.1254174746572971,1e-07,down
1.0,0.34912872873246664,1e-07,down
0.8,0.3022526362910866,1e-07,down
0.6,0.3161362372338771,1e-07,down
0.4,0.3719764919951557,1e-07,down
0.2,0.09124613972380756,1e-07,down
-0.0,0.40064697246998543,1e-07,down
-0.0,0.40064697246998543,1e-07,up
0.2,0.4368727845430839,1e-07,up
0.4,0.4389161076396703,1e-07,up
0.6,-0.027012728853151213,1e-07,up
0.8,0.0992714241147041,1e-07,up
1.0,0.35860978160053486,1e-07,up
1.2,-0.0011093877255916687,1e-07,up
1.4,0.3455659975297748,1e-07,up
1.6,0.41463418491184706,1e-07,up
1.8,0.4524605758488177,1e-07,up
2.0,-0.04993316996842622,1e-07,up
2.2,0.2861940148286521,1e-07,up
2.4,0.15029590460471806,1e-07,up
2.6,0.28439761861227447,1e-07,up
2.8,0.07050237711519002,1e-07,up
3.0,0.28225437551736826,1e-07,up
3.2,0.03642172180116175,1e-07,up
3.4,0.3466151729226112,1e-07,up
3.6,0.2775612995028495,1e-07,up
3.8,0.314610406756401,1e-07,up
4.0,0.21888117492198939,1e-07,up
4.2,0.3461043015122413,1e-07,up
4.4,0.5846548164845443,1e-07,up
4.6,0.6772715449333189,1e-07,up
4.8,0.16566864587366578,1e-07,up
5.0,0.34682211279869074,1e-07,up
5.2,0.4628765285015105,1e-07,up
5.4,0.26291949488222593,1e-07,up
5.6,0.49708045832812775,1e-07,up
5.8,0.30057510733604426,1e-07,up
6.0,0.4673811956308781,1e-07,up
6.2,0.4292386227753012,1e-07,up
6.4,0.45015647076070303,1e-07,up
6.6,0.4901061253622173,1e-07,up
6.8,0.3628183305263519,1e-07,up
7.0,0.4444053843617438,1e-07,up
7.2,0.525979563477449,1e-07,up
7.4,0.49251138418912876,1e-07,up
7.6,0.5845862217247485,1e-07,up
7.8,0.5336105446331202,1e-07,up
8.0,0.5251725036650895,1e-07,up
8.0,0.4662986323237418,1e-07,down
7.8,0.5249241944402455,1e-07,down
7.6,0.47637050971388806,1e-07,down
7.4,0.5743615673854946,1e-07,down
7.2,0.5040949583053588,1e-07,down
7.0,0.3748337924480437,1e-07,down
6.8,0.4012040421366691,1e-07,down
6.6,0.5588438101112841,1e-07,down
6.4,0.5062763821333646,1e-07,down
6.2,0.7239965193439274,1e-07,down
6.0,0.61060325615108,1e-07,down
5.8,0.6966343019157647,1e-07,down
5.6,0.7633127346634864,1e-07,down
5.4,0.02405603462830184,1e-07,down
5.2,0.19798203278332943,1e-07,down
5.0,0.15948501229286188,1e-07,down
4.8,0.19410328101366753,1e-07,down
4.6,0.5707292780280112,1e-07,down
4.4,0.6321643479168414,1e-07,down
4.2,0.7264440851286053,1e-07,down
4.0,0.6693151537328956,1e-07,down
3.8,0.7428629063069819,1e-07,down
3.6,0.003019884228706347,1e-07,down
3.4,0.5327873937785624,1e-07,down
3.2,-0.07854197360575198,1e-07,down
3.0,0.0909728179685771,1e-07,down
2.8,0.47493660263717163,1e-07,down
2.6,0.7593876048922538,1e-07,down
2.4,0.7799801966175436,1e-07,down
2.2,0.759325549006462,1e-07,down
2.0,-0.10536754131317136,1e-07,down
1.8,-0.03961523901671172,1e-07,down
1.6,0.04793574381619689,1e-07,down
1.4,-0.0028730854392051736,1e-07,down
1.2,0.11847202293574807,1e-07,down
1.0,0.4016395807266234,1e-07,down
0.8,0.5892935171723366,1e-07,down
0.6,0.5698762293905019,1e-07,down
0.4,0.5425105839967727,1e-07,down
0.2,0.013846186921000479,1e-07,down
-0.0,0.19905351661145682,1e-07,down
-0.0,0.19905351661145682,1e-07,up
0.2,0.31564571522176255,1e-07,up
0.4,0.34292869549244637,1e-07,up
0.6,0.41271620430052275,1e-07,up
0.8,0.3704508636146783,1e-07,up
1.0,-0.004206649959087368,1e-07,up
1.2,-0.008382272440940143,1e-07,up
1.4,0.36533446796238417,1e-07,up
1.6,-0.09301669610431416,1e-07,up
1.8,0.10399585403501986,1e-07,up
2.0,0.4211047068238258,1e-07,up
2.2,0.5146033065393566,1e-07,up
2.4,-0.17778862453997132,1e-07,up
2.6,-0.03483118675649166,1e-07,up
2.8,-0.03489750809967517,1e-07,up
3.0,0.08377779379952696,1e-07,up
3.2,0.04182842932641504,1e-07,up
3.4,0.43127024680143217,1e-07,up
3.6,-0.022310044616460804,1e-07,up
3.8,0.4026307142339646,1e-07,up
4.0,0.5850793942809104,1e-07,up
4.2,-0.06160159781575203,1e-07,up
4.4,0.16608364880084986,1e-07,up
4.6,0.1468794886022806,1e-07,up
4.8,0.4931844705715775,1e-07,up
5.0,0.0884219594299793,1e-07,up
5.2,0.569113153964281,1e-07,up
5.4,0.6916542947292326,1e-07,up
5.6,0.7595265544950962,1e-07,up
5.8,0.722559282556176,1e-07,up
6.0,0.7536034248769281,1e-07,up
6.2,0.17939107492566106,1e-07,up
6.4,0.36781095527112473,1e-07,up
6.6,0.5378774832934141,1e-07,up
6.8,0.29272788716480125,1e-07,up
7.0,0.4618813171982764,1e-07,up
7.2,0.5718007739633321,1e-07,up
7.4,0.4244760200381278,1e-07,up
7.6,0.5204463701229541,1e-07,up
7.8,0.47350552305579174,1e-07,up
8.0,0.4754052949137985,1e-07,up
8.0,0.48470616713166226,1e-07,down
7.8,0.44258737191557873,1e-07,down
7.6,0.424479242414236,1e-07,down
7.4,0.4414358474314212,1e-07,down
7.2,0.41371691599488253,1e-07,down
7.0,0.5802618823945521,1e-07,down
6.8,0.40104939043521876,1e-07,down
6.6,0.434184098150581,1e-07,down
6.4,0.3491957709193229,1e-07,down
6.2,0.2957514841109513,1e-07,down
6.0,0.4223310283850878,1e-07,down
5.8,0.29989841836504627,1e-07,down
5.6,0.17957679927349088,1e-07,down
5.4,0.13070144131779668,1e-07,down
5.2,0.4258909877389669,1e-07,down
5.0,0.31040476588532323,1e-07,down
4.8,0.2655238723382354,1e-07,down
4.6,0.2598004315514117,1e-07,down
4.4,0.3316530957818031,1e-07,down
4.2,0.3078921940177679,1e-07,down
4.0,0.06550526386126874,1e-07,down
3.8,0.3490168703719973,1e-07,down
3.6,0.4460253984580048,1e-07,down
3.4,0.46757380943745375,1e-07,down
3.2,0.06893593631684779,1e-07,down
3.0,0.1904725925996899,1e-07,down
2.8,0.30659455433487887,1e-07,down
2.6,0.5835242983885108,1e-07,down
2.4,0.3807791378349065,1e-07,down
2.2,0.5060876253992318,1e-07,down
2.0,0.14967258926481006,1e-07,down
1.8,0.21426806226372716,1e-07,down
1.6,0.14560433849692342,1e-07,down
1.4,0.4037878140807151,1e-07,down
1.2,0.34125876612961287,1e-07,down
1.0,0.20169072598218915,1e-07,down
0.8,0.10705129802227017,1e-07,down
0.6,0.47536785341799254,1e-07,down
0.4,0.2882747091352939,1e-07,down
0.2,0.28841067850589747,1e-07,down
-0.0,0.27483653277158737,1e-07,down
-0.0,0.27483653277158737,1e-07,up
0.2,0.10505438596010207,1e-07,up
0.4,0.14500194787979123,1e-07,up
0.6,0.32350533921271557,1e-07,up
0.8,0.24391663447022435,1e-07,up
1.0,0.2689585802145302,1e-07,up
1.2,0.19010280515067274,1e-07,up
1.4,0.12912747636437413,1e-07,up
1.6,0.25143765285611147,1e-07,up
1.8,0.24616657971637318,1e-07,up
2.0,0.3325162697583437,1e-07,up
2.2,0.07329745963215827,1e-07,up
2.4,0.22629642928950483,1e-07,up
2.6,0.24017594195902342,1e-07,up
2.8,0.20109750819392497,1e-07,up
3.0,0.18118081986904142,1e-07,up
3.2,0.12981294235214588,1e-07,up
3.4,0.33815688826143736,1e-07,up
3.6,0.3407551394775509,1e-07,up
3.8,0.29403990879654884,1e-07,up
4.0,0.16661228239536285,1e-07,up
4.2,0.37306642346084107,1e-07,up
4.4,0.2172318939119577,1e-07,up
4.6,0.17639468796551225,1e-07,up
4.8,0.2594847828149795,1e-07,up
5.0,0.31219438696280116,1e-07,up
5.2,0.4739969000220298,1e-07,up
5.4,0.5232075732201337,1e-07,up
5.6,0.4295772053301333,1e-07,up
5.8,0.22702795639634127,1e-07,up
6.0,0.3205316606909036,1e-07,up
6.2,0.29804098978638643,1e-07,up
6.4,0.5451971068978309,1e-07,up
6.6,0.36467120051383967,1e-07,up
6.8,0.5087033007293938,1e-07,up
7.0,0.5518526192754506,1e-07,up
7.2,0.5820457339286803,1e-07,up
7.4,0.5767487734556197,1e-07,up
7.6,0.543735303916037,1e-07,up
7.8,0.46131471544504155,1e-07,up
8.0,0.4577232412993907,1e-07,up
8.0,0.45776102133095253,1e-07,down
7.8,0.4385498352348804,1e-07,down
7.6,0.45724962279200554,1e-07,down
7.4,0.4597661271691321,1e-07,down
7.2,0.5349756982177495,1e-07,down
7.0,0.5133075404446571,1e-07,down
6.8,0.5093515850603579,1e-07,down
6.6,0.38093713251873845,1e-07,down
6.4,0.33621197286993254,1e-07,down
6.2,0.38608214724808926,1e-07,down
6.0,0.4217294143745675,1e-07,down
5.8,0.29272359982132906,1e-07,down
5.6,0.24447007477283472,1e-07,down
5.4,0.19548632949590677,1e-07,down
5.2,0.38500008918344963,1e-07,down
5.0,0.3194934832863509,1e-07,down
4.8,0.43715845793485636,1e-07,down
4.6,0.19129672553390262,1e-07,down
4.4,0.31639645714312786,1e-07,down
4.2,0.29958640784025187,1e-07,down
4.0,0.4094708925113081,1e-07,down
3.8,0.20522032305598253,1e-07,down
3.6,0.3077546702697872,1e-07,down
3.4,0.30587247782386834,1e-07,down
3.2,0.40277818799950177,1e-07,down
3.0,0.18778570182621476,1e-07,down
2.8,0.22041621431708333,1e-07,down
2.6,0.32812268473207945,1e-07,down
2.4,0.2352284789085388,1e-07,down
2.2,0.0709850788116455,1e-07,down
2.0,0.25125440582633013,1e-07,down
1.8,0.3320229053497314,1e-07,down
1.6,0.08888986264355479,1e-07,down
1.4,0.13620940549299118,1e-07,down
1.2,0.10350180906243621,1e-07,down
1.0,0.16237754374742505,1e-07,down
0.8,-0.005190232535824186,1e-07,down
0.6,0.18810466956347222,1e-07,down
0.4,0.35560396546497935,1e-07,down
0.2,0.2713128756731748,1e-07,down
-0.0,0.34177745226770634,1e-07,down
-0.0,0.34177745226770634,1e-07,up
0.2,0.08837983757257459,1e-07,up
0.4,0.15619671344757077,1e-07,up
0.6,0.06693364307284354,1e-07,up
0.8,0.1988595053553581,1e-07,up
1.0,0.03463714942336081,1e-07,up
1.2,0.20680468156933782,1e-07,up
1.4,0.20740357600152487,1e-07,up
1.6,-0.03980132564902305,1e-07,up
1.8,0.1477243900299072,1e-07,up
2.0,-0.026646357029676434,1e-07,up
2.2,0.1185413338243961,1e-07,up
2.4,0.24928377568721766,1e-07,up
2.6,0.041801229119300835,1e-07,up
2.8,0.033254906535148614,1e-07,up
3.0,0.1313077062368393,1e-07,up
3.2,0.2277325429022312,1e-07,up
3.4,0.23473167791962618,1e-07,up
3.6,0.3183421790599823,1e-07,up
3.8,0.45168847590684885,1e-07,up
4.0,0.08044021669775246,1e-07,up
4.2,0.1281844079494476,1e-07,up
4.4,0.23441501706838605,1e-07,up
4.6,0.4377556666731834,1e-07,up
4.8,0.13017669273540375,1e-07,up
5.0,0.2822560369968414,1e-07,up
5.2,0.3446816504001617,1e-07,up
5.4,0.5260000750422477,1e-07,up
5.6,0.4104863964021205,1e-07,up
5.8,0.2577341198921203,1e-07,up
6.0,0.4714815926272421,1e-07,up
6.2,0.44785380735993374,1e-07,up
6.4,0.3523514457046985,1e-07,up
6.6,0.5010434314608573,1e-07,up
6.8,0.5125173348933457,1e-07,up
7.0,0.5302780652418732,1e-07,up
7.2,0.3848315251525491,1e-07,up
7.4,0.5102753797546028,1e-07,up
7.6,0.4850774165242909,1e-07,up
7.8,0.42547806887887407,1e-07,up
8.0,0.3997367513366043,1e-07,up
8.0,0.45546009181998665,1e-07,down
7.8,0.5018515842966734,1e-07,down
7.6,0.455409362912178,1e-07,down
7.4,0.5971028115600346,1e-07,down
7.2,0.5886351913213729,1e-07,down
7.0,0.406470526009798,1e-07,down
6.8,0.6277190409600734,1e-07,down
6.6,0.5417106403037905,1e-07,down
6.4,0.3503479063510894,1e-07,down
6.2,0.40137556195259094,1e-07,down
6.0,0.23836702480912203,1e-07,down
5.8,0.36467896401882166,1e-07,down
5.6,0.18596079200506205,1e-07,down
5.4,0.35368840396404255,1e-07,down
5.2,0.13087598234415052,1e-07,down
5.0,0.3528228104114532,1e-07,down
4.8,0.18988376855850214,1e-07,down
4.6,0.31882490962743754,1e-07,down
4.4,0.20048273354768748,1e-07,down
4.2,0.2917225826531648,1e-07,down
4.0,0.27238184446468944,1e-07,down
3.8,0.4981750216393265,1e-07,down
3.6,0.311680709477514,1e-07,down
3.4,0.12822238262742755,1e-07,down
3.2,0.2653843238949775,1e-07,down
3.0,0.3359494768083095,1e-07,down
2.8,0.2407513186335563,1e-07,down
2.6,0.35840860009193415,1e-07,down
2.4,0.15580339729785914,1e-07,down
2.2,0.42244974523782725,1e-07,down
2.0,0.21206142008304593,1e-07,down
1.8,0.37251126137562085,1e-07,down
1.6,0.3523417636752128,1e-07,down
1.4,0.43025218782713626,1e-07,down
1.2,0.3262347476556897,1e-07,down
1.0,0.41739582736045117,1e-07,down
0.8,0.5048833116888999,1e-07,down
0.6,0.2016290836036205,1e-07,down
0.4,0.27296904474496836,1e-07,down
0.2,0.4151314981281756,1e-07,down
-0.0,0.12998185306787488,1e-07,down
-0.0,0.12998185306787488,1e-07,up
0.2,0.2174416901543736,1e-07,up
0.4,0.10267496807500719,1e-07,up
0.6,0.29601776367053384,1e-07,up
0.8,0.1829734253697097,1e-07,up
1.0,0.14655179018154738,1e-07,up
1.2,0.24560064443357982,1e-07,up
1.4,0.26604625396430487,1e-07,up
1.6,0.3141126637347042,1e-07,up
1.8,0.2468496765941381,1e-07,up
2.0,0.3835946284234523,1e-07,up
2.2,0.31266875192523,1e-07,up
2.4,0.19685525796376166,1e-07,up
2.6,0.2923425699118524,1e-07,up
2.8,0.33833795040845865,1e-07,up
3.0,0.3871611012145876,1e-07,up
3.2,0.4635719582438468,1e-07,up
3.4,0.3126221187412738,1e-07,up
3.6,0.19166493229568,1e-07,up
3.8,0.5059180445969105,1e-07,up
4.0,0.32074270164594043,1e-07,up
4.2,0.20324638392776248,1e-07,up
4.4,0.48923886800184835,1e-07,up
4.6,0.29945493955165137,1e-07,up
4.8,0.4132456928491592,1e-07,up
5.0,0.40904400870203966,1e-07,up
5.2,0.28699239995330567,1e-07,up
5.4,0.2534849867224693,1e-07,up
5.6,0.34623326733708376,1e-07,up
5.8,0.4275730326771735,1e-07,up
6.0,0.5987370142247527,1e-07,up
6.2,0.25808400660753245,1e-07,up
6.4,0.45276147685945023,1e-07,up
6.6,0.3821774460375308,1e-07,up
6.8,0.5779326159972696,1e-07,up
7.0,0.40861691907048214,1e-07,up
7.2,0.4030082747340202,1e-07,up
7.4,0.5772173218429087,1e-07,up
7.6,0.4566944506950676,1e-07,up
7.8,0.4294326268136501,1e-07,up
8.0,0.43852551234886045,1e-07,up
8.0,0.47840251307934517,1e-07,down
7.8,0.5380035690031945,1e-07,down
7.6,0.5543993934988974,1e-07,down
7.4,0.46426696004346,1e-07,down
7.2,0.5321052349172531,1e-07,down
7.0,0.40804475545883173,1e-07,down
6.8,0.46429496724158514,1e-07,down
6.6,0.3605557531118393,1e-07,down
6.4,0.28481479035690427,1e-07,down
6.2,0.30081348773092026,1e-07,down
6.0,0.3967658169567584,1e-07,down
5.8,0.36743304133415217,1e-07,down
5.6,0.2536778734065592,1e-07,down
5.4,0.29118516575545067,1e-07,down
5.2,0.4363079294562339,1e-07,down
5.0,0.4160213638097048,1e-07,down
4.8,0.13753029517829418,1e-07,down
4.6,0.4036733992397784,1e-07,down
4.4,0.39146517962217325,1e-07,down
4.2,0.4122421238571405,1e-07,down
4.0,0.5235327528789638,1e-07,down
3.8,0.4526931457221507,1e-07,down
3.6,0.03126938571222126,1e-07,down
3.4,0.31274376565124834,1e-07,down
3.2,0.0019535962492227515,1e-07,down
3.0,0.2500581201165914,1e-07,down
2.8,0.18965779803693292,1e-07,down
2.6,0.23783053830265996,1e-07,down
2.4,0.3140326486900448,1e-07,down
2.2,0.38356441608630115,1e-07,down
2.0,0.10809120535850522,1e-07,down
1.8,0.2848756508901715,1e-07,down
1.6,0.5137805771082639,1e-07,down
1.4,0.11846324428915975,1e-07,down
1.2,0.3297720290720462,1e-07,down
1.0,0.10093633085489272,1e-07,down
0.8,0.38073489442467684,1e-07,down
0.6,-0.038066014647483826,1e-07,down
0.4,0.30855599790811533,1e-07,down
0.2,-0.009259343147277837,1e-07,down
-0.0,0.3020466103625949,1e-07,down
-0.0,0.3020466103625949,1e-07,up
0.2,0.19892787560820577,1e-07,up
0.4,0.06550603732466696,1e-07,up
0.6,0.18943401519209144,1e-07,up
0.8,-0.010926506947726016,1e-07,up
1.0,0.1728181550279259,1e-07,up
1.2,0.2937217038124799,1e-07,up
1.4,0.386989839375019,1e-07,up
1.6,2.6066787540911124e-05,1e-07,up
1.8,0.11108913924545046,1e-07,up
2.0,0.2727039828896522,1e-07,up
2.2,0.027850829064846025,1e-07,up
2.4,0.30263990163803095,1e-07,up
2.6,0.11830897629261014,1e-07,up
2.8,0.14275506697595117,1e-07,up
3.0,0.24654137715697286,1e-07,up
3.2,0.4621905712410807,1e-07,up
3.4,0.0711139254271984,1e-07,up
3.6,0.14478113315999505,1e-07,up
3.8,0.1762175317853689,1e-07,up
4.0,0.24318467080593104,1e-07,up
4.2,0.4136194577440619,1e-07,up
4.4,0.46113031823188055,1e-07,up
4.6,0.18260610848665232,1e-07,up
4.8,0.2754906462505459,1e-07,up
5.0,0.40044194646179665,1e-07,up
5.2,0.3012269586324691,1e-07,up
5.4,0.29336489876732225,1e-07,up
5.6,0.1552195735275745,1e-07,up
5.8,0.3457449632696807,1e-07,up
6.0,0.49272598978132004,1e-07,up
6.2,0.22170659899711603,1e-07,up
6.4,0.4054459128528833,1e-07,up
6.6,0.4198310244828462,1e-07,up
6.8,0.3772966526448726,1e-07,up
7.0,0.40608387067914004,1e-07,up
7.2,0.4455666914582252,1e-07,up
7.4,0.56287750788033,1e-07,up
7.6,0.4995064684189855,1e-07,up
7.8,0.5531157199293374,1e-07,up
8.0,0.4615123230032622,1e-07,up
8.0,0.47701453126501286,1e-07,down
7.8,0.5175817925482987,1e-07,down
7.6,0.5519236493855714,1e-07,down
7.4,0.44318130239844317,1e-07,down
7.2,0.5809349492192267,1e-07,down
7.0,0.49856343679130066,1e-07,down
6.8,0.6313972473144531,1e-07,down
6.6,0.44335604459047306,1e-07,down
6.4,0.5473919790238141,1e-07,down
6.2,0.5690964050590991,1e-07,down
6.0,0.5331834461539983,1e-07,down
5.8,0.4255918506532907,1e-07,down
5.6,0.5237984834238887,1e-07,down
5.4,0.4639109186828136,1e-07,down
5.2,0.5238868854939936,1e-07,down
5.0,0.11568370833992954,1e-07,down
4.8,0.3237393964082002,1e-07,down
4.6,0.37572405114769925,1e-07,down
4.4,0.21993754059076304,1e-07,down
4.2,0.12240451388061044,1e-07,down
4.0,0.22544997325167057,1e-07,down
3.8,0.493387285619974,1e-07,down
3.6,0.24025438353419298,1e-07,down
3.4,0.4475835636258124,1e-07,down
3.2,0.22187011130154127,1e-07,down
3.0,0.1256182203069329,1e-07,down
2.8,0.26883271307451645,1e-07,down
2.6,0.2161196283996105,1e-07,down
2.4,0.191097249276936,1e-07,down
2.2,0.43789465911686415,1e-07,down
2.0,0.09537905082106589,1e-07,down
1.8,0.31114826630800957,1e-07,down
1.6,0.2270845600869506,1e-07,down
1.4,0.11021766066551206,1e-07,down
1.2,0.23559257574379439,1e-07,down
1.0,0.40119445323944086,1e-07,down
0.8,0.18314690887928003,1e-07,down
0.6,0.40311051905155176,1e-07,down
0.4,0.3774687163531779,1e-07,down
0.2,0.4133993089199065,1e-07,down
-0.0,0.3821233585476875,1e-07,down
-0.0,0.3821233585476875,1e-07,up
0.2,0.0184841901063919,1e-07,up
0.4,0.039971794933080666,1e-07,up
0.6,0.1772822812199592,1e-07,up
0.8,0.07655662298202513,1e-07,up
1.0,0.09032237716019152,1e-07,up
1.2,0.24106943979859347,1e-07,up
1.4,0.26204394828528166,1e-07,up
1.6,0.04900404624640941,1e-07,up
1.8,0.21865840069949624,1e-07,up
2.0,0.14271265454590318,1e-07,up
2.2,0.2622454538941383,1e-07,up
2.4,0.27953047119081015,1e-07,up
2.6,0.22853805311024186,1e-07,up
2.8,0.33398643974214787,1e-07,up
3.0,0.08105540648102758,1e-07,up
3.2,0.17655479069799182,1e-07,up
3.4,0.43551944009959687,1e-07,up
3.6,0.4135044701397419,1e-07,up
3.8,0.06889268849045037,1e-07,up
4.0,0.22081607952713964,1e-07,up
4.2,0.30711840558797115,1e-07,up
4.4,0.392869832132419,1e-07,up
4.6,0.1576158525422215,1e-07,up
4.8,0.22490097209811202,1e-07,up
5.0,0.25666831061244005,1e-07,up
5.2,0.1922210603952407,1e-07,up
5.4,0.2951441975310444,1e-07,up
5.6,0.278192147728987,1e-07,up
5.8,0.25180000811815256,1e-07,up
6.0,0.4836741611361503,1e-07,up
6.2,0.5217698775231837,1e-07,up
6.4,0.5240052081644534,1e-07,up
6.6,0.6133384387940167,1e-07,up
6.8,0.46712628938257683,1e-07,up
7.0,0.4259098917245864,1e-07,up
7.2,0.45490538142621506,1e-07,up
7.4,0.42784536629915226,1e-07,up
7.6,0.5102233793586491,1e-07,up
7.8,0.5169278401881455,1e-07,up
8.0,0.5234591532498597,1e-07,up
8.0,0.4498656252399086,1e-07,down
7.8,0.459380118176341,1e-07,down
7.6,0.4488818235695361,1e-07,down
7.4,0.43921014294028277,1e-07,down
7.2,0.42319246008992184,1e-07,down
7.0,0.5339298900216818,1e-07,down
6.8,0.4239435391500591,1e-07,down
6.6,0.3530917149037123,1e-07,down
6.4,0.5261043496429919,1e-07,down
6.2,0.3815226927399635,1e-07,down
6.0,0.3577303029596805,1e-07,down
5.8,0.3784782737493514,1e-07,down
5.6,0.3923079990781843,1e-07,down
5.4,0.19326592539437112,1e-07,down
5.2,0.20911921653896565,1e-07,down
5.0,0.24161655514035368,1e-07,down
4.8,0.24908021488226947,1e-07,down
4.6,0.1703790472820401,1e-07,down
4.4,0.239511172985658,1e-07,down
4.2,0.46696252934634674,1e-07,down
4.0,0.39876443485263724,1e-07,down
3.8,0.18887344561517233,1e-07,down
3.6,0.3287404053844511,1e-07,down
3.4,0.19416411779820913,1e-07,down
3.2,0.30335420742630953,1e-07,down
3.0,0.15017503499984738,1e-07,down
2.8,0.33245918154716486,1e-07,down
2.6,0.21864220499992368,1e-07,down
2.4,0.49621419236063946,1e-07,down
2.2,0.4139940179884433,1e-07,down
2.0,0.2183342287316918,1e-07,down
1.8,0.18094253540039057,1e-07,down
1.6,0.14614202827215192,1e-07,down
1.4,0.5149971744976937,1e-07,down
1.2,0.2295081336051225,1e-07,down
1.0,0.10907348245382308,1e-07,down
0.8,0.42554445611312974,1e-07,down
0.6,0.282066062092781,1e-07,down
0.4,0.13965895399451253,1e-07,down
0.2,0.32038022018969053,1e-07,down
-0.0,0.3295950745232403,1e-07,down
-0.0,0.3295950745232403,1e-07,up
0.2,0.4143485808745026,1e-07,up
0.4,0.3971792273223399,1e-07,up
0.6,-0.03610165510326624,1e-07,up
0.8,0.15265945624560112,1e-07,up
1.0,-0.00029744114726782984,1e-07,up
1.2,0.3602355476468801,1e-07,up
1.4,-0.005465637426823386,1e-07,up
1.6,0.16575772222131488,1e-07,up
1.8,0.34633648692397395,1e-07,up
2.0,0.511545544490218,1e-07,up
2.2,-0.024744565016590062,1e-07,up
2.4,0.18403628095984456,1e-07,up
2.6,0.307587694376707,1e-07,up
2.8,0.463427516631782,1e-07,up
3.0,0.2858825363218784,1e-07,up
3.2,0.5045255697332321,1e-07,up
3.4,0.2559202769771218,1e-07,up
3.6,0.35284030064940447,1e-07,up
3.8,0.5184415448457002,1e-07,up
4.0,0.47836773470044125,1e-07,up
4.2,0.046166177839040735,1e-07,up
4.4,0.3424065392464398,1e-07,up
4.6,0.350060760974884,1e-07,up
4.8,0.1832485422492027,1e-07,up
5.0,0.28422851837240154,1e-07,up
5.2,0.3352977000176906,1e-07,up
5.4,0.24291438551153985,1e-07,up
5.6,0.3092197645455598,1e-07,up
5.8,0.4934639353305101,1e-07,up
6.0,0.4178251997800543,1e-07,up
6.2,0.26189572340808803,1e-07,up
6.4,0.34363905427744607,1e-07,up
6.6,0.5591557072475551,1e-07,up
6.8,0.5326345991343259,1e-07,up
7.0,0.5915074748918413,1e-07,up
7.2,0.43911512568593014,1e-07,up
7.4,0.4715363010764121,1e-07,up
7.6,0.5118768345564603,1e-07,up
7.8,0.5123737873509525,1e-07,up
8.0,0.39248251542448986,1e-07,up
8.0,0.4798525501973927,1e-07,down
7.8,0.5293405409902333,1e-07,down
7.6,0.5774306338280438,1e-07,down
7.4,0.5079601407051085,1e-07,down
7.2,0.514725625514984,1e-07,down
7.0,0.6112864324823021,1e-07,down
6.8,0.442188799381256,1e-07,down
6.6,0.404402645304799,1e-07,down
6.4,0.5353958886116742,1e-07,down
6.2,0.30697072297334665,1e-07,down
6.0,0.34241592884063715,1e-07,down
5.8,0.26247482001781464,1e-07,down
5.6,0.28859966248273844,1e-07,down
5.4,0.5714546651579439,1e-07,down
5.2,0.2841719221323728,1e-07,down
5.0,0.28928556293249125,1e-07,down
4.8,0.27235333505086595,1e-07,down
4.6,0.5522456835024059,1e-07,down
4.4,0.2678781226277351,1e-07,down
4.2,0.28450468927621836,1e-07,down
4.0,0.5619927388615905,1e-07,down
3.8,0.5368952695280312,1e-07,down
3.6,0.30959794297814364,1e-07,down
3.4,0.4257538244128226,1e-07,down
3.2,0.4856205372343537,1e-07,down
3.0,0.4810172903526108,1e-07,down
2.8,0.4909198023378848,1e-07,down
2.6,0.3496173936873674,1e-07,down
2.4,0.6279680095613002,1e-07,down
2.2,0.17858897522091863,1e-07,down
2.0,0.35898609645664686,1e-07,down
1.8,0.4480935055762528,1e-07,down
1.6,0.47034460701979686,1e-07,down
1.4,0.6182085778564214,1e-07,down
1.2,0.581567384302616,1e-07,down
1.0,0.6525014741346239,1e-07,down
0.8,0.6660286942496895,1e-07,down
0.6,0.004492381587624537,1e-07,down
0.4,0.32684556581079954,1e-07,down
0.2,0.6252044164575635,1e-07,down
-0.0,0.5055151358246802,1e-07,down
-0.0,0.5055151358246802,1e-07,up
0.2,-0.07005318254232407,1e-07,up
0.4,0.09980486147105691,1e-07,up
0.6,0.372573968139477,1e-07,up
0.8,-0.0018753949552774414,1e-07,up
1.0,0.08936264738440512,1e-07,up
1.2,0.11564318090677257,1e-07,up
1.4,0.3161725117824971,1e-07,up
1.6,0.48107602400705207,1e-07,up
1.8,0.02271912619471549,1e-07,up
2.0,0.3750401269644498,1e-07,up
2.2,0.129920769482851,1e-07,up
2.4,0.3746876567602157,1e-07,up
2.6,0.0617153797065839,1e-07,up
2.8,0.14985014311969277,1e-07,up
3.0,0.16081075649708504,1e-07,up
3.2,0.12366072065196927,1e-07,up
3.4,0.2406740169972181,1e-07,up
3.6,0.18235972290858624,1e-07,up
3.8,0.2709664981812238,1e-07,up
4.0,0.12087201885879037,1e-07,up
4.2,0.2808699700981378,1e-07,up
4.4,0.2151539549231529,1e-07,up
4.6,0.3595742639154195,1e-07,up
4.8,0.2866709800437092,1e-07,up
5.0,0.24942527385428542,1e-07,up
5.2,0.2823417373001575,1e-07,up
5.4,0.5688943797722458,1e-07,up
5.6,0.2736601829528808,1e-07,up
5.8,0.428569845855236,1e-07,up
6.0,0.5980316621717064,1e-07,up
6.2,0.28010225947946304,1e-07,up
6.4,0.5751466192305087,1e-07,up
6.6,0.46137945353984827,1e-07,up
6.8,0.37031239271163935,1e-07,up
7.0,0.3734834864735603,1e-07,up
7.2,0.41134509444236744,1e-07,up
7.4,0.6155783305875956,1e-07,up
7.6,0.48955198097974056,1e-07,up
7.8,0.4749950214754789,1e-07,up
8.0,0.4637714326381682,1e-07,up
8.0,0.4674636647105216,1e-07,down
7.8,0.5418566428124904,1e-07,down
7.6,0.454631270840764,1e-07,down
7.4,0.4742892803624272,1e-07,down
7.2,0.4630470788106321,1e-07,down
7.0,0.5770181608386338,1e-07,down
6.8,0.5467900130897759,1e-07,down
6.6,0.36980809830129147,1e-07,down
6.4,0.5668153893202542,1e-07,down
6.2,0.3942437944933771,1e-07,down
6.0,0.37590094935148943,1e-07,down
5.8,0.30264866352081293,1e-07,down
5.6,0.31311369128525246,1e-07,down
5.4,0.4713303903117775,1e-07,down
5.2,0.35646683711092914,1e-07,down
5.0,0.376196127384901,1e-07,down
4.8,0.3857219889760017,1e-07,down
4.6,0.20052544865757221,1e-07,down
4.4,0.35141910726088094,1e-07,down
4.2,0.346798613667488,1e-07,down
4.0,0.26898624747991556,1e-07,down
3.8,0.1816608868539333,1e-07,down
3.6,0.33700929785845796,1e-07,down
3.4,0.22280874941498038,1e-07,down
3.2,0.15281095169484613,1e-07,down
3.0,0.20166384428739542,1e-07,down
2.8,0.1886597424745559,1e-07,down
2.6,0.4113244861364364,1e-07,down
2.4,0.3323663268238306,1e-07,down
2.2,0.07917007617652415,1e-07,down
2.0,0.3577599758282303,1e-07,down
1.8,0.20693890191614622,1e-07,down
1.6,0.31840118672698725,1e-07,down
1.4,0.21450745128095144,1e-07,down
1.2,0.34705548826605076,1e-07,down
1.0,0.44724323344416905,1e-07,down
0.8,0.09534515626728532,1e-07,down
0.6,0.3241552975377999,1e-07,down
0.4,0.45796660706400866,1e-07,down
0.2,0.20376957813277835,1e-07,down
-0.0,0.2264358857646584,1e-07,down
-0.0,0.2264358857646584,1e-07,up
0.2,0.07376843877136706,1e-07,up
0.4,0.3177487086504697,1e-07,up
0.6,0.24055675463750956,1e-07,up
0.8,0.16600937629118556,1e-07,up
1.0,0.22721768519841132,1e-07,up
1.2,0.17660607583820817,1e-07,up
1.4,0.32566051883623004,1e-07,up
1.6,0.36031529121100897,1e-07,up
1.8,0.3038972001522779,1e-07,up
2.0,0.37473254278302187,1e-07,up
2.2,0.3156102732755243,1e-07,up
2.4,0.33771536685526365,1e-07,up
2.6,0.13949216343462462,1e-07,up
2.8,0.23726415075361723,1e-07,up
3.0,0.4614768638275563,1e-07,up
3.2,0.30220958124846214,1e-07,up
3.4,0.33876485563814634,1e-07,up
3.6,0.22525019198656077,1e-07,up
3.8,0.2550950609147548,1e-07,up
4.0,0.2528360933065414,1e-07,up
4.2,0.27304904535412783,1e-07,up
4.4,0.4823670424520969,1e-07,up
4.6,0.36834710650146,1e-07,up
4.8,0.5139907673001288,1e-07,up
5.0,0.34277560934424395,1e-07,up
5.2,0.29523942992091173,1e-07,up
5.4,0.4658268404891714,1e-07,up
5.6,0.36860086000524456,1e-07,up
5.8,0.26542722992599005,1e-07,up
6.0,0.48610230442136515,1e-07,up
6.2,0.2566715516149997,1e-07,up
6.4,0.24682394415140146,1e-07,up
6.6,0.5904423063620924,1e-07,up
6.8,0.4434990137815475,1e-07,up
7.0,0.6038829516619443,1e-07,up
7.2,0.5677817855030297,1e-07,up
7.4,0.4581966474652289,1e-07,up
7.6,0.4798515699803828,1e-07,up
7.8,0.467678379267454,1e-07,up
8.0,0.4577064737677573,1e-07,up
8.0,0.45480487775057543,1e-07,down
7.8,0.5145596591755747,1e-07,down
7.6,0.49447108618915064,1e-07,down
7.4,0.6078990353271364,1e-07,down
7.2,0.48344399407505984,1e-07,down
7.0,0.4272549785673618,1e-07,down
6.8,0.5317414179444312,1e-07,down
6.6,0.373669471591711,1e-07,down
6.4,0.395824147388339,1e-07,down
6.2,0.5022225342690944,1e-07,down
6.0,0.5959013514220713,1e-07,down
5.8,0.4823901476338505,1e-07,down
5.6,0.5181908793747424,1e-07,down
5.4,0.14242851454764602,1e-07,down
5.2,0.3795577678829431,1e-07,down
5.0,0.42848783126100887,1e-07,down
4.8,0.45566405600402493,1e-07,down
4.6,0.05616510100662706,1e-07,down
4.4,0.33518790081143374,1e-07,down
4.2,0.5271823219954966,1e-07,down
4.0,0.15431492403149602,1e-07,down
3.8,0.2583104725927114,1e-07,down
3.6,0.5742789427749811,1e-07,down
3.4,0.06065518781542776,1e-07,down
3.2,0.22980736754834646,1e-07,down
3.0,0.25367131503298873,1e-07,down
2.8,0.1286169588565826,1e-07,down
2.6,0.37891532108187664,1e-07,down
2.4,0.5050092171877621,1e-07,down
2.2,0.5289258863776921,1e-07,down
2.0,-0.00469166319817306,1e-07,down
1.8,0.10744883306324478,1e-07,down
1.6,0.13562119018752125,1e-07,down
1.4,0.04366803821176289,1e-07,down
1.2,0.38518280086282164,1e-07,down
1.0,0.013645882834680366,1e-07,down
0.8,0.2886572107672691,1e-07,down
0.6,0.4893675446510315,1e-07,down
0.4,0.4150050044991075,1e-07,down
0.2,0.0727627808228135,1e-07,down
-0.0,0.29216598160564894,1e-07,down
-0.0,0.29216598160564894,1e-07,up
0.2,0.5058912793174385,1e-07,up
0.4,0.367278404533863,1e-07,up
0.6,0.3955938182771205,1e-07,up
0.8,-0.06745899189263582,1e-07,up
1.0,0.3221978216024581,1e-07,up
1.2,-0.11872183578088878,1e-07,up
1.4,0.21341137355193493,1e-07,up
1.6,-0.10962790949270129,1e-07,up
1.8,0.047415398061275454,1e-07,up
2.0,-0.05202523618936539,1e-07,up
2.2,0.2886916375719011,1e-07,up
2.4,-0.09967129118740559,1e-07,up
2.6,0.33854741696268315,1e-07,up
2.8,0.655098035931587,1e-07,up
3.0,-0.13801893312484023,1e-07,up
3.2,0.03357711184071377,1e-07,up
3.4,-0.010074056684970873,1e-07,up
3.6,0.4822206506505608,1e-07,up
3.8,0.672858778387308,1e-07,up
4.0,0.4892957061529159,1e-07,up
4.2,-0.09493222460150719,1e-07,up
4.4,0.11035422421991822,1e-07,up
4.6,0.006073692813515644,1e-07,up
4.8,0.385134894400835,1e-07,up
5.0,0.5481627965345978,1e-07,up
5.2,0.130828283727169,1e-07,up
5.4,0.27798201842233533,1e-07,up
5.6,0.3270213394425809,1e-07,up
5.8,0.37084101792424906,1e-07,up
6.0,0.3608254231512546,1e-07,up
6.2,0.2807505149394273,1e-07,up
6.4,0.4883196582086383,1e-07,up
6.6,0.4426657957956194,1e-07,up
6.8,0.5113069154322146,1e-07,up
7.0,0.5268978914245962,1e-07,up
7.2,0.5572154279798268,1e-07,up
7.4,0.4230580478906631,1e-07,up
7.6,0.449363749474287,1e-07,up
7.8,0.44801726937294,1e-07,up
8.0,0.4363422505557536,1e-07,up
8.0,0.5476329009979962,1e-07,down
7.8,0.6518770027905703,1e-07,down
7.6,0.6437760638073086,1e-07,down
7.4,0.4181907288730144,1e-07,down
7.2,0.446859162300825,1e-07,down
7.0,0.43084322661161417,1e-07,down
6.8,0.5818628529086708,1e-07,down
6.6,0.5487796021625398,1e-07,down
6.4,0.3645999059081077,1e-07,down
6.2,0.5813576988875865,1e-07,down
6.0,0.4962919289246201,1e-07,down
5.8,0.22929896414279935,1e-07,down
5.6,0.31948743015527714,1e-07,down
5.4,0.5266300830990075,1e-07,down
5.2,0.2999652232974767,1e-07,down
5.0,0.3117338325828313,1e-07,down
4.8,0.3088088231161236,1e-07,down
4.6,0.3052131216973066,1e-07,down
4.4,0.263022169470787,1e-07,down
4.2,0.40178242139518255,1e-07,down
4.0,0.31806276878342027,1e-07,down
3.8,0.15795667283236978,1e-07,down
3.6,0.3037158269435167,1e-07,down
3.4,0.19253652729094026,1e-07,down
3.2,0.2542096804827451,1e-07,down
3.0,0.20992258749902243,1e-07,down
2.8,0.22876610653474921,1e-07,down
2.6,0.1640222761780023,1e-07,down
2.4,0.2786220898851752,1e-07,down
2.2,0.37286984571255744,1e-07,down
2.0,0.15404018480330703,1e-07,down
1.8,0.2549846284091472,1e-07,down
1.6,0.3061952739953994,1e-07,down
1.4,0.44540686160326,1e-07,down
1.2,0.48124555498361576,1e-07,down
1.0,-0.035218929406255484,1e-07,down
0.8,0.3569794595241546,1e-07,down
0.6,0.26846904307603836,1e-07,down
0.4,0.02138128876686096,1e-07,down
0.2,0.4356382936239242,1e-07,down
-0.0,0.3307845685631037,1e-07,down
-0.0,0.3307845685631037,1e-07,up
0.2,0.18953341245651242,1e-07,up
0.4,0.2967490946757606,1e-07,up
0.6,0.32422015909105534,1e-07,up
0.8,0.0961777563206851,1e-07,up
1.0,0.21712639369070527,1e-07,up
1.2,0.12800158560276026,1e-07,up
1.4,0.3406598418951034,1e-07,up
1.6,0.3263387233018874,1e-07,up
1.8,0.3367258794605731,1e-07,up
2.0,0.20864711701869962,1e-07,up
2.2,0.33246419066563243,1e-07,up
2.4,0.2895520627498626,1e-07,up
2.6,0.32697317749261856,1e-07,up
2.8,0.2992490520700811,1e-07,up
3.0,0.3025523386895656,1e-07,up
3.2,0.18702287785708904,1e-07,up
3.4,0.35690785665065045,1e-07,up
3.6,0.372320850379765,1e-07,up
3.8,0.27137968153692776,1e-07,up
4.0,0.39897405728697766,1e-07,up
4.2,0.3415075485827401,1e-07,up
4.4,0.3926714006811379,1e-07,up
4.6,0.08016652381047605,1e-07,up
4.8,0.3689303988358005,1e-07,up
5.0,0.12084504216909406,1e-07,up
5.2,0.25435243453830475,1e-07,up
5.4,0.23513772245496506,1e-07,up
5.6,0.3701082849875092,1e-07,up
5.8,0.5063550751656293,1e-07,up
6.0,0.17318473942577833,1e-07,up
6.2,0.474063160829246,1e-07,up
6.4,0.6268515549600124,1e-07,up
6.6,0.7171714566648005,1e-07,up
6.8,0.3755374141037463,1e-07,up
7.0,0.5873045148327946,1e-07,up
7.2,0.5458268430083989,1e-07,up
7.4,0.5870127100497483,1e-07,up
7.6,0.4781241826713084,1e-07,up
7.8,0.5466384757310151,1e-07,up
8.0,0.46389122307300557,1e-07,up
8.0,0.4501081806374713,1e-07,down
7.8,0.49500488210469473,1e-07,down
7.6,0.49885724019259203,1e-07,down
7.4,0.5168720949441193,1e-07,down
7.2,0.42938038706779474,1e-07,down
7.0,0.4187570735812186,1e-07,down
6.8,0.5810219068080186,1e-07,down
6.6,0.35437330510467285,1e-07,down
6.4,0.5098944716155528,1e-07,down
6.2,0.3446417152881622,1e-07,down
6.0,0.4443988278508186,1e-07,down
5.8,0.41765388287603844,1e-07,down
5.6,0.394426817074418,1e-07,down
5.4,0.3918974436819553,1e-07,down
5.2,0.1810148093209136,1e-07,down
5.0,0.1752101052552461,1e-07,down
4.8,0.2934421123936772,1e-07,down
4.6,0.14356501121073958,1e-07,down
4.4,0.2796519752591848,1e-07,down
4.2,0.07085036858916281,1e-07,down
4.0,0.16771155223250384,1e-07,down
3.8,0.22497053537517783,1e-07,down
3.6,0.34013473591767246,1e-07,down
3.4,0.30825093202292914,1e-07,down
3.2,0.3987204119330271,1e-07,down
3.0,0.1417828360572457,1e-07,down
2.8,0.16833586060238298,1e-07,down
2.6,0.3994996286928653,1e-07,down
2.4,0.18002903833985326,1e-07,down
2.2,0.19783719629049298,1e-07,down
2.0,0.12205371260643003,1e-07,down
1.8,0.1202365458011627,1e-07,down
1.6,0.47854858171194786,1e-07,down
1.4,0.26767362561076874,1e-07,down
1.2,0.275697715813294,1e-07,down
1.0,0.2338318154215812,1e-07,down
0.8,0.32336512021720404,1e-07,down
0.6,0.2739583626389503,1e-07,down
0.4,0.06025924417190253,1e-07,down
0.2,0.1541707161813974,1e-07,down
-0.0,0.05028454423882066,1e-07,down
-0.0,0.05028454423882066,1e-07,up
0.2,0.23835935350507492,1e-07,up
0.4,0.1366551015526056,1e-07,up
0.6,0.10826208442449568,1e-07,up
0.8,0.06118400534614919,1e-07,up
1.0,0.0417507248930633,1e-07,up
1.2,0.08928201580420135,1e-07,up
1.4,0.15678139496594665,1e-07,up
1.6,0.0914877764880657,1e-07,up
1.8,0.09518124535679816,1e-07,up
2.0,0.11914576543495058,1e-07,up
2.2,0.14568533375859258,1e-07,up
2.4,0.11344227753579615,1e-07,up
2.6,0.08180432085646315,1e-07,up
2.8,0.2861284259706735,1e-07,up
3.0,0.1438925266265869,1e-07,up
3.2,0.10022637620568273,1e-07,up
3.4,0.3803888136171735,1e-07,up
3.6,0.17790864408016202,1e-07,up
3.8,0.4038086553337052,1e-07,up
4.0,0.32600183028262103,1e-07,up
4.2,0.4379310198128223,1e-07,up
4.4,0.028188661439344273,1e-07,up
4.6,0.1590734403580427,1e-07,up
4.8,0.2530914610251784,1e-07,up
5.0,0.11415712395682928,1e-07,up
5.2,0.27008696040138597,1e-07,up
5.4,0.372772729024291,1e-07,up
5.6,0.16790425218641752,1e-07,up
5.8,0.3491692505776882,1e-07,up
6.0,0.1980582922697067,1e-07,up
6.2,0.34267588704824437,1e-07,up
6.4,0.3937845174223184,1e-07,up
6.6,0.4716942496597766,1e-07,up
6.8,0.45594228850677604,1e-07,up
7.0,0.530857536010444,1e-07,up
7.2,0.4551815474405884,1e-07,up
7.4,0.5688089178875088,1e-07,up
7.6,0.40312562882900227,1e-07,up
7.8,0.42554456740617747,1e-07,up
8.0,0.48286836780607695,1e-07,up
8.0,0.49443588126450766,1e-07,down
7.8,0.4380957474932074,1e-07,down
7.6,0.4719688855111598,1e-07,down
7.4,0.5828164238482713,1e-07,down
7.2,0.575380241498351,1e-07,down
7.0,0.4892019685357808,1e-07,down
6.8,0.49393557012081135,1e-07,down
6.6,0.48657241137698287,1e-07,down
6.4,0.4909935109317302,1e-07,down
6.2,0.5442380588501691,1e-07,down
6.0,0.3594995699822902,1e-07,down
5.8,0.47617025207728136,1e-07,down
5.6,0.4732198701240121,1e-07,down
5.4,0.30269801989197725,1e-07,down
5.2,0.5348342675715684,1e-07,down
5.0,0.39477297570556397,1e-07,down
4.8,0.4743852000683545,1e-07,down
4.6,0.3249137848615646,1e-07,down
4.4,0.49224217794835556,1e-07,down
4.2,0.5069292653352021,1e-07,down
4.0,0.5314210755750536,1e-07,down
3.8,0.25477272525313305,1e-07,down
3.6,0.5601018182933329,1e-07,down
3.4,0.30071721971035,1e-07,down
3.2,0.44006693386472756,1e-07,down
3.0,0.38926286995410914,1e-07,down
2.8,0.20907367765903467,1e-07,down
2.6,0.5002944548614322,1e-07,down
2.4,0.23397102579474446,1e-07,down
2.2,0.1308597847819328,1e-07,down
2.0,0.4072471596300601,1e-07,down
1.8,0.2955432832241058,1e-07,down
1.6,0.29016281664371485,1e-07,down
1.4,0.03819883614778518,1e-07,down
1.2,0.37030817940831173,1e-07,down
1.0,0.3556444719433784,1e-07,down
0.8,0.14204343594610688,1e-07,down
0.6,0.21849824488162992,1e-07,down
0.4,0.5264319488778709,1e-07,down
0.2,0.13840676099061963,1e-07,down
-0.0,0.25674121081829065,1e-07,down
-0.0,0.25674121081829065,1e-07,up
0.2,0.262671485543251,1e-07,up
0.4,0.1516731549054384,1e-07,up
0.6,0.1728682070970535,1e-07,up
0.8,0.11005107313394545,1e-07,up
1.0,0.16964823566377157,1e-07,up
1.2,0.21018876135349268,1e-07,up
1.4,0.22137044067494566,1e-07,up
1.6,0.24133236519992346,1e-07,up
1.8,0.04782263562083243,1e-07,up
2.0,0.1148727936670184,1e-07,up
2.2,0.19252728670835492,1e-07,up
2.4,0.10258859023451804,1e-07,up
2.6,0.23916063224896786,1e-07,up
2.8,0.28058579540811474,1e-07,up
3.0,0.0985414572060108,1e-07,up
3.2,0.09713231772184369,1e-07,up
3.4,0.06877990812063216,1e-07,up
3.6,0.29186082626983983,1e-07,up
3.8,0.11376363784074783,1e-07,up
4.0,0.0406039713998325,1e-07,up
4.2,0.10438239034556317,1e-07,up
4.4,0.34790704259648914,1e-07,up
4.6,0.26175208482891316,1e-07,up
4.8,0.15716689429245886,1e-07,up
5.0,0.09720535669475791,1e-07,up
5.2,0.2216065032407641,1e-07,up
5.4,0.20088747004047033,1e-07,up
5.6,0.2916534058749675,1e-07,up
5.8,0.29599003121256817,1e-07,up
6.0,0.2799238264560699,1e-07,up
6.2,0.5710957366973161,1e-07,up
6.4,0.400553286075592,1e-07,up
6.6,0.40926054492592806,1e-07,up
6.8,0.4033893905580043,1e-07,up
7.0,0.45740066468715657,1e-07,up
7.2,0.5707421097904443,1e-07,up
7.4,0.45719292573630804,1e-07,up
7.6,0.4429250431130639,1e-07,up
7.8,0.5020840987563132,1e-07,up
8.0,0.5022439640015363,1e-07,up
8.0,0.5202642411459236,1e-07,down
7.8,0.47370013035833824,1e-07,down
7.6,0.5943271741271018,1e-07,down
7.4,0.48834162019193167,1e-07,down
7.2,0.47959182970225805,1e-07,down
7.0,0.46041518449783314,1e-07,down
6.8,0.44791638106107706,1e-07,down
6.6,0.44224439561367024,1e-07,down
6.4,0.6042343277949839,1e-07,down
6.2,0.6376714147627353,1e-07,down
6.0,0.31746014952659596,1e-07,down
5.8,0.48089197557419533,1e-07,down
5.6,0.3924663215875625,1e-07,down
5.4,0.4312989553436636,1e-07,down
5.2,0.43237565085291857,1e-07,down
5.0,0.23988367617130277,1e-07,down
4.8,0.32965315133333206,1e-07,down
4.6,0.2266426011919975,1e-07,down
4.4,0.33307559043169016,1e-07,down
4.2,0.22246334515511984,1e-07,down
4.0,0.3526173755526542,1e-07,down
3.8,0.2888172343373298,1e-07,down
3.6,0.3788346403744071,1e-07,down
3.4,0.11302163638174532,1e-07,down
3.2,0.3831223137676715,1e-07,down
3.0,0.2674863692373037,1e-07,down
2.8,0.44637995585799206,1e-07,down
2.6,0.2978335469961166,1e-07,down
2.4,0.3011572360992431,1e-07,down
2.2,0.32563345506787295,1e-07,down
2.0,0.35694759339094156,1e-07,down
1.8,0.32405838370323176,1e-07,down
1.6,0.2374595627188682,1e-07,down
1.4,0.1615540627390146,1e-07,down
1.2,0.20915172365494067,1e-07,down
1.0,0.47485411912202824,1e-07,down
0.8,0.3752162605524062,1e-07,down
0.6,0.20259273331612343,1e-07,down
0.4,0.5735403969883918,1e-07,down
0.2,0.4511906709522009,1e-07,down
-0.0,-0.01998862164327875,1e-07,down
-0.0,-0.01998862164327875,1e-07,up
0.2,0.010474602226167905,1e-07,up
0.4,-0.007598981261253369,1e-07,up
0.6,0.34038235340267414,1e-07,up
0.8,-0.06242997944355011,1e-07,up
1.0,0.07936813915148376,1e-07,up
1.2,-0.004627933260053396,1e-07,up
1.4,0.24109966633841393,1e-07,up
1.6,0.29783908464014525,1e-07,up
1.8,0.35230655409395695,1e-07,up
2.0,-0.03815021645277739,1e-07,up
2.2,0.1377404350787401,1e-07,up
2.4,0.29606829397380346,1e-07,up
2.6,0.2998380176723003,1e-07,up
2.8,0.2959429686889052,1e-07,up
3.0,0.2821432268247007,1e-07,up
3.2,0.34124585706740607,1e-07,up
3.4,0.18824327364563936,1e-07,up
3.6,0.303137008100748,1e-07,up
3.8,0.1057922765612602,1e-07,up
4.0,0.2001086845993995,1e-07,up
4.2,0.2794583179056644,1e-07,up
4.4,0.4139594100415706,1e-07,up
4.6,0.31597505602985615,1e-07,up
4.8,0.42762136831879605,1e-07,up
5.0,0.3233688678592443,1e-07,up
5.2,0.12324979994446036,1e-07,up
5.4,0.3060071915388107,1e-07,up
5.6,0.3219956457614898,1e-07,up
5.8,0.2255937680602073,1e-07,up
6.0,0.3209952414035796,1e-07,up
6.2,0.5992626380175351,1e-07,up
6.4,0.5512448521330952,1e-07,up
6.6,0.6854222863912581,1e-07,up
6.8,0.6857041306793688,1e-07,up
7.0,0.39516797661781305,1e-07,up
7.2,0.4585844166576862,1e-07,up
7.4,0.6600214727222918,1e-07,up
7.6,0.5708245020359753,1e-07,up
7.8,0.581017930060625,1e-07,up
8.0,0.5566756222397088,1e-07,up
8.0,0.516574483597651,1e-07,down
7.8,0.48986134678125376,1e-07,down
7.6,0.4227752834558486,1e-07,down
7.4,0.4526954125612973,1e-07,down
7.2,0.4565073642879723,1e-07,down
7.0,0.559925615787506,1e-07,down
6.8,0.40572630800306786,1e-07,down
6.6,0.5082249650731682,1e-07,down
6.4,0.41713260300457466,1e-07,down
6.2,0.447101343423128,1e-07,down
6.0,0.33265991136431683,1e-07,down
5.8,0.5091597121208905,1e-07,down
5.6,0.39260210469365114,1e-07,down
5.4,0.21179673075675962,1e-07,down
5.2,0.2801925856620073,1e-07,down
5.0,0.20332395844161505,1e-07,down
4.8,0.33984485827386374,1e-07,down
4.6,0.29804760357365007,1e-07,down
4.4,0.15459314314648506,1e-07,down
4.2,0.27057888708077366,1e-07,down
4.0,0.2733164764940738,1e-07,down
3.8,0.25682142066943925,1e-07,down
3.6,0.3057026716996915,1e-07,down
3.4,0.28617657814174885,1e-07,down
3.2,0.34430953627452243,1e-07,down
3.0,0.18767855316400525,1e-07,down
2.8,0.3559019519016146,1e-07,down
2.6,0.23772398103028533,1e-07,down
2.4,0.2749592307955026,1e-07,down
2.2,0.21543541923165319,1e-07,down
2.0,0.1868513077497482,1e-07,down
1.8,0.15014016628265378,1e-07,down
1.6,0.3048319369554519,1e-07,down
1.4,0.34912151563912625,1e-07,down
1.2,0.21019595023244614,1e-07,down
1.0,0.32412481307983393,1e-07,down
0.8,0.04393457621335982,1e-07,down
0.6,0.09302355907857417,1e-07,down
0.4,0.11439570132642983,1e-07,down
0.2,0.3197446609847247,1e-07,down
-0.0,0.27491092545096757,1e-07,down
-0.0,0.27491092545096757,1e-07,up
0.2,0.3857871759682893,1e-07,up
0.4,0.15520256292074916,1e-07,up
0.6,0.04933347925543784,1e-07,up
0.8,0.21885355096310372,1e-07,up
1.0,0.0505012534558773,1e-07,up
1.2,0.1723729399964213,1e-07,up
1.4,0.3294925424270332,1e-07,up
1.6,0.15240904130041596,1e-07,up
1.8,0.09355873824097213,1e-07,up
2.0,0.20032499637454745,1e-07,up
2.2,0.39851834625005716,1e-07,up
2.4,0.28515046928077936,1e-07,up
2.6,0.41115269437432284,1e-07,up
2.8,0.42927867081016297,1e-07,up
3.0,0.02032302320003508,1e-07,up
3.2,0.33868810115382064,1e-07,up
3.4,-0.017405613325536255,1e-07,up
3.6,0.27737730648368597,1e-07,up
3.8,-0.0014489237219095354,1e-07,up
4.0,0.22860332205891606,1e-07,up
4.2,0.19719061814248556,1e-07,up
4.4,0.2356953304260969,1e-07,up
4.6,0.13415051996707913,1e-07,up
4.8,0.3160497322678566,1e-07,up
5.0,0.5243545593693851,1e-07,up
5.2,0.19678828865289683,1e-07,up
5.4,0.3699742201715707,1e-07,up
5.6,0.27740383520722384,1e-07,up
5.8,0.4881018525920808,1e-07,up
6.0,0.47946536168456066,1e-07,up
6.2,0.3118268176913261,1e-07,up
6.4,0.3740012515336274,1e-07,up
6.6,0.3150549046695232,1e-07,up
6.8,0.5327752772718667,1e-07,up
7.0,0.41239416599273676,1e-07,up
7.2,0.43229451589286316,1e-07,up
7.4,0.48309637978672976,1e-07,up
7.6,0.5086151417344807,1e-07,up
7.8,0.5530057083815335,1e-07,up
8.0,0.480542289558798,1e-07,up
8.0,0.5141447829082607,1e-07,down
7.8,0.5659669302403926,1e-07,down
7.6,0.5424480931833385,1e-07,down
7.4,0.5572621002793311,1e-07,down
7.2,0.4686099365353583,1e-07,down
7.0,0.4470945969223975,1e-07,down
6.8,0.533578936010599,1e-07,down
6.6,0.41664016433060164,1e-07,down
6.4,0.5950056314468382,1e-07,down
6.2,0.5205872543156146,1e-07,down
6.0,0.5068682059645652,1e-07,down
5.8,0.32650798559188837,1e-07,down
5.6,0.3740003407001495,1e-07,down
5.4,0.4822513088583945,1e-07,down
5.2,0.2675419524312019,1e-07,down
5.0,0.4708799645304679,1e-07,down
4.8,0.31377780437469477,1e-07,down
4.6,0.4300740510225295,1e-07,down
4.4,0.2253123670816421,1e-07,down
4.2,0.34385216236114496,1e-07,down
4.0,0.23922485113143918,1e-07,down
3.8,0.30844496935606,1e-07,down
3.6,0.2704022601246833,1e-07,down
3.4,0.2062851265072822,1e-07,down
3.2,0.5011062920093535,1e-07,down
3.0,0.2096229791641235,1e-07,down
2.8,0.33460345864295954,1e-07,down
2.6,0.24303621053695673,1e-07,down
2.4,0.17973978817462918,1e-07,down
2.2,0.4088457636535167,1e-07,down
2.0,0.3532257452607154,1e-07,down
1.8,0.29327492788434023,1e-07,down
1.6,0.44020789861679066,1e-07,down
1.4,0.35290576890110964,1e-07,down
1.2,0.40819344669580454,1e-07,down
1.0,0.23194717615842816,1e-07,down
0.8,0.32415272807702417,1e-07,down
0.6,0.4078289903700351,1e-07,down
0.4,0.45540219359099854,1e-07,down
0.2,0.49134616926312435,1e-07,down
-0.0,0.1760115325450897,1e-07,down
-0.0,0.1760115325450897,1e-07,up
0.2,0.31662314757704735,1e-07,up
0.4,0.33074567466974253,1e-07,up
0.6,0.2775876680389046,1e-07,up
0.8,0.2449788376688957,1e-07,up
1.0,0.34583173878490914,1e-07,up
1.2,0.3143754974007606,1e-07,up
1.4,0.09535953402519225,1e-07,up
1.6,0.25307383388280863,1e-07,up
1.8,0.18596105091273782,1e-07,up
2.0,0.14918561093509194,1e-07,up
2.2,0.20291349431499836,1e-07,up
2.4,0.2088710381649434,1e-07,up
2.6,0.2928812429308891,1e-07,up
2.8,0.33720999912475225,1e-07,up
3.0,0.24335988308303053,1e-07,up
3.2,0.2835313067771494,1e-07,up
3.4,0.4252345897257327,1e-07,up
3.6,0.450102612376213,1e-07,up
3.8,0.2747939676046371,1e-07,up
4.0,0.37880025710910553,1e-07,up
4.2,0.16840107136522417,1e-07,up
4.4,0.222343198955059,1e-07,up
4.6,0.22707748413085932,1e-07,up
4.8,0.4503363706171512,1e-07,up
5.0,0.3694612625986337,1e-07,up
5.2,0.5379930436611174,1e-07,up
5.4,0.14929381757974622,1e-07,up
5.6,0.3190609430894255,1e-07,up
5.8,0.34900067746639246,1e-07,up
6.0,0.44497333932667965,1e-07,up
6.2,0.43507001246325666,1e-07,up
6.4,0.5957941096276044,1e-07,up
6.6,0.2928005829453468,1e-07,up
6.8,0.47041554190218443,1e-07,up
7.0,0.48991408199071873,1e-07,up
7.2,0.5721039883792399,1e-07,up
7.4,0.45224182493984694,1e-07,up
7.6,0.5924579650163649,1e-07,up
7.8,0.5501418104395269,1e-07,up
8.0,0.4724179580807685,1e-07,up
8.0,0.4891147315502166,1e-07,down
7.8,0.46943016722798336,1e-07,down
7.6,0.5925637809559702,1e-07,down
7.4,0.41731201065704215,1e-07,down
7.2,0.5394069519825279,1e-07,down
7.0,0.5310840904712676,1e-07,down
6.8,0.38067888381192455,1e-07,down
6.6,0.4993957090191542,1e-07,down
6.4,0.3478614427149295,1e-07,down
6.2,0.34830717369914044,1e-07,down
6.0,0.42631150037050236,1e-07,down
5.8,0.36347509734332556,1e-07,down
5.6,0.21070600464008743,1e-07,down
5.4,0.3099621599540114,1e-07,down
5.2,0.519190091639757,1e-07,down
5.0,0.3361242899554781,1e-07,down
4.8,0.45630161973531347,1e-07,down
4.6,0.37437484529800713,1e-07,down
4.4,0.4501111321151256,1e-07,down
4.2,0.16978242062032217,1e-07,down
4.0,0.42180699110031117,1e-07,down
3.8,0.1591001749038696,1e-07,down
3.6,0.4044872960075735,1e-07,down
3.4,0.24623791687190527,1e-07,down
3.2,0.33797547966241837,1e-07,down
3.0,0.20388142764568326,1e-07,down
2.8,0.17070991545915598,1e-07,down
2.6,0.22037208080291745,1e-07,down
2.4,0.18639806658029553,1e-07,down
2.2,0.44647796079516405,1e-07,down
2.0,0.04146399907767772,1e-07,down
1.8,0.20474729780107734,1e-07,down
1.6,0.32870033942162985,1e-07,down
1.4,0.030119720846414545,1e-07,down
1.2,0.24352801404893393,1e-07,down
1.0,0.21642768243327737,1e-07,down
0.8,0.11096764728426932,1e-07,down
0.6,0.193230994278565,1e-07,down
0.4,0.1592718511819839,1e-07,down
0.2,0.3227725429460406,1e-07,down
-0.0,0.1444844678044319,1e-07,down
-0.0,0.1444844678044319,1e-07,up
0.2,0.2027913630008697,1e-07,up
0.4,0.15395762817934153,1e-07,up
0.6,0.05461814021691679,1e-07,up
0.8,0.1344444882124662,1e-07,up
1.0,0.0908422144129872,1e-07,up
1.2,0.1623372482135892,1e-07,up
1.4,0.009934584202710539,1e-07,up
1.6,0.06866511981934308,1e-07,up
1.8,0.17649960611015555,1e-07,up
2.0,0.10014497418887912,1e-07,up
2.2,0.15973792574368412,1e-07,up
2.4,0.024463956244289865,1e-07,up
2.6,0.1635311818681657,1e-07,up
2.8,0.33689334488008166,1e-07,up
3.0,0.12191049009561536,1e-07,up
3.2,0.28850205359049136,1e-07,up
3.4,0.09329404309391974,1e-07,up
3.6,0.059180879965424524,1e-07,up
3.8,0.16061987495049831,1e-07,up
4.0,0.3285303395241499,1e-07,up
4.2,0.06800429150462149,1e-07,up
4.4,0.3253340497612953,1e-07,up
4.6,0.5010075150057672,1e-07,up
4.8,0.3866500779986381,1e-07,up
5.0,0.21578736603260038,1e-07,up
5.2,0.31348862126469607,1e-07,up
5.4,0.21722538024187085,1e-07,up
5.6,0.5027415454387664,1e-07,up
5.8,0.5344036770984529,1e-07,up
6.0,0.3768908530473708,1e-07,up
6.2,0.3477440550923347,1e-07,up
6.4,0.5592604186385869,1e-07,up
6.6,0.5338745694607495,1e-07,up
6.8,0.5298822207842021,1e-07,up
7.0,0.387531823478639,1e-07,up
7.2,0.47270696610212315,1e-07,up
7.4,0.5166360996663569,1e-07,up
7.6,0.53148172236979,1e-07,up
7.8,0.5251283249817787,1e-07,up
8.0,0.43972391262650484,1e-07,up
8.0,0.5373104587197303,1e-07,down
7.8,0.5078791948035358,1e-07,down
7.6,0.546824887394905,1e-07,down
7.4,0.42022759839892376,1e-07,down
7.2,0.5173938069492577,1e-07,down
7.0,0.48594219330698246,1e-07,down
6.8,0.5337877124547957,1e-07,down
6.6,0.530081059783697,1e-07,down
6.4,0.48890245147049416,1e-07,down
6.2,0.3377394936978816,1e-07,down
6.0,0.49684626050293434,1e-07,down
5.8,0.27720431424677366,1e-07,down
5.6,0.37323167268186797,1e-07,down
5.4,0.540732055902481,1e-07,down
5.2,0.6089369989931582,1e-07,down
5.0,0.20589347183704373,1e-07,down
4.8,0.41477575525641436,1e-07,down
4.6,0.269087660126388,1e-07,down
4.4,0.13035011896863577,1e-07,down
4.2,0.2843122719787061,1e-07,down
4.0,0.37932653166353697,1e-07,down
3.8,0.536351392045617,1e-07,down
3.6,0.1470001018606126,1e-07,down
3.4,0.34932150878012175,1e-07,down
3.2,0.16964535415172574,1e-07,down
3.0,0.2837021951563656,1e-07,down
2.8,0.4246613886207341,1e-07,down
2.6,0.22854144871234888,1e-07,down
2.4,0.4283816028619184,1e-07,down
2.2,0.39906744100153435,1e-07,down
2.0,0.3589510601013898,1e-07,down
1.8,0.21564089087769386,1e-07,down
1.6,0.3643541522324084,1e-07,down
1.4,0.2943942882120609,1e-07,down
1.2,0.24599255062639708,1e-07,down
1.0,0.12978183850646016,1e-07,down
0.8,0.19770573452115053,1e-07,down
0.6,0.4895925633609294,1e-07,down
0.4,0.40963841415941704,1e-07,down
0.2,0.1716074105352163,1e-07,down
-0.0,0.3041279353201389,1e-07,down
-0.0,0.3041279353201389,1e-07,up
0.2,0.08085453137755393,1e-07,up
0.4,0.24537361413240427,1e-07,up
0.6,0.5249240789562463,1e-07,up
0.8,0.14986745896749196,1e-07,up
1.0,0.30360630527138704,1e-07,up
1.2,0.3043966740369796,1e-07,up
1.4,0.10954490117728707,1e-07,up
1.6,0.15430416539311406,1e-07,up
1.8,0.14617593213915822,1e-07,up
2.0,0.13966058939695356,1e-07,up
2.2,0.3463359177112579,1e-07,up
2.4,0.23373983969213435,1e-07,up
2.6,0.3148067984730004,1e-07,up
2.8,0.3376049976795911,1e-07,up
3.0,0.36770123615860933,1e-07,up
3.2,0.33101610559970135,1e-07,up
3.4,0.34555000811815256,1e-07,up
3.6,0.08119679614901541,1e-07,up
3.8,0.3364739920943975,1e-07,up
4.0,0.2725527128204703,1e-07,up
4.2,0.36673543858341867,1e-07,up
4.4,0.26409493852406735,1e-07,up
4.6,0.30833506328053767,1e-07,up
4.8,0.3787429546937346,1e-07,up
5.0,0.45470910519361485,1e-07,up
5.2,0.39697195100598026,1e-07,up
5.4,0.5281982142478227,1e-07,up
5.6,0.2847251975908875,1e-07,up
5.8,0.40677380654960865,1e-07,up
6.0,0.48047174327075476,1e-07,up
6.2,0.532312394119799,1e-07,up
6.4,0.3537527900189161,1e-07,up
6.6,0.5661245929077267,1e-07,up
6.8,0.35223674774169916,1e-07,up
7.0,0.4280439279973506,1e-07,up
7.2,0.4014780893921851,1e-07,up
7.4,0.44246188178658474,1e-07,up
7.6,0.452397596091032,1e-07,up
7.8,0.431894214823842,1e-07,up
8.0,0.5417028218507766,1e-07,up
8.0,0.47127373144030565,1e-07,down
7.8,0.574462099932134,1e-07,down
7.6,0.47846582811325783,1e-07,down
7.4,0.5966456700116395,1e-07,down
7.2,0.5806701816618441,1e-07,down
7.0,0.6286550760269164,1e-07,down
6.8,0.4918918143957852,1e-07,down
6.6,0.6392145752906798,1e-07,down
6.4,0.5316128060221671,1e-07,down
6.2,0.5879428386688231,1e-07,down
6.0,0.3451882982626557,1e-07,down
5.8,0.4021305050700902,1e-07,down
5.6,0.4713487867265939,1e-07,down
5.4,0.20803444273769853,1e-07,down
5.2,0.41179741756059224,1e-07,down
5.0,0.37791896983981127,1e-07,down
4.8,0.1886445470154285,1e-07,down
4.6,0.308061609044671,1e-07,down
4.4,0.14466042816638944,1e-07,down
4.2,0.3619598960503935,1e-07,down
4.0,0.5108943879604338,1e-07,down
3.8,0.5766993407160043,1e-07,down
3.6,0.07437025941908358,1e-07,down
3.4,0.4615811110124922,1e-07,down
3.2,0.08408207260072229,1e-07,down
3.0,0.2036364991217851,1e-07,down
2.8,0.3766440879553556,1e-07,down
2.6,0.4779374096542596,1e-07,down
2.4,0.12036843225359914,1e-07,down
2.2,0.3653821907937526,1e-07,down
2.0,0.5064405072480439,1e-07,down
1.8,0.36914858594536776,1e-07,down
1.6,0.5062251053750514,1e-07,down
1.4,0.11073048040270803,1e-07,down
1.2,0.3130814731121063,1e-07,down
1.0,0.151972871273756,1e-07,down
0.8,0.17451450228691098,1e-07,down
0.6,0.57096229493618,1e-07,down
0.4,0.21022522449493405,1e-07,down
0.2,0.27585209347307676,1e-07,down
-0.0,0.1051562875509262,1e-07,down
-0.0,0.1051562875509262,1e-07,up
0.2,0.3545454088598489,1e-07,up
0.4,0.11504738405346869,1e-07,up
0.6,0.12898702686652538,1e-07,up
0.8,0.09525498980656265,1e-07,up
1.0,0.26338528841733927,1e-07,up
1.2,0.2123251246521249,1e-07,up
1.4,0.2158469436690211,1e-07,up
1.6,0.16446198942139742,1e-07,up
1.8,0.22613381873816246,1e-07,up
2.0,0.22138557070866222,1e-07,up
2.2,0.23680395632982248,1e-07,up
2.4,0.24218597868457434,1e-07,up
2.6,0.07445667730644344,1e-07,up
2.8,0.2122634216211736,1e-07,up
3.0,0.33936020825058216,1e-07,up
3.2,0.22147113922983405,1e-07,up
3.4,0.3587621538899838,1e-07,up
3.6,0.23623288981616491,1e-07,up
3.8,0.31171357631683344,1e-07,up
4.0,0.1677383407950401,1e-07,up
4.2,0.3628931819694116,1e-07,up
4.4,0.422731761354953,1e-07,up
4.6,0.28903145715594286,1e-07,up
4.8,0.4728843048214912,1e-07,up
5.0,0.4893778418190777,1e-07,up
5.2,0.5340309180319308,1e-07,up
5.4,0.6683133840560912,1e-07,up
5.6,0.15242595411837098,1e-07,up
5.8,0.2239662525244057,1e-07,up
6.0,0.3780696340836584,1e-07,up
6.2,0.43990020826458925,1e-07,up
6.4,0.5356084834784268,1e-07,up
6.6,0.33614143775776023,1e-07,up
6.8,0.5428272429853677,1e-07,up
7.0,0.5176737401634454,1e-07,up
7.2,0.5692035816609858,1e-07,up
7.4,0.6061562076210975,1e-07,up
7.6,0.4560962580144404,1e-07,up
7.8,0.5214663464576005,1e-07,up
8.0,0.5190429715439676,1e-07,up
8.0,0.49673239514231676,1e-07,down
7.8,0.5599390417337416,1e-07,down
7.6,0.45440364046953613,1e-07,down
7.4,0.4504531365819275,1e-07,down
7.2,0.6253436952829359,1e-07,down
7.0,0.5943868309259414,1e-07,down
6.8,0.3568407651036977,1e-07,down
6.6,0.4089071508496999,1e-07,down
6.4,0.3361135479062795,1e-07,down
6.2,0.5098667945712804,1e-07,down
6.0,0.2863284554332494,1e-07,down
5.8,0.37872855830937613,1e-07,down
5.6,0.35280529130250204,1e-07,down
5.4,0.229119561612606,1e-07,down
5.2,0.3471403345465659,1e-07,down
5.0,0.2825305247679352,1e-07,down
4.8,0.3022807739907875,1e-07,down
4.6,0.19674820743966845,1e-07,down
4.4,0.34612118080258364,1e-07,down
4.2,0.30553160235285753,1e-07,down
4.0,0.4070821460336446,1e-07,down
3.8,0.3356193425133824,1e-07,down
3.6,0.11731003737077114,1e-07,down
3.4,0.34774247556924814,1e-07,down
3.2,0.28564157430082554,1e-07,down
3.0,0.4053902551531791,1e-07,down
2.8,0.3723016753792762,1e-07,down
2.6,0.51183068100363,1e-07,down
2.4,0.27508193440735335,1e-07,down
2.2,0.3515384830534458,1e-07,down
2.0,0.06052751094102858,1e-07,down
1.8,0.3918894305825233,1e-07,down
1.6,0.12011201586574313,1e-07,down
1.4,0.3769392985850572,1e-07,down
1.2,0.21837675757706163,1e-07,down
1.0,0.07432506419718264,1e-07,down
0.8,0.3560911137610673,1e-07,down
0.6,0.15254649030975995,1e-07,down
0.4,0.13433543406426904,1e-07,down
0.2,0.3177922656759619,1e-07,down
-0.0,0.09763907641172406,1e-07,down
-0.0,0.09763907641172406,1e-07,up
0.2,0.24372085183858866,1e-07,up
0.4,0.3485108204185962,1e-07,up
0.6,0.05176600068807601,1e-07,up
0.8,0.19888291950337586,1e-07,up
1.0,0.23181739868596193,1e-07,up
1.2,0.21835211469442578,1e-07,up
1.4,-0.013592564500868327,1e-07,up
1.6,0.24233836249914018,1e-07,up
1.8,-0.007843073923140768,1e-07,up
2.0,0.1777220284566283,1e-07,up
2.2,0.23842105641961092,1e-07,up
2.4,0.3115249220281839,1e-07,up
2.6,0.04723626654595135,1e-07,up
2.8,0.1633775789523497,1e-07,up
3.0,0.21101316646672783,1e-07,up
3.2,0.4534522297326475,1e-07,up
3.4,0.11797851836308836,1e-07,up
3.6,0.17912192083895204,1e-07,up
3.8,0.31054620724171395,1e-07,up
4.0,0.3972496250644325,1e-07,up
4.2,0.3451303546316921,1e-07,up
4.4,0.25622589362319553,1e-07,up
4.6,0.34150146506726736,1e-07,up
4.8,0.31974040344357485,1e-07,up
5.0,0.42843162827193726,1e-07,up
5.2,0.40067464858293533,1e-07,up
5.4,0.21867545694112772,1e-07,up
5.6,0.5567880067974328,1e-07,up
5.8,0.491238547489047,1e-07,up
6.0,0.2944418189581483,1e-07,up
6.2,0.35401697689667344,1e-07,up
6.4,0.5038683181628584,1e-07,up
6.6,0.5238105710595845,1e-07,up
6.8,0.49168040463700885,1e-07,up
7.0,0.49812835454940785,1e-07,up
7.2,0.5689636124297975,1e-07,up
7.4,0.43088719993829716,1e-07,up
7.6,0.5701324250549078,1e-07,up
7.8,0.5614376689773052,1e-07,up
8.0,0.5255488716065883,1e-07,up
8.0,0.4755057943984865,1e-07,down
7.8,0.4754242219496517,1e-07,down
7.6,0.564503364264965,1e-07,down
7.4,0.6027893517166375,1e-07,down
7.2,0.5074190287850796,1e-07,down
7.0,0.4800753551535307,1e-07,down
6.8,0.43180161993950594,1e-07,down
6.6,0.6091592153534292,1e-07,down
6.4,0.4093215391039847,1e-07,down
6.2,0.32993809133768076,1e-07,down
6.0,0.2368201315402984,1e-07,down
5.8,0.5414846371859311,1e-07,down
5.6,0.3801385387778281,1e-07,down
5.4,0.27500037103891367,1e-07,down
5.2,0.45203284732997406,1e-07,down
5.0,0.21081610210239884,1e-07,down
4.8,0.40695290267467493,1e-07,down
4.6,0.13383906334638593,1e-07,down
4.4,0.3237925483845174,1e-07,down
4.2,0.4169967658817767,1e-07,down
4.0,0.1671589314937591,1e-07,down
3.8,0.2006632089614868,1e-07,down
3.6,0.3509165626019239,1e-07,down
3.4,0.2545828521251678,1e-07,down
3.2,0.07305282913148402,1e-07,down
3.0,0.2247342988848686,1e-07,down
2.8,0.2387976052705198,1e-07,down
2.6,0.3704836089164018,1e-07,down
2.4,0.48500670620705927,1e-07,down
2.2,0.48841411620378483,1e-07,down
2.0,0.40788232721388334,1e-07,down
1.8,0.039953069761395434,1e-07,down
1.6,0.39917565695941437,1e-07,down
1.4,0.2890016939491033,1e-07,down
1.2,0.399533987045288,1e-07,down
1.0,0.3762745716376229,1e-07,down
0.8,0.28497483208775515,1e-07,down
0.6,0.4388500060886144,1e-07,down
0.4,0.5746646523475646,1e-07,down
0.2,0.2006463091820478,1e-07,down
-0.0,0.3489268282428383,1e-07,down
-0.0,0.3489268282428383,1e-07,up
0.2,0.44155090209096665,1e-07,up
0.4,0.31311604101210827,1e-07,up
0.6,0.060816569253802286,1e-07,up
0.8,0.4526758268475532,1e-07,up
1.0,0.3009277647361159,1e-07,up
1.2,0.22775162616744632,1e-07,up
1.4,0.1645818813703954,1e-07,up
1.6,0.4357517603784799,1e-07,up
1.8,0.33081190474331373,1e-07,up
2.0,0.167081139748916,1e-07,up
2.2,0.36619367823004717,1e-07,up
2.4,0.22892382368445394,1e-07,up
2.6,0.307532493956387,1e-07,up
2.8,0.19077004352584478,1e-07,up
3.0,0.2908750586211681,1e-07,up
3.2,0.10614612791687247,1e-07,up
3.4,0.291148067015456,1e-07,up
3.6,0.09265905339270829,1e-07,up
3.8,0.329309657216072,1e-07,up
4.0,0.3879124894738197,1e-07,up
4.2,0.41704008542001236,1e-07,up
4.4,0.20829462213441727,1e-07,up
4.6,0.30727459676563734,1e-07,up
4.8,0.5570964058861135,1e-07,up
5.0,0.4189670346677302,1e-07,up
5.2,0.2654535435140133,1e-07,up
5.4,0.5421864613890648,1e-07,up
5.6,0.4596338953124358,1e-07,up
5.8,0.358777143061161,1e-07,up
6.0,0.578763635829091,1e-07,up
6.2,0.4640383385121821,1e-07,up
6.4,0.5965628214180468,1e-07,up
6.6,0.6799361137673258,1e-07,up
6.8,0.32696800166741014,1e-07,up
7.0,0.5649056807160376,1e-07,up
7.2,0.6046383511275052,1e-07,up
7.4,0.5068836892023681,1e-07,up
7.6,0.4501781710423528,1e-07,up
7.8,0.5527037158608435,1e-07,up
8.0,0.537969070021063,1e-07,up
8.0,0.5603066096082329,1e-07,down
7.8,0.44196059554815287,1e-07,down
7.6,0.5859081190428695,1e-07,down
7.4,0.4953949209302663,1e-07,down
7.2,0.37720657838508476,1e-07,down
7.0,0.42608936317265034,1e-07,down
6.8,0.6561079025268554,1e-07,down
6.6,0.35073441267013544,1e-07,down
6.4,0.4344840571284294,1e-07,down
6.2,0.35651499498635525,1e-07,down
6.0,0.28857575333677227,1e-07,down
5.8,0.2843715706840157,1e-07,down
5.6,0.6134938038885593,1e-07,down
5.4,0.34620433300733555,1e-07,down
5.2,0.3533908277750015,1e-07,down
5.0,0.2573395259678363,1e-07,down
4.8,0.2630623690783977,1e-07,down
4.6,0.26792752265464514,1e-07,down
4.4,0.3946341518312692,1e-07,down
4.2,0.22502751462161538,1e-07,down
4.0,0.26480459794402117,1e-07,down
3.8,0.17632355587556955,1e-07,down
3.6,0.07681348233018069,1e-07,down
3.4,0.2761918799951672,1e-07,down
3.2,0.38691489025950426,1e-07,down
3.0,-0.023357182741165165,1e-07,down
2.8,0.39054761454462994,1e-07,down
2.6,0.5563330966979264,1e-07,down
2.4,0.48822137014940375,1e-07,down
2.2,0.47605092450976366,1e-07,down
2.0,-0.04023813828825951,1e-07,down
1.8,0.41401618719100947,1e-07,down
1.6,0.015577060636132954,1e-07,down
1.4,0.385983109474182,1e-07,down
1.2,-0.02805200032889844,1e-07,down
1.0,0.16583438031375405,1e-07,down
0.8,0.10715431952849028,1e-07,down
0.6,0.4099080339074134,1e-07,down
0.4,0.013775181490927931,1e-07,down
0.2,0.35321814008057106,1e-07,down
-0.0,0.31802037358283997,1e-07,down
-0.0,0.31802037358283997,1e-07,up
0.2,-0.10299184918403624,1e-07,up
0.4,0.26249305903911585,1e-07,up
0.6,0.4968935083597898,1e-07,up
0.8,0.3560678102076053,1e-07,up
1.0,-0.0537201315164566,1e-07,up
1.2,0.08059879578649994,1e-07,up
1.4,0.021842896938323968,1e-07,up
1.6,0.3189731612801551,1e-07,up
1.8,-0.057235807180404656,1e-07,up
2.0,0.12917594797909257,1e-07,up
2.2,0.4701420781202613,1e-07,up
2.4,-0.018412157893180854,1e-07,up
2.6,0.2892758343368768,1e-07,up
2.8,0.5445001833140849,1e-07,up
3.0,0.48594946227967734,1e-07,up
3.2,0.47956932522356505,1e-07,up
3.4,0.466249263845384,1e-07,up
3.6,0.5028321072459221,1e-07,up
3.8,0.5196747155860065,1e-07,up
4.0,0.05484499130398032,1e-07,up
4.2,0.25265734829008574,1e-07,up
4.4,0.29134500399231905,1e-07,up
4.6,0.2975345086306333,1e-07,up
4.8,0.10680518299341199,1e-07,up
5.0,0.37954659201204766,1e-07,up
5.2,0.3486189246177672,1e-07,up
5.4,0.20827957987785337,1e-07,up
5.6,0.48548474535346026,1e-07,up
5.8,0.47345285303890694,1e-07,up
6.0,0.4326281286776065,1e-07,up
6.2,0.5182347996160387,1e-07,up
6.4,0.4587297588586806,1e-07,up
6.6,0.39914617687463755,1e-07,up
6.8,0.415192324668169,1e-07,up
7.0,0.5554984658956527,1e-07,up
7.2,0.5530356233939527,1e-07,up
7.4,0.5723524782806634,1e-07,up
7.6,0.4623554325662552,1e-07,up
7.8,0.5081062205135821,1e-07,up
8.0,0.5644931764691136,1e-07,up
8.0,0.457833794876933,1e-07,down
7.8,0.4126476906239986,1e-07,down
7.6,0.4084866670891642,1e-07,down
7.4,0.5700685176998376,1e-07,down
7.2,0.523592598736286,1e-07,down
7.0,0.5276327617466449,1e-07,down
6.8,0.46649786829948414,1e-07,down
6.6,0.55725459754467,1e-07,down
6.4,0.523356333374977,1e-07,down
6.2,0.18998510949313638,1e-07,down
6.0,0.36222494486719364,1e-07,down
5.8,0.42707348987460125,1e-07,down
5.6,0.46542577072978003,1e-07,down
5.4,0.5449722548946737,1e-07,down
5.2,0.47647069394588465,1e-07,down
5.0,0.490830898284912,1e-07,down
4.8,0.05022457800805567,1e-07,down
4.6,0.30364907206967473,1e-07,down
4.4,0.5134766176342963,1e-07,down
4.2,0.5171947665512561,1e-07,down
4.0,0.004733698442578317,1e-07,down
3.8,0.3993454232695512,1e-07,down
3.6,0.4645225330605171,1e-07,down
3.4,0.08954173140227793,1e-07,down
3.2,0.24428351968526832,1e-07,down
3.0,0.21594066265970463,1e-07,down
2.8,0.3189393845386802,1e-07,down
2.6,0.46516144950874144,1e-07,down
2.4,0.044977231882512556,1e-07,down
2.2,0.2116229059174656,1e-07,down
2.0,0.3702318570576607,1e-07,down
1.8,-0.005972008220851421,1e-07,down
1.6,0.22115545487031335,1e-07,down
1.4,0.19100181479006997,1e-07,down
1.2,0.4013156564906239,1e-07,down
1.0,0.015494996681809422,1e-07,down
0.8,0.08297856152057645,1e-07,down
0.6,0.5629472583532332,1e-07,down
0.4,0.5916024334728718,1e-07,down
0.2,-0.13975619897246358,1e-07,down
-0.0,0.46867335774004454,1e-07,down
-0.0,0.46867335774004454,1e-07,up
0.2,0.7269707806408404,1e-07,up
0.4,-0.06662604212760925,1e-07,up
0.6,0.5998064801096915,1e-07,up
0.8,0.5987015664577484,1e-07,up
1.0,-0.2537240087985992,1e-07,up
1.2,0.45381200313568104,1e-07,up
1.4,-0.2524555996060371,1e-07,up
1.6,-0.1529000997543335,1e-07,up
1.8,0.5389629639685154,1e-07,up
2.0,0.5994154810905455,1e-07,up
2.2,0.5236673764884472,1e-07,up
2.4,-0.16083056316711009,1e-07,up
2.6,0.43587200529873366,1e-07,up
2.8,0.5933019928634166,1e-07,up
3.0,0.5429434850811957,1e-07,up
3.2,0.6140685863792895,1e-07,up
3.4,-0.09821503236889838,1e-07,up
3.6,-0.01104919984936716,1e-07,up
3.8,0.4261108408682047,1e-07,up
4.0,0.5918174535036086,1e-07,up
4.2,-0.11318732611835003,1e-07,up
4.4,0.5546007584780454,1e-07,up
4.6,0.5396503657102584,1e-07,up
4.8,0.6661418620496987,1e-07,up
5.0,0.5983672877773641,1e-07,up
5.2,0.6700600646436213,1e-07,up
5.4,0.06209363788366316,1e-07,up
5.6,0.2244132980704307,1e-07,up
5.8,0.1985294413752853,1e-07,up
6.0,0.4638449230697005,1e-07,up
6.2,0.6588496449403465,1e-07,up
6.4,0.20272786729037756,1e-07,up
6.6,0.500980011129286,1e-07,up
6.8,0.2795651219785213,1e-07,up
7.0,0.4203265253454447,1e-07,up
7.2,0.529399313032627,1e-07,up
7.4,0.5576671278104185,1e-07,up
7.6,0.5318813957273959,1e-07,up
7.8,0.3755690220568794,1e-07,up
8.0,0.464350483380258,1e-07,up
8.0,0.4776969864033162,1e-07,down
7.8,0.5308801736682652,1e-07,down
7.6,0.5384757863357662,1e-07,down
7.4,0.583847191184759,1e-07,down
7.2,0.5082083176821469,1e-07,down
7.0,0.43413395434617996,1e-07,down
6.8,0.4397221095860004,1e-07,down
6.6,0.33130411431193346,1e-07,down
6.4,0.3261465467512607,1e-07,down
6.2,0.2995124943554401,1e-07,down
6.0,0.5478314906358718,1e-07,down
5.8,0.37016716785728926,1e-07,down
5.6,0.3757505174726247,1e-07,down
5.4,0.42280454374849785,1e-07,down
5.2,0.4495270457118749,1e-07,down
5.0,0.2439882969483733,1e-07,down
4.8,0.3123580793035216,1e-07,down
4.6,0.2802024933043867,1e-07,down
4.4,0.37566146440804,1e-07,down
4.2,0.45350678835529823,1e-07,down
4.0,0.18245270894840357,1e-07,down
3.8,0.31569511815905565,1e-07,down
3.6,0.3223175797611475,1e-07,down
3.4,0.3790519437752663,1e-07,down
3.2,0.47237449791282404,1e-07,down
3.0,0.5036650896072387,1e-07,down
2.8,0.20773440971970553,1e-07,down
2.6,0.2315493300557136,1e-07,down
2.4,0.33850364387035364,1e-07,down
2.2,0.43463372997939576,1e-07,down
2.0,0.545668956125155,1e-07,down
1.8,0.09822331741452216,1e-07,down
1.6,0.4075381681323051,1e-07,down
1.4,0.03529018908739089,1e-07,down
1.2,0.5219218544661998,1e-07,down
1.0,0.3087787709664553,1e-07,down
0.8,0.436355847865343,1e-07,down
0.6,0.2360764723271131,1e-07,down
0.4,0.24060068838298315,1e-07,down
0.2,0.21610416471958158,1e-07,down
-0.0,0.34746874682605255,1e-07,down
-0.0,0.34746874682605255,1e-07,up
0.2,0.3696021316573024,1e-07,up
0.4,0.03275013854727147,1e-07,up
0.6,0.12275958620011804,1e-07,up
0.8,0.08347498625516887,1e-07,up
1.0,0.2939916120376438,1e-07,up
1.2,0.3724080133251845,1e-07,up
1.4,0.38374914601445187,1e-07,up
1.6,0.016775566153228273,1e-07,up
1.8,0.2802702095359563,1e-07,up
2.0,-0.019174594432115555,1e-07,up
2.2,0.19989770650863645,1e-07,up
2.4,0.3782096523791551,1e-07,up
2.6,0.0780555885285139,1e-07,up
2.8,0.23745340481400484,1e-07,up
3.0,0.4223129944875836,1e-07,up
3.2,0.07433570921421048,1e-07,up
3.4,0.24255292769521472,1e-07,up
3.6,0.2927909912541508,1e-07,up
3.8,0.3868623953312635,1e-07,up
4.0,0.2076070290058851,1e-07,up
4.2,0.41154035879299034,1e-07,up
4.4,0.3400908485054969,1e-07,up
4.6,0.22128178179264063,1e-07,up
4.8,0.3682305552065372,1e-07,up
5.0,0.21539010852575297,1e-07,up
5.2,0.388384535908699,1e-07,up
5.4,0.5613339710980653,1e-07,up
5.6,0.14339640922844407,1e-07,up
5.8,0.42624920140951866,1e-07,up
6.0,0.13983024097979066,1e-07,up
6.2,0.3963215071707963,1e-07,up
6.4,0.4336076863110065,1e-07,up
6.6,0.698533147573471,1e-07,up
6.8,0.359084028750658,1e-07,up
7.0,0.4585142489522695,1e-07,up
7.2,0.4184501431882381,1e-07,up
7.4,0.6043114606291055,1e-07,up
7.6,0.5136671736836432,1e-07,up
7.8,0.47759654186666,1e-07,up
8.0,0.4631805811077356,1e-07,up
8.0,0.5162419881671666,1e-07,down
7.8,0.525011550169438,1e-07,down
7.6,0.58566952124238,1e-07,down
7.4,0.5607555042952298,1e-07,down
7.2,0.443716874346137,1e-07,down
7.0,0.42690303537528956,1e-07,down
6.8,0.36734450515359635,1e-07,down
6.6,0.5374200306832789,1e-07,down
6.4,0.44728311896324147,1e-07,down
6.2,0.5396523545496166,1e-07,down
6.0,0.2828045124188065,1e-07,down
5.8,0.46432407945394505,1e-07,down
5.6,0.407600937411189,1e-07,down
5.4,0.47683329437859345,1e-07,down
5.2,0.39932887349277724,1e-07,down
5.0,0.49221705447416747,1e-07,down
4.8,0.27137196436524386,1e-07,down
4.6,0.3982689306139945,1e-07,down
4.4,0.376328382641077,1e-07,down
4.2,0.40355117851868266,1e-07,down
4.0,0.4314296720549463,1e-07,down
3.8,0.44784687366336573,1e-07,down
3.6,0.22473326697945592,1e-07,down
3.4,0.2582114599645137,1e-07,down
3.2,0.2409025505185127,1e-07,down
3.0,0.5504194637760519,1e-07,down
2.8,-0.027245419099926952,1e-07,down
2.6,0.4946485385298728,1e-07,down
2.4,-0.09553896635770798,1e-07,down
2.2,0.2179351635277271,1e-07,down
2.0,0.12591080646961925,1e-07,down
1.8,0.42944308789446944,1e-07,down
1.6,0.5727002257481217,1e-07,down
1.4,0.6829605447128414,1e-07,down
1.2,0.4795729033648967,1e-07,down
1.0,-0.027506016194820408,1e-07,down
0.8,0.17130665387958285,1e-07,down
0.6,0.4398420304059981,1e-07,down
0.4,0.5650079437182284,1e-07,down
0.2,0.6182795483618974,1e-07,down
-0.0,0.05164272245019673,1e-07,down
-0.0,0.05164272245019673,1e-07,up
0.2,0.43090572394430626,1e-07,up
0.4,0.007096052169799792,1e-07,up
0.6,0.328521410934627,1e-07,up
0.8,0.44733736803755164,1e-07,up
1.0,0.05310074985027311,1e-07,up
1.2,0.10271445289254186,1e-07,up
1.4,0.1501403078436851,1e-07,up
1.6,0.27119854837656016,1e-07,up
1.8,0.4349032808095216,1e-07,up
2.0,0.38841126114130015,1e-07,up
2.2,-0.02717966586351395,1e-07,up
2.4,0.28161575645208353,1e-07,up
2.6,-0.016643099486827857,1e-07,up
2.8,0.3422544077038764,1e-07,up
3.0,0.0752327889204025,1e-07,up
3.2,0.385541945695877,1e-07,up
3.4,-0.03730136901140212,1e-07,up
3.6,0.3653395920991897,1e-07,up
3.8,0.5967366490513085,1e-07,up
4.0,0.4972216878086328,1e-07,up
4.2,0.6778728440403936,1e-07,up
4.4,0.531861682422459,1e-07,up
4.6,0.6623184429481624,1e-07,up
4.8,0.548184249550104,1e-07,up
5.0,0.08388582244515418,1e-07,up
5.2,0.26899008546024555,1e-07,up
5.4,0.27545140683650965,1e-07,up
5.6,0.3050799518823623,1e-07,up
5.8,0.16418943554162976,1e-07,up
6.0,0.36572667956352234,1e-07,up
6.2,0.25433326512575144,1e-07,up
6.4,0.3666495829820632,1e-07,up
6.6,0.586781536694616,1e-07,up
6.8,0.3460212750360369,1e-07,up
7.0,0.38291913457214827,1e-07,up
7.2,0.40331867709755886,1e-07,up
7.4,0.5763218197971581,1e-07,up
7.6,0.5500245047733187,1e-07,up
7.8,0.4694791701622306,1e-07,up
8.0,0.46206561382859934,1e-07,up
8.0,0.5073094898834823,1e-07,down
7.8,0.43668235931545485,1e-07,down
7.6,0.4695069100707769,1e-07,down
7.4,0.4371575489640235,1e-07,down
7.2,0.671538909897208,1e-07,down
7.0,0.6217399183660745,1e-07,down
6.8,0.5953143127262591,1e-07,down
6.6,0.45151170529425133,1e-07,down
6.4,0.37304215505719174,1e-07,down
6.2,0.3899771589785814,1e-07,down
6.0,0.543359426781535,1e-07,down
5.8,0.5860122330486773,1e-07,down
5.6,0.5880288071930407,1e-07,down
5.4,0.28351554274559015,1e-07,down
5.2,0.5230455882847308,1e-07,down
5.0,0.445068210363388,1e-07,down
4.8,0.6521469595027155,1e-07,down
4.6,0.5715741030871867,1e-07,down
4.4,0.23319441080093378,1e-07,down
4.2,0.36961895227432245,1e-07,down
4.0,0.2610168827231973,1e-07,down
3.8,0.19877364649437362,1e-07,down
3.6,0.2817540331743657,1e-07,down
3.4,0.20648922026157376,1e-07,down
3.2,0.2299500936642289,1e-07,down
3.0,0.1600604737177491,1e-07,down
2.8,0.6186152966693043,1e-07,down
2.6,0.5149723757058381,1e-07,down
2.4,0.43047058489173645,1e-07,down
2.2,0.3713934540282934,1e-07,down
2.0,0.28220892231911415,1e-07,down
1.8,0.23989952914416787,1e-07,down
1.6,0.22017705324105913,1e-07,down
1.4,0.23621206171810621,1e-07,down
1.2,0.33162822411395604,1e-07,down
1.0,0.513571249321103,1e-07,down
0.8,0.5342268720269202,1e-07,down
0.6,0.5165856536477803,1e-07,down
0.4,0.10979017661884424,1e-07,down
0.2,0.3542428535874932,1e-07,down
-0.0,0.2993229459971189,1e-07,down
-0.0,0.2993229459971189,1e-07,up
0.2,0.06577835604548453,1e-07,up
0.4,0.19577556848525998,1e-07,up
0.6,0.08953642100095748,1e-07,up
0.8,0.2044556066393852,1e-07,up
1.0,0.0689445100724697,1e-07,up
1.2,0.23035890562459824,1e-07,up
1.4,0.18188815657049412,1e-07,up
1.6,0.319991186261177,1e-07,up
1.8,0.14487005956470964,1e-07,up
2.0,0.20637252926826471,1e-07,up
2.2,0.06801028549671172,1e-07,up
2.4,0.2165665933862328,1e-07,up
2.6,0.2230265953112393,1e-07,up
2.8,0.25146134337410325,1e-07,up
3.0,0.3404492138070053,1e-07,up
3.2,0.14726286282530052,1e-07,up
3.4,0.3222589879296719,1e-07,up
3.6,0.3655113091226666,1e-07,up
3.8,0.4431020040065049,1e-07,up
4.0,0.1708883144892752,1e-07,up
4.2,0.3164830433670431,1e-07,up
4.4,0.342426924034953,1e-07,up
4.6,0.19436938315629954,1e-07,up
4.8,0.3541654963046311,1e-07,up
5.0,0.2644422482699155,1e-07,up
5.2,0.3762098555453121,1e-07,up
5.4,0.41353140957653517,1e-07,up
5.6,0.5053211171180009,1e-07,up
5.8,0.20178792439401144,1e-07,up
6.0,0.44493112526834006,1e-07,up
6.2,0.179717777762562,1e-07,up
6.4,0.45597853884100903,1e-07,up
6.6,0.7115957364439964,1e-07,up
6.8,0.32159079238772387,1e-07,up
7.0,0.45853613317012776,1e-07,up
7.2,0.38443754613399495,1e-07,up
7.4,0.4744130875915288,1e-07,up
7.6,0.6025576815009116,1e-07,up
7.8,0.47503252699971193,1e-07,up
8.0,0.47809471469372505,1e-07,up
8.0,0.4598089326173066,1e-07,down
7.8,0.5165950125083326,1e-07,down
7.6,0.5585474260151385,1e-07,down
7.4,0.5735979778692125,1e-07,down
7.2,0.46494803577661503,1e-07,down
7.0,0.4732437543570994,1e-07,down
6.8,0.43226825818419445,1e-07,down
6.6,0.6188494986854491,1e-07,down
6.4,0.4182621338404714,1e-07,down
6.2,0.7006163727492093,1e-07,down
6.0,0.39539396762847895,1e-07,down
5.8,0.5742633808404206,1e-07,down
5.6,0.46015081554651244,1e-07,down
5.4,0.6001915745437144,1e-07,down
5.2,0.4336113878525793,1e-07,down
5.0,0.2740321714663877,1e-07,down
4.8,0.3394019133411347,1e-07,down
4.6,0.5564590841531752,1e-07,down
4.4,0.5486678108572959,1e-07,down
4.2,0.6083316449075936,1e-07,down
4.0,0.6984510994516312,1e-07,down
3.8,0.6123832338489591,1e-07,down
3.6,0.7062117923051118,1e-07,down
3.4,0.17739238590002057,1e-07,down
3.2,0.3701573163270949,1e-07,down
3.0,0.3698650989681482,1e-07,down
2.8,0.3253066726028918,1e-07,down
2.6,0.29879331775009627,1e-07,down
2.4,0.17604202963411805,1e-07,down
2.2,0.31854420900344843,1e-07,down
2.0,0.06742019951343535,1e-07,down
1.8,0.25090646836906666,1e-07,down
1.6,0.3462097277351858,1e-07,down
1.4,0.28249023295938963,1e-07,down
1.2,0.2908025681972503,1e-07,down
1.0,0.555304612033069,1e-07,down
0.8,0.5320635838434099,1e-07,down
0.6,0.144922737032175,1e-07,down
0.4,0.5020611477084457,1e-07,down
0.2,0.21043403074145314,1e-07,down
-0.0,0.41813426092267025,1e-07,down
-0.0,0.41813426092267025,1e-07,up
0.2,0.2554647284559905,1e-07,up
0.4,0.27642237977124745,1e-07,up
0.6,0.2760030573699623,1e-07,up
0.8,0.18875072523951528,1e-07,up
1.0,0.14890000410377977,1e-07,up
1.2,0.3796418737620114,1e-07,up
1.4,0.36430455930531014,1e-07,up
1.6,0.2557250149548053,1e-07,up
1.8,0.35927218012511725,1e-07,up
2.0,0.25180055573582644,1e-07,up
2.2,0.2429958842694759,1e-07,up
2.4,0.33349189255386585,1e-07,up
2.6,0.392013257369399,1e-07,up
2.8,0.40460675349459047,1e-07,up
3.0,0.3679503165185451,1e-07,up
3.2,0.4456232730299234,1e-07,up
3.4,0.14644304290413854,1e-07,up
3.6,0.30473906174302096,1e-07,up
3.8,0.35054060071706766,1e-07,up
4.0,0.10271125286817548,1e-07,up
4.2,0.4685634861816651,1e-07,up
4.4,0.39505158737301815,1e-07,up
4.6,0.35510465502738947,1e-07,up
4.8,0.6165772844105958,1e-07,up
5.0,0.634218349121511,1e-07,up
5.2,0.658512070775032,1e-07,up
5.4,0.23725298326462502,1e-07,up
5.6,0.22979828715324394,1e-07,up
5.8,0.4078915324062108,1e-07,up
6.0,0.6197232496924697,1e-07,up
6.2,0.2865856755524873,1e-07,up
6.4,0.48505644500255574,1e-07,up
6.6,0.5414201749954372,1e-07,up
6.8,0.5807619572951807,1e-07,up
7.0,0.5864012409001588,1e-07,up
7.2,0.5337186185643076,1e-07,up
7.4,0.5210446920245885,1e-07,up
7.6,0.42794885858893383,1e-07,up
7.8,0.4833571780472993,1e-07,up
8.0,0.41525124013423914,1e-07,up
8.0,0.46394289284944523,1e-07,down
7.8,0.5655656526214442,1e-07,down
7.6,0.5401406232267617,1e-07,down
7.4,0.5821703788824378,1e-07,down
7.2,0.5298612099140881,1e-07,down
7.0,0.4225635156035423,1e-07,down
6.8,0.4498367756605148,1e-07,down
6.6,0.37071404606103886,1e-07,down
6.4,0.38332875072956074,1e-07,down
6.2,0.36655342578887934,1e-07,down
6.0,0.30400109291076655,1e-07,down
5.8,0.28977073729038233,1e-07,down
5.6,0.2831802517175674,1e-07,down
5.4,0.257213681936264,1e-07,down
5.2,0.2894675806164741,1e-07,down
5.0,0.25863161683082575,1e-07,down
4.8,0.528853338677436,1e-07,down
4.6,0.43116667773574585,1e-07,down
4.4,0.3405428677797317,1e-07,down
4.2,0.4402048103511333,1e-07,down
4.0,0.3172301203012466,1e-07,down
3.8,0.40176234021782864,1e-07,down
3.6,0.29431814979761833,1e-07,down
3.4,0.25758021324872965,1e-07,down
3.2,0.11207586899399755,1e-07,down
3.0,0.307912778109312,1e-07,down
2.8,0.17446547746658322,1e-07,down
2.6,0.37741198390722264,1e-07,down
2.4,0.3194079957902431,1e-07,down
2.2,0.2486286601051688,1e-07,down
2.0,0.4166801953688263,1e-07,down
1.8,0.23391404084395612,1e-07,down
1.6,0.3120009824633598,1e-07,down
1.4,0.44129609782248724,1e-07,down
1.2,0.12105024605989455,1e-07,down
1.0,0.3726314194500446,1e-07,down
0.8,0.5262949182651936,1e-07,down
0.6,0.019047677516937242,1e-07,down
0.4,0.20589496940374372,1e-07,down
0.2,0.22099727671593422,1e-07,down
-0.0,0.34207882359623903,1e-07,down
-0.0,0.34207882359623903,1e-07,up
0.2,0.017561451531946645,1e-07,up
0.4,0.19294655881822106,1e-07,up
0.6,0.2902545812539756,1e-07,up
0.8,0.15748531185090542,1e-07,up
1.0,0.22627566568553445,1e-07,up
1.2,0.17316770413890478,1e-07,up
1.4,0.0976144274463877,1e-07,up
1.6,0.2107190550304949,1e-07,up
1.8,0.37810863927006716,1e-07,up
2.0,0.3433286035433411,1e-07,up
2.2,0.36217029020190233,1e-07,up
2.4,0.12131840363144873,1e-07,up
2.6,0.25019960105419153,1e-07,up
2.8,0.3050376791507005,1e-07,up
3.0,0.37255147937685246,1e-07,up
3.2,0.4252317184582352,1e-07,up
3.4,0.09133112058043477,1e-07,up
3.6,0.2341721761040389,1e-07,up
3.8,0.37659651972353453,1e-07,up
4.0,0.23767024930566544,1e-07,up
4.2,0.3695083409547805,1e-07,up
4.4,0.39821884408593167,1e-07,up
4.6,0.5602297298610209,1e-07,up
4.8,0.47168080322444433,1e-07,up
5.0,0.5805810457095503,1e-07,up
5.2,0.10915555059909819,1e-07,up
5.4,0.3903266247361898,1e-07,up
5.6,0.33567298948764795,1e-07,up
5.8,0.5316522361245005,1e-07,up
6.0,0.33350342139601696,1e-07,up
6.2,0.49348422139883036,1e-07,up
6.4,0.3284438028931617,1e-07,up
6.6,0.35118080675601954,1e-07,up
6.8,0.38998242467641825,1e-07,up
7.0,0.5209407564252614,1e-07,up
7.2,0.523641226813197,1e-07,up
7.4,0.5309131368994712,1e-07,up
7.6,0.4545264663174748,1e-07,up
7.8,0.5192288644611834,1e-07,up
8.0,0.43721139803528775,1e-07,up
8.0,0.48468110710382456,1e-07,down
7.8,0.5320670960936694,1e-07,down
7.6,0.46759622916579235,1e-07,down
7.4,0.5119475089013575,1e-07,down
7.2,0.4619444063864648,1e-07,down
7.0,0.4075156906619667,1e-07,down
6.8,0.34897047653794283,1e-07,down
6.6,0.6521064564585685,1e-07,down
6.4,0.5775679126381873,1e-07,down
6.2,0.33117378503084177,1e-07,down
6.0,0.3587618488818406,1e-07,down
5.8,0.5934478938579558,1e-07,down
5.6,0.23312170617282385,1e-07,down
5.4,0.23688394203782076,1e-07,down
5.2,0.5231855940073727,1e-07,down
5.0,0.24255623621866104,1e-07,down
4.8,0.3267719773575663,1e-07,down
4.6,0.3506508264690637,1e-07,down
4.4,0.1820953134447336,1e-07,down
4.2,0.30799890754133225,1e-07,down
4.0,0.18435017485171554,1e-07,down
3.8,0.3243182036094367,1e-07,down
3.6,0.18942414969205854,1e-07,down
3.4,0.2947639790363609,1e-07,down
3.2,0.2679019310453441,1e-07,down
3.0,0.36394243338145305,1e-07,down
2.8,0.1189751178026199,1e-07,down
2.6,0.3070713551715016,1e-07,down
2.4,-0.013002235442399979,1e-07,down
2.2,0.22586282333941196,1e-07,down
2.0,0.39828232675790776,1e-07,down
1.8,0.008946765214204785,1e-07,down
1.6,0.2996370904147625,1e-07,down
1.4,0.01462619006633758,1e-07,down
1.2,0.3115236880257725,1e-07,down
1.0,0.48796479403972615,1e-07,down
0.8,0.1163249015808105,1e-07,down
0.6,0.23032313399016852,1e-07,down
0.4,0.45403322950005526,1e-07,down
0.2,0.5144863091409205,1e-07,down
-0.0,0.36528572626411915,1e-07,down
-0.0,0.36528572626411915,1e-07,up
0.2,0.03141114674508571,1e-07,up
0.4,0.3382922206073999,1e-07,up
0.6,0.32371328840963537,1e-07,up
0.8,0.048632847610861056,1e-07,up
1.0,0.19121374282985923,1e-07,up
1.2,0.10433685337193309,1e-07,up
1.4,0.13889160472899673,1e-07,up
1.6,0.09109885990619658,1e-07,up
1.8,0.1655018451856449,1e-07,up
2.0,0.18512994144111866,1e-07,up
2.2,0.26998567814007396,1e-07,up
2.4,0.19825101247988638,1e-07,up
2.6,0.2525623998371884,1e-07,up
2.8,0.18310028640553352,1e-07,up
3.0,0.1512046136485878,1e-07,up
3.2,0.34083633124828333,1e-07,up
3.4,0.29826785344630474,1e-07,up
3.6,0.12704506143927574,1e-07,up
3.8,0.3606899539008736,1e-07,up
4.0,0.1780592254363,1e-07,up
4.2,0.28506251377984876,1e-07,up
4.4,0.28162683872506017,1e-07,up
4.6,0.3223006189800799,1e-07,up
4.8,0.21650315076112744,1e-07,up
5.0,0.14850025996565816,1e-07,up
5.2,0.27372476458549494,1e-07,up
5.4,0.4368774183094501,1e-07,up
5.6,0.25649510417133564,1e-07,up
5.8,0.3533598314970731,1e-07,up
6.0,0.4481270946562289,1e-07,up
6.2,0.23875421099364752,1e-07,up
6.4,0.37445942312479014,1e-07,up
6.6,0.5536468438804149,1e-07,up
6.8,0.5761655122041701,1e-07,up
7.0,0.4223805125802754,1e-07,up
7.2,0.6462354063987731,1e-07,up
7.4,0.5800436213612555,1e-07,up
7.6,0.5770983500406145,1e-07,up
7.8,0.4933763733133673,1e-07,up
8.0,0.4435909893363713,1e-07,up
8.0,0.48030298110097636,1e-07,down
7.8,0.5288134207949041,1e-07,down
7.6,0.4351524747908115,1e-07,down
7.4,0.4535626638680696,1e-07,down
7.2,0.4253237061202525,1e-07,down
7.0,0.3916784226894378,1e-07,down
6.8,0.5325433611869811,1e-07,down
6.6,0.5304097756743429,1e-07,down
6.4,0.3404915332794189,1e-07,down
6.2,0.3572156894952058,1e-07,down
6.0,0.28784667700529093,1e-07,down
5.8,0.38096778176259244,1e-07,down
5.6,0.39987934753298754,1e-07,down
5.4,0.33137969626113767,1e-07,down
5.2,0.26592418737709517,1e-07,down
5.0,0.17316961660981176,1e-07,down
4.8,0.22770642861723897,1e-07,down
4.6,0.08835485577583312,1e-07,down
4.4,0.450264973565936,1e-07,down
4.2,0.30605493858456606,1e-07,down
4.0,0.19016091525554654,1e-07,down
3.8,0.3117851428687572,1e-07,down
3.6,0.19923710823059076,1e-07,down
3.4,0.31467775069177145,1e-07,down
3.2,0.1743814907968044,1e-07,down
3.0,0.2712274203076958,1e-07,down
2.8,0.3036225941032171,1e-07,down
2.6,0.2564952907850966,1e-07,down
2.4,0.1738660307601094,1e-07,down
2.2,0.25836685299873346,1e-07,down
2.0,0.4261451149359345,1e-07,down
1.8,0.11506310524418947,1e-07,down
1.6,0.2652773521840572,1e-07,down
1.4,0.5434900233522056,1e-07,down
1.2,0.40364144882187236,1e-07,down
1.0,0.4650026746094226,1e-07,down
0.8,0.3402190674096345,1e-07,down
0.6,0.19254933856427667,1e-07,down
0.4,0.39759150892496103,1e-07,down
0.2,0.6531194644048809,1e-07,down
-0.0,0.5683088805526494,1e-07,down
-0.0,0.5683088805526494,1e-07,up
0.2,0.061445185914635644,1e-07,up
0.4,0.3623226350173354,1e-07,up
0.6,0.5036952048540114,1e-07,up
0.8,0.08246896788477896,1e-07,up
1.0,0.17978878878056997,1e-07,up
1.2,0.14177760155871508,1e-07,up
1.4,0.14786303415894503,1e-07,up
1.6,0.3141941097564995,1e-07,up
1.8,0.016421057283878313,1e-07,up
2.0,0.21901851147413248,1e-07,up
2.2,0.00817213021218776,1e-07,up
2.4,0.2561936248093843,1e-07,up
2.6,0.04641254059970378,1e-07,up
2.8,0.2760698422789573,1e-07,up
3.0,0.07782369852066037,1e-07,up
3.2,0.36409773305058474,1e-07,up
3.4,0.4854107201099395,1e-07,up
3.6,0.3947614114731549,1e-07,up
3.8,0.15847416222095487,1e-07,up
4.0,0.4326622299849986,1e-07,up
4.2,0.34527953434735525,1e-07,up
4.4,0.2681429740041494,1e-07,up
4.6,0.45128302276134485,1e-07,up
4.8,0.18188648298382756,1e-07,up
5.0,0.3938897070474922,1e-07,up
5.2,0.4035049655940383,1e-07,up
5.4,0.42034892737865437,1e-07,up
5.6,0.3905130771017865,1e-07,up
5.8,0.4510568298865109,1e-07,up
6.0,0.48031602799892414,1e-07,up
6.2,0.2435954348184168,1e-07,up
6.4,0.49545786995440716,1e-07,up
6.6,0.5089644594117998,1e-07,up
6.8,0.42028972506523127,1e-07,up
7.0,0.5536262874957173,1e-07,up
7.2,0.42011475563049305,1e-07,up
7.4,0.5354420226067304,1e-07,up
7.6,0.45902229845523823,1e-07,up
7.8,0.4415156468749046,1e-07,up
8.0,0.5174135453999041,1e-07,up
8.0,0.4810897503048181,1e-07,down
7.8,0.5803540740162133,1e-07,down
7.6,0.5051784319803118,1e-07,down
7.4,0.5893746577203273,1e-07,down
7.2,0.5867032222449778,1e-07,down
7.0,0.3896917784586548,1e-07,down
6.8,0.4502077465876936,1e-07,down
6.6,0.3043036479502916,1e-07,down
6.4,0.39681936916895205,1e-07,down
6.2,0.2369648423045873,1e-07,down
6.0,0.39915407402440894,1e-07,down
5.8,0.43991222558543075,1e-07,down
5.6,0.24951498396694655,1e-07,down
5.4,0.21178466640412802,1e-07,down
5.2,0.30470433272421354,1e-07,down
5.0,0.1665806649252772,1e-07,down
4.8,0.3075984274037182,1e-07,down
4.6,0.09509774483740328,1e-07,down
4.4,0.22238378832116718,1e-07,down
4.2,0.3067979170009493,1e-07,down
4.0,0.35385186923667783,1e-07,down
3.8,0.14729248546063897,1e-07,down
3.6,0.25198487471789116,1e-07,down
3.4,0.29597083851695055,1e-07,down
3.2,0.263011435046792,1e-07,down
3.0,0.3677087575197219,1e-07,down
2.8,0.7366874602157621,1e-07,down
2.6,0.23527319729328153,1e-07,down
2.4,0.24448554008267817,1e-07,down
2.2,0.25046331807970995,1e-07,down
2.0,0.3299020174890756,1e-07,down
1.8,0.11618984583765267,1e-07,down
1.6,0.23259226724621831,1e-07,down
1.4,0.32815123954787845,1e-07,down
1.2,0.027034786529839025,1e-07,down
1.0,0.4166128262877464,1e-07,down
0.8,0.0018422815483063353,1e-07,down
0.6,0.29452455881983036,1e-07,down
0.4,0.23004434630274767,1e-07,down
0.2,0.25876160524785513,1e-07,down
-0.0,0.3419096693396567,1e-07,down
-0.0,0.3419096693396567,1e-07,up
0.2,0.3973033875226974,1e-07,up
0.4,0.1319558164104819,1e-07,up
0.6,0.3523084679618478,1e-07,up
0.8,0.048560352530330406,1e-07,up
1.0,0.24720748048275704,1e-07,up
1.2,0.41691030887886876,1e-07,up
1.4,0.08181858900934456,1e-07,up
1.6,0.3796697594225406,1e-07,up
1.8,0.130277507007122,1e-07,up
2.0,0.08629628689959644,1e-07,up
2.2,0.22781762201339004,1e-07,up
2.4,0.4138681374024599,1e-07,up
2.6,0.18862666655331845,1e-07,up
2.8,0.17901039915159342,1e-07,up
3.0,0.17079460062086577,1e-07,up
3.2,0.27361093834042544,1e-07,up
3.4,0.4251020401716232,1e-07,up
3.6,0.05725990096107124,1e-07,up
3.8,0.363972982391715,1e-07,up
4.0,-0.015207022428512578,1e-07,up
4.2,0.24253709439653898,1e-07,up
4.4,0.4229937884956598,1e-07,up
4.6,0.5373925697058438,1e-07,up
4.8,0.03261688910424708,1e-07,up
5.0,0.22854634048417205,1e-07,up
5.2,0.5476365368813275,1e-07,up
5.4,0.5197858437895774,1e-07,up
5.6,0.11099551990628238,1e-07,up
5.8,0.42272957414388646,1e-07,up
6.0,0.6697420165874063,1e-07,up
6.2,0.5427340883761643,1e-07,up
6.4,0.5744780432432889,1e-07,up
6.6,0.5528996130451559,1e-07,up
6.8,0.38055380806326855,1e-07,up
7.0,0.5495739737525581,1e-07,up
7.2,0.4088164642453193,1e-07,up
7.4,0.5587807791307567,1e-07,up
7.6,0.4774086941033601,1e-07,up
7.8,0.5111572556197642,1e-07,up
8.0,0.44664784846827377,1e-07,up
8.0,0.4725914110895245,1e-07,down
7.8,0.4418095964938401,1e-07,down
7.6,0.4381992854177951,1e-07,down
7.4,0.5436232462525367,1e-07,down
7.2,0.5184818822890519,1e-07,down
7.0,0.5323049724102019,1e-07,down
6.8,0.509799551218748,1e-07,down
6.6,0.49671456590294827,1e-07,down
6.4,0.4935128465294837,1e-07,down
6.2,0.3107571366708725,1e-07,down
6.0,0.35898035205900664,1e-07,down
5.8,0.24348417855799193,1e-07,down
5.6,0.3381186349142808,1e-07,down
5.4,0.24177838256582612,1e-07,down
5.2,0.3868541668634861,1e-07,down
5.0,0.30485050915740425,1e-07,down
4.8,0.2754895128309726,1e-07,down
4.6,0.22557703778147695,1e-07,down
4.4,0.4672827394679187,1e-07,down
4.2,0.38689290394540865,1e-07,down
4.0,0.45264096651226277,1e-07,down
3.8,0.43982664588838816,1e-07,down
3.6,0.06963370367884633,1e-07,down
3.4,0.43850465491414065,1e-07,down
3.2,0.4875299744307994,1e-07,down
3.0,0.02426195517182348,1e-07,down
2.8,0.4979625232517718,1e-07,down
2.6,0.02567640443157869,1e-07,down
2.4,0.41169739654287685,1e-07,down
2.2,0.25506176051567303,1e-07,down
2.0,0.17636760696768755,1e-07,down
1.8,0.3651716131716966,1e-07,down
1.6,0.0842597335577011,1e-07,down
1.4,0.21825992129743094,1e-07,down
1.2,0.2739968784153461,1e-07,down
1.0,0.2519285418093204,1e-07,down
0.8,0.47970664128661145,1e-07,down
0.6,0.2601961120963096,1e-07,down
0.4,0.333552949130535,1e-07,down
0.2,0.1778922453522682,1e-07,down
-0.0,0.23157953470945353,1e-07,down
-0.0,0.23157953470945353,1e-07,up
0.2,0.6163733266294001,1e-07,up
0.4,0.3563531346153467,1e-07,up
0.6,0.5372776216827332,1e-07,up
0.8,0.10257823299616574,1e-07,up
1.0,0.1782488618046045,1e-07,up
1.2,0.31081447098404164,1e-07,up
1.4,0.32416078913956875,1e-07,up
1.6,0.05678078555501996,1e-07,up
1.8,0.22582535445690152,1e-07,up
2.0,0.055877676582895205,1e-07,up
2.2,0.207611721009016,1e-07,up
2.4,0.23211825732141728,1e-07,up
2.6,0.2585424936842173,1e-07,up
2.8,0.3625720255076885,1e-07,up
3.0,0.4505188018083572,1e-07,up
3.2,0.3215698339045047,1e-07,up
3.4,0.5157583691179751,1e-07,up
3.6,0.3597667850553989,1e-07,up
3.8,0.5103953578509389,1e-07,up
4.0,0.4066716264933347,1e-07,up
4.2,0.5035004129167645,1e-07,up
4.4,0.2319306097924709,1e-07,up
4.6,0.3293860150442924,1e-07,up
4.8,0.5460294187068938,1e-07,up
5.0,0.16657325858250255,1e-07,up
5.2,0.2863771561533212,1e-07,up
5.4,0.2124139852821826,1e-07,up
5.6,0.37335268501192326,1e-07,up
5.8,0.25527299940586085,1e-07,up
6.0,0.4619988323829601,1e-07,up
6.2,0.47484479285776604,1e-07,up
6.4,0.43622285127639765,1e-07,up
6.6,0.4341094512492417,1e-07,up
6.8,0.3541674483567475,1e-07,up
7.0,0.49531227536499495,1e-07,up
7.2,0.5039339791983365,1e-07,up
7.4,0.5615985803306102,1e-07,up
7.6,0.4523659860715269,1e-07,up
7.8,0.41869028192013497,1e-07,up
8.0,0.40856331307440985,1e-07,up
8.0,0.461819415912032,1e-07,down
7.8,0.5303987250663339,1e-07,down
7.6,0.4476546850055455,1e-07,down
7.4,0.5336662046611308,1e-07,down
7.2,0.4596437272848561,1e-07,down
7.0,0.533508140593767,1e-07,down
6.8,0.5881545431911944,1e-07,down
6.6,0.49331804970279325,1e-07,down
6.4,0.5701610231772064,1e-07,down
6.2,0.5754020791500806,1e-07,down
6.0,0.3972644507884978,1e-07,down
5.8,0.423279141075909,1e-07,down
5.6,0.3430060809478163,1e-07,down
5.4,0.3271382693201303,1e-07,down
5.2,0.2472405284643173,1e-07,down
5.0,0.21785631030797953,1e-07,down
4.8,0.5120060169138013,1e-07,down
4.6,0.15779451280832285,1e-07,down
4.4,0.40881770849227894,1e-07,down
4.2,0.31722861342132086,1e-07,down
4.0,0.16657399199903009,1e-07,down
3.8,0.13691791146993634,1e-07,down
3.6,0.45678383484482754,1e-07,down
3.4,0.18588217068463558,1e-07,down
3.2,0.308753841323778,1e-07,down
3.0,0.2828894276171922,1e-07,down
2.8,0.3267859369516372,1e-07,down
2.6,0.3958985581994056,1e-07,down
2.4,0.36753128562122583,1e-07,down
2.2,0.3366479910910129,1e-07,down
2.0,0.4065992403775453,1e-07,down
1.8,0.3444022983312607,1e-07,down
1.6,0.10229942575097081,1e-07,down
1.4,0.26699860207736487,1e-07,down
1.2,0.3757382687181234,1e-07,down
1.0,0.16705139959231013,1e-07,down
0.8,0.2264454066753387,1e-07,down
0.6,0.258622845634818,1e-07,down
0.4,0.20077252341434354,1e-07,down
0.2,0.25226788735017175,1e-07,down
-0.0,0.18484808877110478,1e-07,down
-0.0,0.18484808877110478,1e-07,up
0.2,0.3725872510112821,1e-07,up
0.4,0.24638920789584512,1e-07,up
0.6,0.36631255317479366,1e-07,up
0.8,0.1797529626637697,1e-07,up
1.0,0.20357555150985718,1e-07,up
1.2,0.1397341340780258,1e-07,up
1.4,0.22662814339855686,1e-07,up
1.6,0.2090898230671882,1e-07,up
1.8,0.1823738738894462,1e-07,up
2.0,0.28270058333873743,1e-07,up
2.2,0.2912642806768417,1e-07,up
2.4,0.32938571716658765,1e-07,up
2.6,0.2608587965369224,1e-07,up
2.8,0.15765194967389104,1e-07,up
3.0,0.29634356917813415,1e-07,up
3.2,0.2556972820311784,1e-07,up
3.4,0.39085098402574653,1e-07,up
3.6,0.09549204539507626,1e-07,up
3.8,0.34994785196613515,1e-07,up
4.0,0.030259452760219567,1e-07,up
4.2,0.2650151010602712,1e-07,up
4.4,0.48997380747459823,1e-07,up
4.6,0.3927892502397298,1e-07,up
4.8,0.10195976454997432,1e-07,up
5.0,0.31647644005715836,1e-07,up
5.2,0.2319683213718235,1e-07,up
5.4,0.3399738874286412,1e-07,up
5.6,0.28067887201905245,1e-07,up
5.8,0.48340056370943774,1e-07,up
6.0,0.4709184141829609,1e-07,up
6.2,0.682138804346323,1e-07,up
6.4,0.6242645643651485,1e-07,up
6.6,0.29819648712873453,1e-07,up
6.8,0.47397792525589455,1e-07,up
7.0,0.4380491757765412,1e-07,up
7.2,0.43468757905066,1e-07,up
7.4,0.4883265956304967,1e-07,up
7.6,0.43425621464848513,1e-07,up
7.8,0.4902292825281619,1e-07,up
8.0,0.5056025190860963,1e-07,up
8.0,0.48195246420800675,1e-07,down
7.8,0.5483082178980111,1e-07,down
7.6,0.5612126411870121,1e-07,down
7.4,0.4668041029945015,1e-07,down
7.2,0.594189061783254,1e-07,down
7.0,0.5757932141423224,1e-07,down
6.8,0.603539771400392,1e-07,down
6.6,0.5757419709116219,1e-07,down
6.4,0.5290635116398333,1e-07,down
6.2,0.37439713627099985,1e-07,down
6.0,0.6113508418202399,1e-07,down
5.8,0.4436233118176459,1e-07,down
5.6,0.379786230623722,1e-07,down
5.4,0.514259211719036,1e-07,down
5.2,0.450683731585741,1e-07,down
5.0,0.1316697150468826,1e-07,down
4.8,0.30339198559522623,1e-07,down
4.6,0.12872057408094403,1e-07,down
4.4,0.35050645237788547,1e-07,down
4.2,0.44392985105514515,1e-07,down
4.0,0.43586486950516695,1e-07,down
3.8,0.09685687720775603,1e-07,down
3.6,0.3146564420458162,1e-07,down
3.4,0.2199575379490852,1e-07,down
3.2,0.2712163226678967,1e-07,down
3.0,0.3583351038396358,1e-07,down
2.8,0.18108077999204394,1e-07,down
2.6,0.2388270422816276,1e-07,down
2.4,0.23942942847497756,1e-07,down
2.2,0.2345505245029926,1e-07,down
2.0,0.24634812958538527,1e-07,down
1.8,0.46023488231003273,1e-07,down
1.6,0.1359775513410568,1e-07,down
1.4,0.28254068642854685,1e-07,down
1.2,0.5106390845030545,1e-07,down
1.0,0.418315190821886,1e-07,down
0.8,0.2656495496630668,1e-07,down
0.6,0.06811460945755242,1e-07,down
0.4,0.1659565735608339,1e-07,down
0.2,0.08619504468515514,1e-07,down
-0.0,0.35638337023556227,1e-07,down
-0.0,0.35638337023556227,1e-07,up
0.2,0.19475782290101049,1e-07,up
0.4,0.08040194958448409,1e-07,up
0.6,0.1487993001937866,1e-07,up
0.8,0.13212252035737035,1e-07,up
1.0,0.16944852098822585,1e-07,up
1.2,0.14481004700064656,1e-07,up
1.4,0.07674086466431616,1e-07,up
1.6,0.10502149164676663,1e-07,up
1.8,0.17612664960324761,1e-07,up
2.0,0.18180795386433599,1e-07,up
2.2,0.06975737120956181,1e-07,up
2.4,0.15858771838247776,1e-07,up
2.6,0.08382656582398337,1e-07,up
2.8,0.21117356233298773,1e-07,up
3.0,0.24334419704973695,1e-07,up
3.2,0.052058817818760865,1e-07,up
3.4,0.18053174752276385,1e-07,up
3.6,0.28456767275929445,1e-07,up
3.8,0.13742411881685251,1e-07,up
4.0,0.36388768814504135,1e-07,up
4.2,0.21144115924835202,1e-07,up
4.4,0.12044146656990048,1e-07,up
4.6,0.4116508439183234,1e-07,up
4.8,0.3381413593888282,1e-07,up
5.0,0.10607311129570005,1e-07,up
5.2,0.3603370217606425,1e-07,up
5.4,0.2537146415561437,1e-07,up
5.6,0.38530974462628353,1e-07,up
5.8,0.4682163125835358,1e-07,up
6.0,0.2351279649883508,1e-07,up
6.2,0.49915161356329907,1e-07,up
6.4,0.5411832313984631,1e-07,up
6.6,0.568509206175804,1e-07,up
6.8,0.6006892905570566,1e-07,up
7.0,0.3978021459188311,1e-07,up
7.2,0.5457539856433867,1e-07,up
7.4,0.45753945037722576,1e-07,up
7.6,0.5352461328729986,1e-07,up
7.8,0.4620491424575447,1e-07,up
8.0,0.46251499652862543,1e-07,up
8.0,0.5067924708127974,1e-07,down
7.8,0.4700907468795776,1e-07,down
7.6,0.45239024609327305,1e-07,down
7.4,0.5831242501735687,1e-07,down
7.2,0.44423539191484446,1e-07,down
7.0,0.4414592143148183,1e-07,down
6.8,0.5245600938796996,1e-07,down
6.6,0.402848451398313,1e-07,down
6.4,0.3820760529488324,1e-07,down
6.2,0.5412049517035483,1e-07,down
6.0,0.5349535532295703,1e-07,down
5.8,0.21514600887894625,1e-07,down
5.6,0.35401480458676804,1e-07,down
5.4,0.3777352888137101,1e-07,down
5.2,0.4538585878908633,1e-07,down
5.0,0.4752571552526205,1e-07,down
4.8,0.23650236055254933,1e-07,down
4.6,0.2876510620117187,1e-07,down
4.4,0.35209260135889053,1e-07,down
4.2,0.29484048485755915,1e-07,down
4.0,0.5348104964941739,1e-07,down
3.8,0.1298783244565129,1e-07,down
3.6,0.31225397536763916,1e-07,down
3.4,0.09842224942985921,1e-07,down
3.2,0.17163390852510924,1e-07,down
3.0,0.3638876248151063,1e-07,down
2.8,0.018106319010257707,1e-07,down
2.6,0.45437375083565706,1e-07,down
2.4,0.5263766609132289,1e-07,down
2.2,0.027450049296021455,1e-07,down
2.0,0.17156175337731833,1e-07,down
1.8,0.07235185243189332,1e-07,down
1.6,0.1884369328618049,1e-07,down
1.4,0.4236496789380907,1e-07,down
1.2,0.3561684414744377,1e-07,down
1.0,0.4614840000867843,1e-07,down
0.8,0.5987884420901536,1e-07,down
0.6,0.45432107895612706,1e-07,down
0.4,0.4968443242833018,1e-07,down
0.2,0.11126704327762126,1e-07,down
-0.0,0.181551456451416,1e-07,down
-0.0,0.181551456451416,1e-07,up
0.2,0.1171211525797844,1e-07,up
0.4,0.26987300813198084,1e-07,up
0.6,0.2526926323771476,1e-07,up
0.8,0.13459499180316922,1e-07,up
1.0,0.29156396165490145,1e-07,up
1.2,0.16305201873183248,1e-07,up
1.4,0.19125019758939737,1e-07,up
1.6,0.2860073279589414,1e-07,up
1.8,0.2985690832138061,1e-07,up
2.0,0.36560927331447596,1e-07,up
2.2,0.1644031191244721,1e-07,up
2.4,0.21162056829780337,1e-07,up
2.6,0.2704635970294475,1e-07,up
2.8,0.4455531761050224,1e-07,up
3.0,0.1607354590669274,1e-07,up
3.2,0.22530216723680493,1e-07,up
3.4,0.3221186995506286,1e-07,up
3.6,0.10773225128650664,1e-07,up
3.8,0.2787046302109956,1e-07,up
4.0,0.2629123274236917,1e-07,up
4.2,0.12899490585550663,1e-07,up
4.4,0.2975914368871599,1e-07,up
4.6,0.4666598439216613,1e-07,up
4.8,0.26667114533483977,1e-07,up
5.0,0.36042425991035987,1e-07,up
5.2,0.31175799970515067,1e-07,up
5.4,0.4273504260927438,1e-07,up
5.6,0.21182485483586783,1e-07,up
5.8,0.3989501679316162,1e-07,up
6.0,0.3787566246464848,1e-07,up
6.2,0.3926115799695253,1e-07,up
6.4,0.4978454569354653,1e-07,up
6.6,0.5602525882422922,1e-07,up
6.8,0.37174274958670134,1e-07,up
7.0,0.545143226161599,1e-07,up
7.2,0.4467964582145213,1e-07,up
7.4,0.42017280682921404,1e-07,up
7.6,0.5201445296406745,1e-07,up
7.8,0.5150767024606465,1e-07,up
8.0,0.5645187101326882,1e-07,up
8.0,0.4711032873019575,1e-07,down
7.8,0.4538234919309615,1e-07,down
7.6,0.44616517424583424,1e-07,down
7.4,0.5519415475428103,1e-07,down
7.2,0.5465521672740578,1e-07,down
7.0,0.45673125237226475,1e-07,down
6.8,0.5237340889871119,1e-07,down
6.6,0.3763569667935371,1e-07,down
6.4,0.3388962969183921,1e-07,down
6.2,0.37701100111007685,1e-07,down
6.0,0.3251753002405166,1e-07,down
5.8,0.5505365151911973,1e-07,down
5.6,0.5945949368178843,1e-07,down
5.4,0.3292576819658279,1e-07,down
5.2,0.5321148480288683,1e-07,down
5.0,0.5395961115136741,1e-07,down
4.8,0.5551779866218566,1e-07,down
4.6,0.21084999665617934,1e-07,down
4.4,0.45269019529223437,1e-07,down
4.2,0.3478846624493598,1e-07,down
4.0,0.2596066910773515,1e-07,down
3.8,0.2691822834312915,1e-07,down
3.6,0.47495432756841177,1e-07,down
3.4,0.3054448021575808,1e-07,down
3.2,0.22229309566318983,1e-07,down
3.0,0.5530815850943326,1e-07,down
2.8,0.19465889781713483,1e-07,down
2.6,0.3347121030092239,1e-07,down
2.4,0.18673637765459714,1e-07,down
2.2,0.40722106397151936,1e-07,down
2.0,0.4467081949114799,1e-07,down
1.8,0.12473114882595834,1e-07,down
1.6,0.12020728923380374,1e-07,down
1.4,0.5076833814382552,1e-07,down
1.2,0.33276553358882655,1e-07,down
1.0,0.45417471602559084,1e-07,down
0.8,0.10189740452915429,1e-07,down
0.6,0.2683397158980369,1e-07,down
0.4,0.09583277814090249,1e-07,down
0.2,0.35407675057649607,1e-07,down
-0.0,0.5512545192614197,1e-07,down
-0.0,0.5512545192614197,1e-07,up
0.2,0.4820390865206718,1e-07,up
0.4,0.43804497830569733,1e-07,up
0.6,-0.023260313086211685,1e-07,up
0.8,0.12484603701159357,1e-07,up
1.0,0.14683694485574955,1e-07,up
1.2,0.29702180624008173,1e-07,up
1.4,-0.03480427572503685,1e-07,up
1.6,0.28707718104124064,1e-07,up
1.8,0.46843137498944987,1e-07,up
2.0,0.32130526937544346,1e-07,up
2.2,0.42898405902087683,1e-07,up
2.4,0.13749516196548936,1e-07,up
2.6,0.21456744708120817,1e-07,up
2.8,0.2605748930945992,1e-07,up
3.0,0.20601398264989254,1e-07,up
3.2,0.37475030776113266,1e-07,up
3.4,0.3493938860483467,1e-07,up
3.6,0.2660142267122864,1e-07,up
3.8,0.3389740101993083,1e-07,up
4.0,0.36425373982638115,1e-07,up
4.2,0.3378603653982281,1e-07,up
4.4,0.3175978823564946,1e-07,up
4.6,0.5855836141854524,1e-07,up
4.8,0.3165913484990596,1e-07,up
5.0,0.4715925958007573,1e-07,up
5.2,0.294928815215826,1e-07,up
5.4,0.4099236875772475,1e-07,up
5.6,0.5413401629775761,1e-07,up
5.8,0.4299404770135879,1e-07,up
6.0,0.6011975347209954,1e-07,up
6.2,0.35736458515748376,1e-07,up
6.4,0.5501037687063216,1e-07,up
6.6,0.5705680754035709,1e-07,up
6.8,0.555835150182247,1e-07,up
7.0,0.4000185206532478,1e-07,up
7.2,0.49956094473600376,1e-07,up
7.4,0.4338418282568454,1e-07,up
7.6,0.5186411254107951,1e-07,up
7.8,0.4433404132723807,1e-07,up
8.0,0.48866077326238144,1e-07,up
8.0,0.4751380421221255,1e-07,down
7.8,0.541817761491984,1e-07,down
7.6,0.5525587517768143,1e-07,down
7.4,0.42931430786848057,1e-07,down
7.2,0.4444531649351119,1e-07,down
7.0,0.457250103354454,1e-07,down
6.8,0.43457182496786106,1e-07,down
6.6,0.46817450970411295,1e-07,down
6.4,0.40544925630092615,1e-07,down
6.2,0.5877727381885051,1e-07,down
6.0,0.37800594139844174,1e-07,down
5.8,0.5064667612314223,1e-07,down
5.6,0.339996188879013,1e-07,down
5.4,0.34393524378538126,1e-07,down
5.2,0.5486847274005412,1e-07,down
5.0,0.25535856094211334,1e-07,down
4.8,0.341612359508872,1e-07,down
4.6,0.2918162131682038,1e-07,down
4.4,0.3036571089178323,1e-07,down
4.2,0.48301552608609194,1e-07,down
4.0,0.22410972416400907,1e-07,down
3.8,0.23920091986656183,1e-07,down
3.6,0.4377584587782621,1e-07,down
3.4,0.29648994281888,1e-07,down
3.2,0.21182519197463984,1e-07,down
3.0,0.312489166855812,1e-07,down
2.8,0.5717552807182072,1e-07,down
2.6,0.45175569504499424,1e-07,down
2.4,0.10480320453643796,1e-07,down
2.2,0.39579039812088007,1e-07,down
2.0,0.15391360223293302,1e-07,down
1.8,0.5311076310463249,1e-07,down
1.6,0.4502579756081104,1e-07,down
1.4,0.6063859001733362,1e-07,down
1.2,0.4279117188125382,1e-07,down
1.0,0.2267033457756042,1e-07,down
0.8,0.33167056739330286,1e-07,down
0.6,0.2272744700312614,1e-07,down
0.4,0.26705567538738245,1e-07,down
0.2,0.5080197155475615,1e-07,down
-0.0,0.13231648970395324,1e-07,down
-0.0,0.13231648970395324,1e-07,up
0.2,0.26591034501325334,1e-07,up
0.4,0.040072843432426446,1e-07,up
0.6,0.27247747220098967,1e-07,up
0.8,0.12940201163291928,1e-07,up
1.0,0.10129041969776152,1e-07,up
1.2,0.3834163697174517,1e-07,up
1.4,0.09737028926610944,1e-07,up
1.6,0.14703940972685814,1e-07,up
1.8,0.1918075485154986,1e-07,up
2.0,0.27167384512722487,1e-07,up
2.2,0.2658246718347072,1e-07,up
2.4,0.34402707219123835,1e-07,up
2.6,0.22016826737672085,1e-07,up
2.8,0.34450207231566304,1e-07,up
3.0,0.40732892509549845,1e-07,up
3.2,0.48498332127928717,1e-07,up
3.4,0.17031406983733174,1e-07,up
3.6,0.2249498553574085,1e-07,up
3.8,0.06327455118298529,1e-07,up
4.0,0.21812903508543965,1e-07,up
4.2,0.5336761456856037,1e-07,up
4.4,0.3124525789171457,1e-07,up
4.6,0.43189654592424626,1e-07,up
4.8,0.44308787141926576,1e-07,up
5.0,0.2937776111066341,1e-07,up
5.2,0.238482154905796,1e-07,up
5.4,0.4691990269348024,1e-07,up
5.6,0.48405613750219334,1e-07,up
5.8,0.5728909345343708,1e-07,up
6.0,0.43190075270831574,1e-07,up
6.2,0.4740366265177726,1e-07,up
6.4,0.4591509513556956,1e-07,up
6.6,0.36053635925054545,1e-07,up
6.8,0.5479688008781521,1e-07,up
7.0,0.4533944973372853,1e-07,up
7.2,0.4753779908642172,1e-07,up
7.4,0.46722773229703296,1e-07,up
7.6,0.46828593220561726,1e-07,up
7.8,0.46712450310587866,1e-07,up
8.0,0.45224071759730566,1e-07,up
8.0,0.5187134724110364,1e-07,down
7.8,0.5500638413941487,1e-07,down
7.6,0.5851504448801278,1e-07,down
7.4,0.5271891113370656,1e-07,down
7.2,0.420289933681488,1e-07,down
7.0,0.5195024460554122,1e-07,down
6.8,0.3891438223072327,1e-07,down
6.6,0.5656288973987101,1e-07,down
6.4,0.492971388157457,1e-07,down
6.2,0.331111310981214,1e-07,down
6.0,0.32413543574512,1e-07,down
5.8,0.22545610205270347,1e-07,down
5.6,0.27810396917629987,1e-07,down
5.4,0.49511305615305884,1e-07,down
5.2,0.41402893885970105,1e-07,down
5.0,0.21404419944155956,1e-07,down
4.8,0.25170450471341604,1e-07,down
4.6,0.2460765112191438,1e-07,down
4.4,0.4243561467155813,1e-07,down
4.2,0.23030279017984864,1e-07,down
4.0,0.33365528844296927,1e-07,down
3.8,0.3483645282685756,1e-07,down
3.6,0.3522757720202207,1e-07,down
3.4,0.3763700700365006,1e-07,down
3.2,0.2850339794531464,1e-07,down
3.0,0.2301427079364657,1e-07,down
2.8,0.2291986065683886,1e-07,down
2.6,0.2616341947577893,1e-07,down
2.4,0.35212767682969565,1e-07,down
2.2,0.2958952169865369,1e-07,down
2.0,0.18467774614691732,1e-07,down
1.8,0.110789880156517,1e-07,down
1.6,0.059680711477994905,1e-07,down
1.4,0.44853686355054373,1e-07,down
1.2,0.2262857726309448,1e-07,down
1.0,0.2365919556468725,1e-07,down
0.8,0.2567281960509717,1e-07,down
0.6,0.2790599158033728,1e-07,down
0.4,0.4274963461793958,1e-07,down
0.2,0.06608604453504083,1e-07,down
-0.0,0.3002087473869324,1e-07,down
-0.0,0.3002087473869324,1e-07,up
0.2,0.4629075955599546,1e-07,up
0.4,-0.012616112362593418,1e-07,up
0.6,0.005129668861627564,1e-07,up
0.8,0.28570486605167383,1e-07,up
1.0,0.44701398722827435,1e-07,up
1.2,0.3618395738303661,1e-07,up
1.4,0.6221963092684745,1e-07,up
1.6,0.44912957213819016,1e-07,up
1.8,-0.1635287570825312,1e-07,up
2.0,0.021674991585314263,1e-07,up
2.2,0.37294919788837433,1e-07,up
2.4,0.37909524561837304,1e-07,up
2.6,-0.06855322420597076,1e-07,up
2.8,0.06461658095940945,1e-07,up
3.0,0.04152403399348257,1e-07,up
3.2,0.3927124207839369,1e-07,up
3.4,-0.04847710020840168,1e-07,up
3.6,0.1970995088340714,1e-07,up
3.8,0.17910042777657506,1e-07,up
4.0,0.3452099245041608,1e-07,up
4.2,0.559160703793168,1e-07,up
4.4,0.07016882393509147,1e-07,up
4.6,0.299880227074027,1e-07,up
4.8,0.08639414981007575,1e-07,up
5.0,0.22790607716888184,1e-07,up
5.2,0.22837816609808212,1e-07,up
5.4,0.24473051074892277,1e-07,up
5.6,0.47244422510266293,1e-07,up
5.8,0.25386985810473556,1e-07,up
6.0,0.4077419694513082,1e-07,up
6.2,0.4527902780100702,1e-07,up
6.4,0.5125892129726707,1e-07,up
6.6,0.28731813281774515,1e-07,up
6.8,0.39324657991528505,1e-07,up
7.0,0.478465148131363,1e-07,up
7.2,0.4016552525572478,1e-07,up
7.4,0.41484120395034546,1e-07,up
7.6,0.548186633735895,1e-07,up
7.8,0.42269892990589136,1e-07,up
8.0,0.536564752459526,1e-07,up
8.0,0.5025081429630517,1e-07,down
7.8,0.5003264183178543,1e-07,down
7.6,0.5091795837506651,1e-07,down
7.4,0.470673847477883,1e-07,down
7.2,0.45995506804683817,1e-07,down
7.0,0.4594413707964121,1e-07,down
6.8,0.3826502702431753,1e-07,down
6.6,0.6409557743463664,1e-07,down
6.4,0.3834447190165519,1e-07,down
6.2,0.38110131025314326,1e-07,down
6.0,0.5197489671409129,1e-07,down
5.8,0.2910279352217912,1e-07,down
5.6,0.4953618573490529,1e-07,down
5.4,0.31953065842390055,1e-07,down
5.2,0.21063303947448725,1e-07,down
5.0,0.2466958090662956,1e-07,down
4.8,0.47327393130399276,1e-07,down
4.6,0.28197706490755076,1e-07,down
4.4,0.3230016943998635,1e-07,down
4.2,0.3414278051350265,1e-07,down
4.0,0.2908623786643147,1e-07,down
3.8,0.4475473295897245,1e-07,down
3.6,0.31808105111122126,1e-07,down
3.4,0.4285772070288657,1e-07,down
3.2,0.20647990237921474,1e-07,down
3.0,0.19044796656817195,1e-07,down
2.8,0.2600153833627701,1e-07,down
2.6,0.524033199995756,1e-07,down
2.4,0.4247650569304823,1e-07,down
2.2,0.13545178342610595,1e-07,down
2.0,0.1744168037548661,1e-07,down
1.8,0.1985085997730493,1e-07,down
1.6,0.19350818730890745,1e-07,down
1.4,0.3659566473215818,1e-07,down
1.2,0.3664329815655946,1e-07,down
1.0,0.4838402727618813,1e-07,down
0.8,0.42630045581609,1e-07,down
0.6,0.21543318871408698,1e-07,down
0.4,0.2485301829874515,1e-07,down
0.2,0.1802129969000816,1e-07,down
-0.0,0.5521857934072613,1e-07,down
-0.0,0.5521857934072613,1e-07,up
0.2,0.14189897477626798,1e-07,up
0.4,0.40257793501950795,1e-07,up
0.6,0.3106006910093128,1e-07,up
0.8,0.3797792387194931,1e-07,up
1.0,0.33087597042322153,1e-07,up
1.2,0.1516569275408983,1e-07,up
1.4,0.2758682947605848,1e-07,up
1.6,0.28220816329121584,1e-07,up
1.8,0.165859080851078,1e-07,up
2.0,0.3483931738883256,1e-07,up
2.2,0.213761530816555,1e-07,up
2.4,0.3058157134801149,1e-07,up
2.6,0.2868340918794274,1e-07,up
2.8,0.3466605301946401,1e-07,up
3.0,0.3224583193659782,1e-07,up
3.2,0.29159715399146074,1e-07,up
3.4,0.2657176665961742,1e-07,up
3.6,0.2437312379479408,1e-07,up
3.8,0.37053198181092734,1e-07,up
4.0,0.4367822334170341,1e-07,up
4.2,0.22493815049529073,1e-07,up
4.4,0.3964018179103731,1e-07,up
4.6,0.38733953610062594,1e-07,up
4.8,0.2982193455100059,1e-07,up
5.0,0.6338009661994873,1e-07,up
5.2,0.5461985729634761,1e-07,up
5.4,0.532844430184923,1e-07,up
5.6,0.53365092840977,1e-07,up
5.8,0.3294713944196701,1e-07,up
6.0,0.3754469603300094,1e-07,up
6.2,0.3490291908383369,1e-07,up
6.4,0.48487466014921654,1e-07,up
6.6,0.4221345065161585,1e-07,up
6.8,0.3946002889424562,1e-07,up
7.0,0.5641386881470679,1e-07,up
7.2,0.5769958533346652,1e-07,up
7.4,0.4627382867038249,1e-07,up
7.6,0.46525003388524044,1e-07,up
7.8,0.5580731704831122,1e-07,up
8.0,0.46011110395193094,1e-07,up
8.0,0.5046484712511301,1e-07,down
7.8,0.545908193103969,1e-07,down
7.6,0.5723741874098777,1e-07,down
7.4,0.6007893886417149,1e-07,down
7.2,0.41572159528732294,1e-07,down
7.0,0.470704972743988,1e-07,down
6.8,0.5189883615821599,1e-07,down
6.6,0.5084330709651111,1e-07,down
6.4,0.49340801872313017,1e-07,down
6.2,0.48739039152860636,1e-07,down
6.0,0.4877558564767241,1e-07,down
5.8,0.2690052322868723,1e-07,down
5.6,0.3629775140434503,1e-07,down
5.4,0.39435000903904427,1e-07,down
5.2,0.34564208611845965,1e-07,down
5.0,0.3233517557382583,1e-07,down
4.8,0.34913159720599646,1e-07,down
4.6,0.20055145025253293,1e-07,down
4.4,0.2639169422909617,1e-07,down
4.2,0.2093734964728355,1e-07,down
4.0,0.25261704425793136,1e-07,down
3.8,0.3348474873637314,1e-07,down
3.6,0.1534375939518213,1e-07,down
3.4,0.23777399724349377,1e-07,down
3.2,0.38077183254063124,1e-07,down
3.0,0.26859733834862703,1e-07,down
2.8,0.30511996336281294,1e-07,down
2.6,0.27893776353448624,1e-07,down
2.4,0.11684561800211665,1e-07,down
2.2,0.3514326531440019,1e-07,down
2.0,0.2825141102075576,1e-07,down
1.8,0.022425755858421315,1e-07,down
1.6,0.4284496344625949,1e-07,down
1.4,0.37932061031460756,1e-07,down
1.2,0.14617187343537805,1e-07,down
1.0,0.2383161168545484,1e-07,down
0.8,0.3944999342784285,1e-07,down
0.6,0.48730490682646627,1e-07,down
0.4,0.5081111127510666,1e-07,down
0.2,0.191597668454051,1e-07,down
-0.0,0.4649071963503955,1e-07,down
-0.0,0.4649071963503955,1e-07,up
0.2,0.23822906240820882,1e-07,up
0.4,0.48285037651658047,1e-07,up
0.6,0.371228527277708,1e-07,up
0.8,0.176770007237792,1e-07,up
1.0,0.25388755928725,1e-07,up
1.2,0.14249720890074966,1e-07,up
1.4,0.20065177604556078,1e-07,up
1.6,0.2941798793326597,1e-07,up
1.8,0.37537489552050823,1e-07,up
2.0,0.068206082098186,1e-07,up
2.2,0.2661739708855748,1e-07,up
2.4,0.11678418982774018,1e-07,up
2.6,0.28555579297244543,1e-07,up
2.8,0.26619155285879964,1e-07,up
3.0,0.27026374050183216,1e-07,up
3.2,0.24035337381064886,1e-07,up
3.4,0.2632689939346164,1e-07,up
3.6,0.3988249963149428,1e-07,up
3.8,0.1795305125415325,1e-07,up
4.0,0.26505600661039347,1e-07,up
4.2,0.5587865747511386,1e-07,up
4.4,0.18815583549439904,1e-07,up
4.6,0.3107997576007619,1e-07,up
4.8,0.13060169667005536,1e-07,up
5.0,0.3564998195506632,1e-07,up
5.2,0.14509493019431827,1e-07,up
5.4,0.33983043182524847,1e-07,up
5.6,0.15618339739739892,1e-07,up
5.8,0.3615028634667396,1e-07,up
6.0,0.24302710313349957,1e-07,up
6.2,0.38569287862628693,1e-07,up
6.4,0.42207577638328064,1e-07,up
6.6,0.29722638800740236,1e-07,up
6.8,0.4019302166998386,1e-07,up
7.0,0.40465407073497767,1e-07,up
7.2,0.5173687115311622,1e-07,up
7.4,0.5113422432914375,1e-07,up
7.6,0.5423351963981985,1e-07,up
7.8,0.46854876726865763,1e-07,up
8.0,0.48972823750227684,1e-07,up
8.0,0.4657231643795967,1e-07,down
7.8,0.43861621618270863,1e-07,down
7.6,0.5337857417762278,1e-07,down
7.4,0.5289996098726987,1e-07,down
7.2,0.444764569401741,1e-07,down
7.0,0.39738983660936344,1e-07,down
6.8,0.6098285204498096,1e-07,down
6.6,0.36750978033524,1e-07,down
6.4,0.4242034256458282,1e-07,down
6.2,0.3594022765755653,1e-07,down
6.0,0.30445519462227816,1e-07,down
5.8,0.3278572037816047,1e-07,down
5.6,0.33205613493919367,1e-07,down
5.4,0.289284735918045,1e-07,down
5.2,0.3025162406265735,1e-07,down
5.0,0.34355627465993155,1e-07,down
4.8,0.26929929666221136,1e-07,down
4.6,0.291538200341165,1e-07,down
4.4,0.42493962869048113,1e-07,down
4.2,0.454449794255197,1e-07,down
4.0,0.19147566147148604,1e-07,down
3.8,0.37432166375219816,1e-07,down
3.6,0.49587161093950266,1e-07,down
3.4,0.09619068913161753,1e-07,down
3.2,0.36625243257731194,1e-07,down
3.0,0.2740983413532376,1e-07,down
2.8,0.3301560711115598,1e-07,down
2.6,0.10333796590566634,1e-07,down
2.4,0.32333391346037377,1e-07,down
2.2,0.30081393197178835,1e-07,down
2.0,0.14696758985519406,1e-07,down
1.8,0.050202742218971246,1e-07,down
1.6,0.4517216524109244,1e-07,down
1.4,0.4177170968614518,1e-07,down
1.2,0.40506290644407267,1e-07,down
1.0,0.25825752597302193,1e-07,down
0.8,0.3966838545165955,1e-07,down
0.6,0.521244954317808,1e-07,down
0.4,0.06089393794536589,1e-07,down
0.2,0.34400959219783533,1e-07,down
-0.0,0.549011110793799,1e-07,down
-0.0,0.549011110793799,1e-07,up
0.2,-0.09519576653838158,1e-07,up
0.4,0.027812914922833425,1e-07,up
0.6,0.3869922198355197,1e-07,up
0.8,0.4444720819592476,1e-07,up
1.0,0.4295225515961646,1e-07,up
1.2,-0.1335071362555027,1e-07,up
1.4,0.39992318674921984,1e-07,up
1.6,-0.1633765511214733,1e-07,up
1.8,0.04291640780866145,1e-07,up
2.0,-0.03167834738269448,1e-07,up
2.2,0.12703160010278222,1e-07,up
2.4,0.35894276993349183,1e-07,up
2.6,0.012545609846711155,1e-07,up
2.8,0.29985538148321206,1e-07,up
3.0,0.5017403326928614,1e-07,up
3.2,-0.05952970124781133,1e-07,up
3.4,0.434473767876625,1e-07,up
3.6,0.5078911017626523,1e-07,up
3.8,-0.054781598970294,1e-07,up
4.0,0.1165343020111322,1e-07,up
4.2,0.17959829047322268,1e-07,up
4.4,0.15270122233778233,1e-07,up
4.6,0.3725017458200454,1e-07,up
4.8,0.5575042949058114,1e-07,up
5.0,0.11139164678752421,1e-07,up
5.2,0.2684692330658435,1e-07,up
5.4,0.3543826323002576,1e-07,up
5.6,0.29327161796391005,1e-07,up
5.8,0.4028473387006669,1e-07,up
6.0,0.4861985077150165,1e-07,up
6.2,0.3249729014933108,1e-07,up
6.4,0.45677442569285626,1e-07,up
6.6,0.5700181890279054,1e-07,up
6.8,0.5238665249198674,1e-07,up
7.0,0.5456781664397566,1e-07,up
7.2,0.540712310001254,1e-07,up
7.4,0.5209294017404317,1e-07,up
7.6,0.44742662459611887,1e-07,up
7.8,0.5494479765184223,1e-07,up
8.0,0.5406502000987529,1e-07,up
8.0,0.4722347320348489,1e-07,down
7.8,0.5518381986767052,1e-07,down
7.6,0.4496169304475187,1e-07,down
7.4,0.4643960073590278,1e-07,down
7.2,0.5734660178422927,1e-07,down
7.0,0.579598382115364,1e-07,down
6.8,0.5243496764451264,1e-07,down
6.6,0.5139185078442096,1e-07,down
6.4,0.30884778872132296,1e-07,down
6.2,0.43864935915917147,1e-07,down
6.0,0.3496707919985055,1e-07,down
5.8,0.3004447445273399,1e-07,down
5.6,0.39598309248685826,1e-07,down
5.4,0.36467392742633814,1e-07,down
5.2,0.1310493843629956,1e-07,down
5.0,0.3282468325924128,1e-07,down
4.8,0.23323872359469527,1e-07,down
4.6,0.40372680548171036,1e-07,down
4.4,0.20539020712021736,1e-07,down
4.2,0.33855307381600136,1e-07,down
4.0,0.5690180175006389,1e-07,down
3.8,0.44890067167580117,1e-07,down
3.6,0.06025058403611181,1e-07,down
3.4,0.28073859028518194,1e-07,down
3.2,0.4377728197723626,1e-07,down
3.0,0.3558521679951808,1e-07,down
2.8,0.16126054432243106,1e-07,down
2.6,0.3842663359828293,1e-07,down
2.4,0.23915518075227732,1e-07,down
2.2,0.28171463683247555,1e-07,down
2.0,0.4326481241732835,1e-07,down
1.8,0.15051877172663805,1e-07,down
1.6,0.3293344164267182,1e-07,down
1.4,0.32183666154742235,1e-07,down
1.2,0.356286444235593,1e-07,down
1.0,0.15800233557820317,1e-07,down
0.8,0.16332504898309705,1e-07,down
0.6,0.2071762643754482,1e-07,down
0.4,0.21471631899476046,1e-07,down
0.2,0.22853918373584745,1e-07,down
-0.0,0.17509267479181287,1e-07,down
-0.0,0.17509267479181287,1e-07,up
0.2,0.12530602514743802,1e-07,up
0.4,0.10490128397941587,1e-07,up
0.6,0.17058438807725904,1e-07,up
0.8,0.17434915155172342,1e-07,up
1.0,0.2316481838934123,1e-07,up
1.2,0.3414509557187556,1e-07,up
1.4,0.10790752060711381,1e-07,up
1.6,0.3109367778524756,1e-07,up
1.8,0.3068745713680982,1e-07,up
2.0,0.13463824987411496,1e-07,up
2.2,0.33029550686478604,1e-07,up
2.4,0.25439728191122407,1e-07,up
2.6,0.26742447633296246,1e-07,up
2.8,0.23701079771853978,1e-07,up
3.0,0.23106703534722323,1e-07,up
3.2,0.10375498980283734,1e-07,up
3.4,0.3271399484947323,1e-07,up
3.6,0.05670661106705665,1e-07,up
3.8,0.30654900893568987,1e-07,up
4.0,0.12027322500944136,1e-07,up
4.2,0.292098281905055,1e-07,up
4.4,0.2680600052699446,1e-07,up
4.6,0.22086620237678284,1e-07,up
4.8,0.2714629620313644,1e-07,up
5.0,0.3031820217147469,1e-07,up
5.2,0.17588837817311284,1e-07,up
5.4,0.5975506789982318,1e-07,up
5.6,0.4308816604316234,1e-07,up
5.8,0.2134662671596743,1e-07,up
6.0,0.3769549853968782,1e-07,up
6.2,0.5309558976441621,1e-07,up
6.4,0.34706707112491125,1e-07,up
6.6,0.3506522588431834,1e-07,up
6.8,0.5146087519824504,1e-07,up
7.0,0.5037066545337437,1e-07,up
7.2,0.3886608444154262,1e-07,up
7.4,0.42233252711594094,1e-07,up
7.6,0.42742931284010405,1e-07,up
7.8,0.5100690936669706,1e-07,up
8.0,0.4735515248030423,1e-07,up
8.0,0.5136633238289504,1e-07,down
7.8,0.5795915983617305,1e-07,down
7.6,0.6102270595729349,1e-07,down
7.4,0.5660167764872311,1e-07,down
7.2,0.6258829887956381,1e-07,down
7.0,0.45697267819195975,1e-07,down
6.8,0.5003211963921785,1e-07,down
6.6,0.34373593516647805,1e-07,down
6.4,0.45432379201520223,1e-07,down
6.2,0.30105774663388724,1e-07,down
6.0,0.4274241931270807,1e-07,down
5.8,0.35979329422116274,1e-07,down
5.6,0.24216123670339582,1e-07,down
5.4,0.4266082133981398,1e-07,down
5.2,0.3209742270410061,1e-07,down
5.0,0.4106824356131255,1e-07,down
4.8,0.3218906549736857,1e-07,down
4.6,0.2630397714674472,1e-07,down
4.4,0.36130934394896025,1e-07,down
4.2,0.3012653402984142,1e-07,down
4.0,0.4015315501019358,1e-07,down
3.8,0.4000063203275203,1e-07,down
3.6,0.6355125894770024,1e-07,down
3.4,0.5629009099211543,1e-07,down
3.2,0.6023325752466916,1e-07,down
3.0,0.1411221958696842,1e-07,down
2.8,0.4804020863957702,1e-07,down
2.6,0.031626886688172796,1e-07,down
2.4,0.13975447230041024,1e-07,down
2.2,0.32457089796662325,1e-07,down
2.0,0.49573230883106584,1e-07,down
1.8,0.5212812349200248,1e-07,down
1.6,0.5822100923396646,1e-07,down
1.4,0.5520438216626644,1e-07,down
1.2,0.5929858814924955,1e-07,down
1.0,-0.021076476201415076,1e-07,down
0.8,0.08723058644682166,1e-07,down
0.6,0.3529276922345161,1e-07,down
0.4,0.6033603362739085,1e-07,down
0.2,0.09079057071357963,1e-07,down
-0.0,0.23011733964085573,1e-07,down
-0.0,0.23011733964085573,1e-07,up
0.2,0.1791398301720619,1e-07,up
0.4,-0.0013617351651191824,1e-07,up
0.6,0.2031399449333548,1e-07,up
0.8,0.25888200849294657,1e-07,up
1.0,0.17540390416979787,1e-07,up
1.2,0.21206811629235742,1e-07,up
1.4,0.2340263240039348,1e-07,up
1.6,0.12802582234144208,1e-07,up
1.8,0.25635273009538645,1e-07,up
2.0,0.039498701691627496,1e-07,up
2.2,0.2294016787782311,1e-07,up
2.4,0.23175621218979356,1e-07,up
2.6,0.12871646881103513,1e-07,up
2.8,0.2780804336071014,1e-07,up
3.0,0.2874582819640636,1e-07,up
3.2,0.5231077978387474,1e-07,up
3.4,0.09239790588617323,1e-07,up
3.6,0.3139757341705262,1e-07,up
3.8,0.2020611736224964,1e-07,up
4.0,0.3135871915146708,1e-07,up
4.2,0.18433927372097964,1e-07,up
4.4,0.3062765076756477,1e-07,up
4.6,0.3373776525259017,1e-07,up
4.8,0.38228840008378023,1e-07,up
5.0,0.14499653736129398,1e-07,up
5.2,0.27837729046586895,1e-07,up
5.4,0.3161844545975327,1e-07,up
5.6,0.3368217488750815,1e-07,up
5.8,0.4482920095324516,1e-07,up
6.0,0.2838421016931533,1e-07,up
6.2,0.4940989259630441,1e-07,up
6.4,0.3364539928734302,1e-07,up
6.6,0.34452728740870947,1e-07,up
6.8,0.559475777670741,1e-07,up
7.0,0.40697126835584635,1e-07,up
7.2,0.40239315852522844,1e-07,up
7.4,0.5690688677132129,1e-07,up
7.6,0.46226825751364226,1e-07,up
7.8,0.5550855109468101,1e-07,up
8.0,0.42031066864728917,1e-07,up
8.0,0.4661853434517979,1e-07,down
7.8,0.5900959614664315,1e-07,down
7.6,0.5552906300872563,1e-07,down
7.4,0.42327882349491114,1e-07,down
7.2,0.45497556217014784,1e-07,down
7.0,0.37429465726017946,1e-07,down
6.8,0.39407987892627716,1e-07,down
6.6,0.6320903990417718,1e-07,down
6.4,0.4028395898640155,1e-07,down
6.2,0.44542955665383477,1e-07,down
6.0,0.3502518460154533,1e-07,down
5.8,0.4584565609693526,1e-07,down
5.6,0.47527513653039927,1e-07,down
5.4,0.35411290358752007,1e-07,down
5.2,0.33260476216673845,1e-07,down
5.0,0.37706904555670906,1e-07,down
4.8,0.43200070131570095,1e-07,down
4.6,0.17956754844635722,1e-07,down
4.4,0.2510173209011554,1e-07,down
4.2,0.5077049676328896,1e-07,down
4.0,0.19014264084398744,1e-07,down
3.8,0.32361591979861254,1e-07,down
3.6,0.224253449589014,1e-07,down
3.4,0.2951987609267234,1e-07,down
3.2,0.10790648573311044,1e-07,down
3.0,0.16307502565905452,1e-07,down
2.8,0.3487028798554092,1e-07,down
2.6,0.4018518389202654,1e-07,down
2.4,0.4292850904166698,1e-07,down
2.2,0.10737531259655951,1e-07,down
2.0,0.2769882977008819,1e-07,down
1.8,0.0569181628525257,1e-07,down
1.6,0.18776750564575195,1e-07,down
1.4,0.11950543522834776,1e-07,down
1.2,0.17610827088356013,1e-07,down
1.0,0.06436552852392194,1e-07,down
0.8,0.28518871497362847,1e-07,down
0.6,0.2653047246858477,1e-07,down
0.4,0.07503548823297021,1e-07,down
0.2,0.3500113934278487,1e-07,down
-0.0,0.21434777975082395,1e-07,down
-0.0,0.21434777975082395,1e-07,up
0.2,0.06860053911805152,1e-07,up
0.4,0.17614299058914185,1e-07,up
0.6,0.03973835706710815,1e-07,up
0.8,0.17869766056537625,1e-07,up
1.0,0.3540165424346923,1e-07,up
1.2,0.0329243664164096,1e-07,up
1.4,0.023126502055674784,1e-07,up
1.6,0.05837094970047472,1e-07,up
1.8,0.25011335965245957,1e-07,up
2.0,-0.005495942197740084,1e-07,up
2.2,0.28696820512413973,1e-07,up
2.4,0.006815211847424503,1e-07,up
2.6,0.301097014802508,1e-07,up
2.8,0.3597975298762321,1e-07,up
3.0,0.33699911460280413,1e-07,up
3.2,-0.05707513936795295,1e-07,up
3.4,0.27454870287328953,1e-07,up
3.6,-0.02152760699391364,1e-07,up
3.8,0.16500257537700233,1e-07,up
4.0,0.33606128487735987,1e-07,up
4.2,0.10915646748617289,1e-07,up
4.4,0.3952252785675227,1e-07,up
4.6,0.20166644267737865,1e-07,up
4.8,0.43412862531840796,1e-07,up
5.0,0.1250561475753784,1e-07,up
5.2,0.3072632402181625,1e-07,up
5.4,0.6426503614056854,1e-07,up
5.6,0.29093809425830836,1e-07,up
5.8,0.3686754796653986,1e-07,up
6.0,0.301223874092102,1e-07,up
6.2,0.4760239906609058,1e-07,up
6.4,0.3978543058037758,1e-07,up
6.6,0.5512259565293788,1e-07,up
6.8,0.3173414040356874,1e-07,up
7.0,0.43515499494969834,1e-07,up
7.2,0.5850558783859013,1e-07,up
7.4,0.5759113654494284,1e-07,up
7.6,0.5478711663745343,1e-07,up
7.8,0.43007571250200266,1e-07,up
8.0,0.5272014373913406,1e-07,up
8.0,0.4660088480450212,1e-07,down
7.8,0.5422347988933324,1e-07,down
7.6,0.45689937286078924,1e-07,down
7.4,0.5374429561197757,1e-07,down
7.2,0.5654754098504781,1e-07,down
7.0,0.49638342484831804,1e-07,down
6.8,0.4953183360048569,1e-07,down
6.6,0.4979524463415145,1e-07,down
6.4,0.5502624344080685,1e-07,down
6.2,0.4868206828832626,1e-07,down
6.0,0.2590790847316384,1e-07,down
5.8,0.3198495618999004,1e-07,down
5.6,0.4149274919182061,1e-07,down
5.4,0.4738607266917824,1e-07,down
5.2,0.449206469580531,1e-07,down
5.0,0.5226791622117161,1e-07,down
4.8,0.5598476342856883,1e-07,down
4.6,0.5386211201548575,1e-07,down
4.4,0.04154969379305839,1e-07,down
4.2,0.3887633206322788,1e-07,down
4.0,0.5725443512201308,1e-07,down
3.8,0.43408167175948614,1e-07,down
3.6,0.04394602403044699,1e-07,down
3.4,0.3389669153839349,1e-07,down
3.2,0.38901867344975466,1e-07,down
3.0,0.37791267037391657,1e-07,down
2.8,-0.053877245634794235,1e-07,down
2.6,0.23326020874083037,1e-07,down
2.4,0.0020245234481990316,1e-07,down
2.2,0.24451519921422002,1e-07,down
2.0,0.4046743696526391,1e-07,down
1.8,0.3726041632471606,1e-07,down
1.6,0.4479999067261814,1e-07,down
1.4,0.3257522173225879,1e-07,down
1.2,0.45853088097646827,1e-07,down
1.0,0.3874392714351415,1e-07,down
0.8,0.1512856939807534,1e-07,down
0.6,0.2373666707426309,1e-07,down
0.4,0.4966742247343062,1e-07,down
0.2,0.3636380396783351,1e-07,down
-0.0,0.14265025965869424,1e-07,down
-0.0,0.14265025965869424,1e-07,up
0.2,0.2642516158521175,1e-07,up
0.4,0.13015612692106512,1e-07,up
0.6,0.3930156119167804,1e-07,up
0.8,0.24240465834736818,1e-07,up
1.0,0.15728479251265523,1e-07,up
1.2,0.19423334114253518,1e-07,up
1.4,0.23964574933052057,1e-07,up
1.6,0.2944760262034833,1e-07,up
1.8,0.1628986224532127,1e-07,up
2.0,0.13589046150445935,1e-07,up
2.2,0.2977871345356106,1e-07,up
2.4,0.24232389405369753,1e-07,up
2.6,0.025533281266689294,1e-07,up
2.8,0.22458336502313608,1e-07,up
3.0,0.3703072369098663,1e-07,up
3.2,0.28832694515585894,1e-07,up
3.4,0.5046525094658135,1e-07,up
3.6,0.4305674713104963,1e-07,up
3.8,0.026179585605859753,1e-07,up
4.0,0.13251358643174166,1e-07,up
4.2,0.3657765174284577,1e-07,up
4.4,0.10901026567444203,1e-07,up
4.6,0.32927678525447845,1e-07,up
4.8,0.3541103382594883,1e-07,up
5.0,0.4185846522450446,1e-07,up
5.2,0.4584734886884688,1e-07,up
5.4,0.35211631469428534,1e-07,up
5.6,0.28821715060621494,1e-07,up
5.8,0.43530910788103927,1e-07,up
6.0,0.27238052338361735,1e-07,up
6.2,0.4406023453921079,1e-07,up
6.4,0.5075664892792701,1e-07,up
6.6,0.36330426856875414,1e-07,up
6.8,0.5314212515950202,1e-07,up
7.0,0.3754529245197772,1e-07,up
7.2,0.3968310384079813,1e-07,up
7.4,0.5312467338517307,1e-07,up
7.6,0.5219943244010209,1e-07,up
7.8,0.435682491166517,1e-07,up
8.0,0.48911368683911854,1e-07,up
8.0,0.4759740605950355,1e-07,down
7.8,0.4950689058750867,1e-07,down
7.6,0.558752686716616,1e-07,down
7.4,0.5392723809927701,1e-07,down
7.2,0.47319441661238665,1e-07,down
7.0,0.41224931925535196,1e-07,down
6.8,0.37369313836097706,1e-07,down
6.6,0.34770911186933506,1e-07,down
6.4,0.3994282111525535,1e-07,down
6.2,0.32734928280115116,1e-07,down
6.0,0.31080526113510126,1e-07,down
5.8,0.22534930706024167,1e-07,down
5.6,0.5380836315453051,1e-07,down
5.4,0.30930688744410867,1e-07,down
5.2,0.3011288791894912,1e-07,down
5.0,0.4054690683260559,1e-07,down
4.8,0.28222770988941187,1e-07,down
4.6,0.15061572194099423,1e-07,down
4.4,0.3657115623354911,1e-07,down
4.2,0.17711060866713518,1e-07,down
4.0,0.20055673271417615,1e-07,down
3.8,0.238598246127367,1e-07,down
3.6,0.23957370594143865,1e-07,down
3.4,0.11096007749438283,1e-07,down
3.2,0.19608555734157557,1e-07,down
3.0,0.2735296040773391,1e-07,down
2.8,0.284098002128303,1e-07,down
2.6,0.3029424846172332,1e-07,down
2.4,0.4161139538045972,1e-07,down
2.2,0.368528265506029,1e-07,down
2.0,0.32489631511271,1e-07,down
1.8,0.16499415040016172,1e-07,down
1.6,0.22421952337026593,1e-07,down
1.4,0.22375274449586866,1e-07,down
1.2,0.140154093503952,1e-07,down
1.0,0.2955427840352058,1e-07,down
0.8,0.50214010104537,1e-07,down
0.6,0.45427792798727745,1e-07,down
0.4,-0.022247243672609322,1e-07,down
0.2,0.21247856505215162,1e-07,down
-0.0,0.08212129771709441,1e-07,down
-0.0,0.08212129771709441,1e-07,up
0.2,-0.007022216916084294,1e-07,up
0.4,0.26793350558727974,1e-07,up
0.6,-0.05040058679878712,1e-07,up
0.8,0.3159601520746946,1e-07,up
1.0,0.020938295405358073,1e-07,up
1.2,0.2834358653053641,1e-07,up
1.4,-0.023843618109822273,1e-07,up
1.6,0.0771685056388378,1e-07,up
1.8,0.0625173896551132,1e-07,up
2.0,0.06814830284565684,1e-07,up
2.2,0.056122987531125525,1e-07,up
2.4,0.24072030745446676,1e-07,up
2.6,0.4432232938706874,1e-07,up
2.8,-0.054692413657903664,1e-07,up
3.0,0.018441724358126518,1e-07,up
3.2,0.29363305494189257,1e-07,up
3.4,-0.06710515357553958,1e-07,up
3.6,0.10462128743529317,1e-07,up
3.8,0.3827048055827617,1e-07,up
4.0,-0.03769264183938504,1e-07,up
4.2,0.10544710140675305,1e-07,up
4.4,0.07358709722757337,1e-07,up
4.6,0.1332832872867584,1e-07,up
4.8,0.11701063811779018,1e-07,up
5.0,0.33247660100460047,1e-07,up
5.2,0.13249520584940908,1e-07,up
5.4,0.369969880208373,1e-07,up
5.6,0.434655001387,1e-07,up
5.8,0.13623382896184916,1e-07,up
6.0,0.41556080058217043,1e-07,up
6.2,0.5857360766385681,1e-07,up
6.4,0.28639996796846384,1e-07,up
6.6,0.4862448498606681,1e-07,up
6.8,0.5410164594650267,1e-07,up
7.0,0.5789062231779097,1e-07,up
7.2,0.45252197049558157,1e-07,up
7.4,0.4115870175883173,1e-07,up
7.6,0.42709040269255627,1e-07,up
7.8,0.4954343996942043,1e-07,up
8.0,0.4093985445797443,1e-07,up
8.0,0.4850892196409404,1e-07,down
7.8,0.525923445355147,1e-07,down
7.6,0.5184838697314261,1e-07,down
7.4,0.5660400334745644,1e-07,down
7.2,0.36777535453438753,1e-07,down
7.0,0.6003453396260737,1e-07,down
6.8,0.5661439169198274,1e-07,down
6.6,0.5299769695848225,1e-07,down
6.4,0.5588792115449904,1e-07,down
6.2,0.33653223887085904,1e-07,down
6.0,0.3607873395085334,1e-07,down
5.8,0.5579229267314075,1e-07,down
5.6,0.5310749039053916,1e-07,down
5.4,0.1916143652051687,1e-07,down
5.2,0.4333387874066829,1e-07,down
5.0,0.5567209201981312,1e-07,down
4.8,0.348490132659208,1e-07,down
4.6,0.24202607385814187,1e-07,down
4.4,0.28753685206174845,1e-07,down
4.2,0.19966437015682456,1e-07,down
4.0,0.32231748662889004,1e-07,down
3.8,0.29333733022212977,1e-07,down
3.6,0.34478320739435725,1e-07,down
3.4,0.41358594410121435,1e-07,down
3.2,0.3402036149054765,1e-07,down
3.0,0.3185101896524429,1e-07,down
2.8,0.2275500074028968,1e-07,down
2.6,0.37251915363594884,1e-07,down
2.4,0.3627845346927642,1e-07,down
2.2,0.1863045766949653,1e-07,down
2.0,0.15441149473190305,1e-07,down
1.8,0.19878204166889188,1e-07,down
1.6,0.09476632624864575,1e-07,down
1.4,0.4043676257133483,1e-07,down
1.2,0.6615512818098067,1e-07,down
1.0,0.017676454037427892,1e-07,down
0.8,0.39513154886662955,1e-07,down
0.6,0.5948819201439618,1e-07,down
0.4,0.6172439511865376,1e-07,down
0.2,0.6243018573150038,1e-07,down
-0.0,0.005642903706757349,1e-07,down
-0.0,0.005642903706757349,1e-07,up
0.2,0.26970342267304653,1e-07,up
0.4,0.17655894253402943,1e-07,up
0.6,0.19097033212892706,1e-07,up
0.8,0.17997545516118402,1e-07,up
1.0,0.3016983373090624,1e-07,up
1.2,0.0199026446789503,1e-07,up
1.4,0.2453125901520252,1e-07,up
1.6,0.4702473301440477,1e-07,up
1.8,0.0951807582750916,1e-07,up
2.0,0.271376019809395,1e-07,up
2.2,0.31953652203083033,1e-07,up
2.4,0.008670764043927186,1e-07,up
2.6,0.25256543979048723,1e-07,up
2.8,0.016886202618479722,1e-07,up
3.0,0.2735395990312099,1e-07,up
3.2,0.32437625149032095,1e-07,up
3.4,0.2792391516268253,1e-07,up
3.6,0.1753476709127426,1e-07,up
3.8,0.23828640207648275,1e-07,up
4.0,0.10460321605205533,1e-07,up
4.2,0.41205646470189083,1e-07,up
4.4,0.3950978480279445,1e-07,up
4.6,0.35873199906200165,1e-07,up
4.8,0.14992281794548032,1e-07,up
5.0,0.30546201393008227,1e-07,up
5.2,0.4599647661671042,1e-07,up
5.4,0.570429891347885,1e-07,up
5.6,0.1775993108749389,1e-07,up
5.8,0.30930360406637186,1e-07,up
6.0,0.20827821642160413,1e-07,up
6.2,0.39807748235762114,1e-07,up
6.4,0.5448103323578833,1e-07,up
6.6,0.32678558118641376,1e-07,up
6.8,0.41186944395303715,1e-07,up
7.0,0.3739282600581645,1e-07,up
7.2,0.5542168281972407,1e-07,up
7.4,0.5146820209920405,1e-07,up
7.6,0.5117951203137635,1e-07,up
7.8,0.5049728453159332,1e-07,up
8.0,0.5121254604309796,1e-07,up
8.0,0.49266543611884106,1e-07,down
7.8,0.4656030796468257,1e-07,down
7.6,0.44498355314135546,1e-07,down
7.4,0.45233639702200884,1e-07,down
7.2,0.6334696440026163,1e-07,down
7.0,0.48923879303038115,1e-07,down
6.8,0.558826679480262,1e-07,down
6.6,0.39117377623915667,1e-07,down
6.4,0.3652506880462169,1e-07,down
6.2,0.5183682404458522,1e-07,down
6.0,0.5291402526199817,1e-07,down
5.8,0.5260029956698417,1e-07,down
5.6,0.6110357791185378,1e-07,down
5.4,0.6060362057760357,1e-07,down
5.2,0.19603809673571956,1e-07,down
5.0,0.3357164189219474,1e-07,down
4.8,0.3774263840168714,1e-07,down
4.6,0.14895605482161042,1e-07,down
4.4,0.3202360691502689,1e-07,down
4.2,0.28934804722666735,1e-07,down
4.0,0.34431227482855314,1e-07,down
3.8,0.39699602965265507,1e-07,down
3.6,0.6100371563807129,1e-07,down
3.4,0.43224607873708,1e-07,down
3.2,0.09794886829331514,1e-07,down
3.0,0.28643480315804476,1e-07,down
2.8,0.3906868696212768,1e-07,down
2.6,0.021402411162853234,1e-07,down
2.4,0.2632716856896877,1e-07,down
2.2,0.21633864939212796,1e-07,down
2.0,0.38043966516852373,1e-07,down
1.8,0.2111145788803696,1e-07,down
1.6,0.2563745938241481,1e-07,down
1.4,0.6403248719871043,1e-07,down
1.2,0.11970936879515645,1e-07,down
1.0,0.3165350899798795,1e-07,down
0.8,0.3354991450323723,1e-07,down
0.6,0.5534337051212788,1e-07,down
0.4,0.022611251100897775,1e-07,down
0.2,0.43544530263170594,1e-07,down
-0.0,0.1018006512895226,1e-07,down
-0.0,0.1018006512895226,1e-07,up
0.2,0.2752266842871904,1e-07,up
0.4,0.21987588796764607,1e-07,up
0.6,0.35660078749060625,1e-07,up
0.8,0.3567896671593189,1e-07,up
1.0,0.048243645578622804,1e-07,up
1.2,0.19987165555357927,1e-07,up
1.4,0.19934718776494262,1e-07,up
1.6,0.1627532988786697,1e-07,up
1.8,0.09665627870708703,1e-07,up
2.0,0.13151489570736882,1e-07,up
2.2,0.10972822830080983,1e-07,up
2.4,0.19183973222970957,1e-07,up
2.6,0.26392398774623865,1e-07,up
2.8,0.07476009801030158,1e-07,up
3.0,0.2634997330605983,1e-07,up
3.2,0.35403161682188505,1e-07,up
3.4,0.09002836514264344,1e-07,up
3.6,0.15205356851220128,1e-07,up
3.8,0.4199735652655362,1e-07,up
4.0,0.13281370699405667,1e-07,up
4.2,0.2835527914576232,1e-07,up
4.4,0.2502154149115085,1e-07,up
4.6,0.32394628226757044,1e-07,up
4.8,0.09121510386466979,1e-07,up
5.0,0.24472211394459004,1e-07,up
5.2,0.18784253671765325,1e-07,up
5.4,0.33680635690689087,1e-07,up
5.6,0.5107510946691035,1e-07,up
5.8,0.1394162783399224,1e-07,up
6.0,0.3678940646350383,1e-07,up
6.2,0.31586472317576403,1e-07,up
6.4,0.5738763012923299,1e-07,up
6.6,0.599420235492289,1e-07,up
6.8,0.6742788571864365,1e-07,up
7.0,0.431549347937107,1e-07,up
7.2,0.5473420675843953,1e-07,up
7.4,0.5502660935744642,1e-07,up
7.6,0.476078750565648,1e-07,up
7.8,0.4761004727333783,1e-07,up
8.0,0.5287342630326747,1e-07,up
8.0,0.4734254744835197,1e-07,down
7.8,0.4898695219308137,1e-07,down
7.6,0.5577661674469708,1e-07,down
7.4,0.5485730450600385,1e-07,down
7.2,0.5896491669118403,1e-07,down
7.0,0.420574765652418,1e-07,down
6.8,0.4231803882867097,1e-07,down
6.6,0.33256563916802395,1e-07,down
6.4,0.5977858100086448,1e-07,down
6.2,0.3537440709769725,1e-07,down
6.0,0.4912965456023811,1e-07,down
5.8,0.5189153160899876,1e-07,down
5.6,0.2176299951970577,1e-07,down
5.4,0.3626181408762931,1e-07,down
5.2,0.26711183879524464,1e-07,down
5.0,0.4404146093875169,1e-07,down
4.8,0.19787013344466683,1e-07,down
4.6,0.4270547693595289,1e-07,down
4.4,0.2777855624444782,1e-07,down
4.2,0.27736674249172205,1e-07,down
4.0,0.5039482885040342,1e-07,down
3.8,0.27984053827822203,1e-07,down
3.6,0.18656033277511594,1e-07,down
3.4,0.3307446824619546,1e-07,down
3.2,0.33907134213950474,1e-07,down
3.0,0.31960581149905914,1e-07,down
2.8,0.5557563547044991,1e-07,down
2.6,0.1242550956085324,1e-07,down
2.4,0.4269077479839324,1e-07,down
2.2,0.2932802378199994,1e-07,down
2.0,0.2184543900657445,1e-07,down
1.8,0.45492770010605443,1e-07,down
1.6,0.38003856316208834,1e-07,down
1.4,0.3633058629930018,1e-07,down
1.2,0.6835977323353291,1e-07,down
1.0,0.14611513540148732,1e-07,down
0.8,0.3365290741203352,1e-07,down
0.6,0.3100214600563049,1e-07,down
0.4,0.4135978007689117,1e-07,down
0.2,0.2996333530172705,1e-07,down
-0.0,0.27220204845070833,1e-07,down
-0.0,0.27220204845070833,1e-07,up
0.2,0.4820132134482264,1e-07,up
0.4,0.457068433985114,1e-07,up
0.6,0.48687728121876706,1e-07,up
0.8,0.1309471372514963,1e-07,up
1.0,0.22615559352561826,1e-07,up
1.2,0.3852097021299414,1e-07,up
1.4,0.04623714834451674,1e-07,up
1.6,0.23560732603073115,1e-07,up
1.8,0.022686660289764394,1e-07,up
2.0,0.33422331884503353,1e-07,up
2.2,0.2846116002183407,1e-07,up
2.4,0.4054758348502218,1e-07,up
2.6,0.35004789003869513,1e-07,up
2.8,0.5423422679305075,1e-07,up
3.0,0.4809773145243525,1e-07,up
3.2,0.5677169077098368,1e-07,up
3.4,0.5123371689114719,1e-07,up
3.6,0.6311399061232804,1e-07,up
3.8,0.18757348321378225,1e-07,up
4.0,0.29204500094056124,1e-07,up
4.2,0.3600076254224404,1e-07,up
4.4,0.2014464503154158,1e-07,up
4.6,0.31996239116415376,1e-07,up
4.8,0.5963219311088322,1e-07,up
5.0,0.2744177374988794,1e-07,up
5.2,0.4476793501526116,1e-07,up
5.4,0.5009143557399511,1e-07,up
5.6,0.5880294814705848,1e-07,up
5.8,0.5967961472924798,1e-07,up
6.0,0.1912827510386705,1e-07,up
6.2,0.4364207908511161,1e-07,up
6.4,0.5678396839648484,1e-07,up
6.6,0.22093618661165232,1e-07,up
6.8,0.49151612911373366,1e-07,up
7.0,0.4913546690077054,1e-07,up
7.2,0.425976164638996,1e-07,up
7.4,0.558053683489561,1e-07,up
7.6,0.45536911347880954,1e-07,up
7.8,0.5036385781131684,1e-07,up
8.0,0.4712347825989126,1e-07,up
8.0,0.4673878997564315,1e-07,down
7.8,0.5329736601561307,1e-07,down
7.6,0.5407804138958453,1e-07,down
7.4,0.5461869463324546,1e-07,down
7.2,0.37779417634010304,1e-07,down
7.0,0.3799377642571925,1e-07,down
6.8,0.30139736086130137,1e-07,down
6.6,0.4129525832831859,1e-07,down
6.4,0.2966087013483047,1e-07,down
6.2,0.43437153846025456,1e-07,down
6.0,0.42387582361698145,1e-07,down
5.8,0.31881228624843055,1e-07,down
5.6,0.3554754992946982,1e-07,down
5.4,0.3714044827356701,1e-07,down
5.2,0.34678279329091305,1e-07,down
5.0,0.33576204348355526,1e-07,down
4.8,0.17866177856922147,1e-07,down
4.6,0.32383767329156393,1e-07,down
4.4,0.21743140369653696,1e-07,down
4.2,0.259486386552453,1e-07,down
4.0,0.2787260971963405,1e-07,down
3.8,0.3038086965680122,1e-07,down
3.6,0.530639961361885,1e-07,down
3.4,0.5663012042641639,1e-07,down
3.2,0.5620395801961421,1e-07,down
3.0,-0.005368094891309734,1e-07,down
2.8,0.40759156923741097,1e-07,down
2.6,0.026659320574253784,1e-07,down
2.4,0.28533163148676977,1e-07,down
2.2,-0.000415142625570302,1e-07,down
2.0,0.37613530270755285,1e-07,down
1.8,0.5277071082964538,1e-07,down
1.6,0.00850460864603519,1e-07,down
1.4,0.44517085608094925,1e-07,down
1.2,0.4992486909031868,1e-07,down
1.0,0.6105423923581839,1e-07,down
0.8,0.6396536901593207,1e-07,down
0.6,-0.08370487531647086,1e-07,down
0.4,0.2006976697593927,1e-07,down
0.2,0.4659973075613379,1e-07,down
-0.0,0.5722188447834923,1e-07,down
-0.0,0.5722188447834923,1e-07,up
0.2,0.5064952641841954,1e-07,up
0.4,-0.10211332887411118,1e-07,up
0.6,0.4136790917254984,1e-07,up
0.8,-0.138836576603353,1e-07,up
1.0,0.3978176917880773,1e-07,up
1.2,0.5246713254600762,1e-07,up
1.4,0.5759123256430029,1e-07,up
1.6,-0.00962999416515231,1e-07,up
1.8,0.10981655959039924,1e-07,up
2.0,0.3619356006383896,1e-07,up
2.2,-0.07925138436257839,1e-07,up
2.4,0.09911383874714372,1e-07,up
2.6,0.37428588606417174,1e-07,up
2.8,0.010588202625513063,1e-07,up
3.0,0.3668169940356165,1e-07,up
3.2,-0.04538614582270384,1e-07,up
3.4,0.3978407140821218,1e-07,up
3.6,0.006249427795410148,1e-07,up
3.8,0.4258314478211104,1e-07,up
4.0,0.056793097406625734,1e-07,up
4.2,0.19907788187265393,1e-07,up
4.4,0.3346025142818689,1e-07,up
4.6,0.35550762619823206,1e-07,up
4.8,0.2525805085897445,1e-07,up
5.0,0.30719538545235986,1e-07,up
5.2,0.44926494173705567,1e-07,up
5.4,0.37013544887304295,1e-07,up
5.6,0.19760567392222578,1e-07,up
5.8,0.4748390009626745,1e-07,up
6.0,0.4578555934131145,1e-07,up
6.2,0.49410351394908497,1e-07,up
6.4,0.5422322656959294,1e-07,up
6.6,0.5346762146800755,1e-07,up
6.8,0.28043194673955435,1e-07,up
7.0,0.4565727738663553,1e-07,up
7.2,0.42659479100257147,1e-07,up
7.4,0.4855872513726353,1e-07,up
7.6,0.5135289896279572,1e-07,up
7.8,0.49736750591546286,1e-07,up
8.0,0.4515700917690991,1e-07,up
8.0,0.500228989869356,1e-07,down
7.8,0.4496755716390907,1e-07,down
7.6,0.474648343399167,1e-07,down
7.4,0.4636224848218261,1e-07,down
7.2,0.5641797147691249,1e-07,down
7.0,0.5416407026350497,1e-07,down
6.8,0.5440372098237274,1e-07,down
6.6,0.37641683220863337,1e-07,down
6.4,0.3412792086601257,1e-07,down
6.2,0.30709864199161524,1e-07,down
6.0,0.28984839469194407,1e-07,down
5.8,0.46054788632318366,1e-07,down
5.6,0.4448934160172938,1e-07,down
5.4,0.3543746880022808,1e-07,down
5.2,0.4290239512920379,1e-07,down
5.0,0.2890861332416534,1e-07,down
4.8,0.33499052375555033,1e-07,down
4.6,0.3457187116146087,1e-07,down
4.4,0.46790363267064083,1e-07,down
4.2,0.3142100796103477,1e-07,down
4.0,0.48146276921033854,1e-07,down
3.8,0.31059411168098444,1e-07,down
3.6,0.24026133865118024,1e-07,down
3.4,0.5325104789808391,1e-07,down
3.2,0.28787539899349207,1e-07,down
3.0,0.3044616724364459,1e-07,down
2.8,0.22851515305228529,1e-07,down
2.6,0.1411027428694069,1e-07,down
2.4,0.29662441369146103,1e-07,down
2.2,0.32002648292109365,1e-07,down
2.0,0.34764012554660434,1e-07,down
1.8,0.4126491546630859,1e-07,down
1.6,0.43611175194382656,1e-07,down
1.4,0.2261780064000049,1e-07,down
1.2,0.4360621658270247,1e-07,down
1.0,0.46312127448618406,1e-07,down
0.8,0.1587850387440994,1e-07,down
0.6,0.3619702355936169,1e-07,down
0.4,0.24816671945154664,1e-07,down
0.2,0.2323909848928451,1e-07,down
-0.0,0.24781962856650344,1e-07,down
-0.0,0.24781962856650344,1e-07,up
0.2,0.545676253736019,1e-07,up
0.4,0.20702977478504178,1e-07,up
0.6,0.22276829183101649,1e-07,up
0.8,0.5225038076750934,1e-07,up
1.0,0.3883182287681847,1e-07,up
1.2,0.13212502002716062,1e-07,up
1.4,0.35832307301461686,1e-07,up
1.6,0.2881176574155688,1e-07,up
1.8,0.1494811028242111,1e-07,up
2.0,0.4531614771112799,1e-07,up
2.2,0.35099063068628306,1e-07,up
2.4,0.23958440590649838,1e-07,up
2.6,0.3540602284483611,1e-07,up
2.8,0.26449322607368225,1e-07,up
3.0,0.20338110439479348,1e-07,up
3.2,0.1864450387656688,1e-07,up
3.4,0.2001430047675967,1e-07,up
3.6,0.20911252964287994,1e-07,up
3.8,0.24224114604294295,1e-07,up
4.0,0.1680861767381429,1e-07,up
4.2,0.28651876468211407,1e-07,up
4.4,0.2262192294001579,1e-07,up
4.6,0.2930602896958589,1e-07,up
4.8,0.2775308536365628,1e-07,up
5.0,0.1847282985690981,1e-07,up
5.2,0.26371223991736764,1e-07,up
5.4,0.5292341783642768,1e-07,up
5.6,0.5176888336427509,1e-07,up
5.8,0.1772773107513785,1e-07,up
6.0,0.3892359789460897,1e-07,up
6.2,0.31343254260718817,1e-07,up
6.4,0.37183513399213547,1e-07,up
6.6,0.5801099864766001,1e-07,up
6.8,0.579871164401993,1e-07,up
7.0,0.6336673633195459,1e-07,up
7.2,0.6554624177515505,1e-07,up
7.4,0.6327412133105097,1e-07,up
7.6,0.46184554323554033,1e-07,up
7.8,0.480147998780012,1e-07,up
8.0,0.5252208784222602,1e-07,up
8.0,0.5171918831765651,1e-07,down
7.8,0.4801614843308925,1e-07,down
7.6,0.4431390911340713,1e-07,down
7.4,0.5831420347094535,1e-07,down
7.2,0.5511783212423323,1e-07,down
7.0,0.5849502570927142,1e-07,down
6.8,0.5215718336403369,1e-07,down
6.6,0.3597068935632705,1e-07,down
6.4,0.5363217242993413,1e-07,down
6.2,0.465924359858036,1e-07,down
6.0,0.5046606140767834,1e-07,down
5.8,0.33480821736156935,1e-07,down
5.6,0.42484325170516957,1e-07,down
5.4,0.4263431262224912,1e-07,down
5.2,0.24638624675571916,1e-07,down
5.0,0.39931128174066527,1e-07,down
4.8,0.1777856647968292,1e-07,down
4.6,0.25766072422266,1e-07,down
4.4,0.19837204366922376,1e-07,down
4.2,0.30647322535514826,1e-07,down
4.0,0.25036013126373285,1e-07,down
3.8,0.40769996680319304,1e-07,down
3.6,0.44074237160384644,1e-07,down
3.4,0.28658811748027796,1e-07,down
3.2,0.383741945028305,1e-07,down
3.0,0.17248819442465896,1e-07,down
2.8,0.0721993064507842,1e-07,down
2.6,0.3767648562788963,1e-07,down
2.4,0.2695665415376424,1e-07,down
2.2,0.18592335935682056,1e-07,down
2.0,0.3254504688084125,1e-07,down
1.8,0.20775303244590757,1e-07,down
1.6,0.3445185758173465,1e-07,down
1.4,0.3626029454171657,1e-07,down
1.2,0.3317946102470159,1e-07,down
1.0,0.4654103275388478,1e-07,down
0.8,0.18654179573059076,1e-07,down
0.6,0.1344758868217468,1e-07,down
0.4,0.4228602088987826,1e-07,down
0.2,-0.005039792507886887,1e-07,down
-0.0,0.20408215746283528,1e-07,down
-0.0,0.20408215746283528,1e-07,up
0.2,0.12841701880097386,1e-07,up
0.4,0.15521891973912713,1e-07,up
0.6,0.08049017935991286,1e-07,up
0.8,0.15705685876309866,1e-07,up
1.0,0.0763934403657913,1e-07,up
1.2,0.21825811610324306,1e-07,up
1.4,0.31461248919367785,1e-07,up
1.6,0.29335315385833377,1e-07,up
1.8,0.3058458846062421,1e-07,up
2.0,0.12349797040224074,1e-07,up
2.2,0.23088945820927617,1e-07,up
2.4,0.3524534925818442,1e-07,up
2.6,0.3173650752287358,1e-07,up
2.8,0.11712588183581828,1e-07,up
3.0,0.24788425443693993,1e-07,up
3.2,0.2363103404641151,1e-07,up
3.4,0.30654587969183916,1e-07,up
3.6,0.18856981769204137,1e-07,up
3.8,0.22715016454458237,1e-07,up
4.0,0.3856044262647628,1e-07,up
4.2,0.4029792472720145,1e-07,up
4.4,0.3555371295660733,1e-07,up
4.6,0.20036967238411305,1e-07,up
4.8,0.24460730515420434,1e-07,up
5.0,0.2620659247040748,1e-07,up
5.2,0.40456537343561644,1e-07,up
5.4,0.3865824984386562,1e-07,up
5.6,0.28691782802343363,1e-07,up
5.8,0.5029323510825633,1e-07,up
6.0,0.5566620209719985,1e-07,up
6.2,0.2680829330347478,1e-07,up
6.4,0.5631828121840953,1e-07,up
6.6,0.4079318493604659,1e-07,up
6.8,0.4165708124637603,1e-07,up
7.0,0.5176118006929754,1e-07,up
7.2,0.5670220293104647,1e-07,up
7.4,0.5497229397296904,1e-07,up
7.6,0.4830670356750487,1e-07,up
7.8,0.5002208836376666,1e-07,up
8.0,0.45263298600912083,1e-07,up
8.0,0.4630729779601096,1e-07,down
7.8,0.4980133064091205,1e-07,down
7.6,0.4382953122258185,1e-07,down
7.4,0.39908754080533976,1e-07,down
7.2,0.4134037718176841,1e-07,down
7.0,0.5737668201327323,1e-07,down
6.8,0.44610534049570555,1e-07,down
6.6,0.49156945943832386,1e-07,down
6.4,0.5041476432234048,1e-07,down
6.2,0.47837897390127176,1e-07,down
6.0,0.3236731737852096,1e-07,down
5.8,0.38820307701826084,1e-07,down
5.6,0.38637297181412567,1e-07,down
5.4,0.2829772196710109,1e-07,down
5.2,0.3984815701842307,1e-07,down
5.0,0.3101343493908643,1e-07,down
4.8,0.36186588555574406,1e-07,down
4.6,0.3783680070191621,1e-07,down
4.4,0.4144711196422576,1e-07,down
4.2,0.22628878057003018,1e-07,down
4.0,0.24079643189907068,1e-07,down
3.8,0.25683178007602686,1e-07,down
3.6,0.2270790785551071,1e-07,down
3.4,0.39512983895838255,1e-07,down
3.2,0.35307714343070973,1e-07,down
3.0,0.19480778276920313,1e-07,down
2.8,0.19001334905624384,1e-07,down
2.6,0.2028487659990787,1e-07,down
2.4,0.3403217047452926,1e-07,down
2.2,0.21475000679492948,1e-07,down
2.0,0.384968027472496,1e-07,down
1.8,0.43434367142617697,1e-07,down
1.6,0.03646594658493994,1e-07,down
1.4,0.30280730361118907,1e-07,down
1.2,0.048000227659940706,1e-07,down
1.0,0.31941710039973253,1e-07,down
0.8,0.7155126500874757,1e-07,down
0.6,0.7750144153833388,1e-07,down
0.4,-0.16120967827737331,1e-07,down
0.2,0.679462470114231,1e-07,down
-0.0,0.7917710505425929,1e-07,down
-0.0,0.7917710505425929,1e-07,up
0.2,-0.0510363057255745,1e-07,up
0.4,0.06169608607888219,1e-07,up
0.6,0.011352464556694006,1e-07,up
0.8,-0.004318535327911384,1e-07,up
1.0,0.015526726841926559,1e-07,up
1.2,0.3791398182511329,1e-07,up
1.4,0.5634444612078368,1e-07,up
1.6,-0.061840720474719994,1e-07,up
1.8,0.11192721873521802,1e-07,up
2.0,0.18215130269527433,1e-07,up
2.2,0.1402103006839752,1e-07,up
2.4,0.25036547333002085,1e-07,up
2.6,0.678175862878561,1e-07,up
2.8,0.6318378187716005,1e-07,up
3.0,0.04108408838510511,1e-07,up
3.2,0.34643873572349543,1e-07,up
3.4,-0.044193744659423835,1e-07,up
3.6,0.2664254009723663,1e-07,up
3.8,0.011414006352424615,1e-07,up
4.0,0.4448819700628518,1e-07,up
4.2,0.4343726281076669,1e-07,up
4.4,0.5663524088449775,1e-07,up
4.6,0.13779463618993756,1e-07,up
4.8,0.3836966231465339,1e-07,up
5.0,0.16847332566976547,1e-07,up
5.2,0.3572826774325221,1e-07,up
5.4,0.38078040070831765,1e-07,up
5.6,0.4850103985518216,1e-07,up
5.8,0.5614107213914393,1e-07,up
6.0,0.5621789433062075,1e-07,up
6.2,0.6138946348801254,1e-07,up
6.4,0.34709809161722655,1e-07,up
6.6,0.4791638851165771,1e-07,up
6.8,0.5680253915488719,1e-07,up
7.0,0.33182705938816065,1e-07,up
7.2,0.4128594323992728,1e-07,up
7.4,0.5332683213055133,1e-07,up
7.6,0.4436773457564413,1e-07,up
7.8,0.43089859141036857,1e-07,up
8.0,0.4145079101435839,1e-07,up
8.0,0.45480806007981295,1e-07,down
7.8,0.5263162679038941,1e-07,down
7.6,0.4522302225232123,1e-07,down
7.4,0.42872884171083564,1e-07,down
7.2,0.6066776463994754,1e-07,down
7.0,0.44921925291419024,1e-07,down
6.8,0.36509902030229563,1e-07,down
6.6,0.34290856122970576,1e-07,down
6.4,0.5000190380960702,1e-07,down
6.2,0.3964412657078355,1e-07,down
6.0,0.2717999955639242,1e-07,down
5.8,0.323070921935141,1e-07,down
5.6,0.5324435919756069,1e-07,down
5.4,0.2580896541476249,1e-07,down
5.2,0.3733556373044848,1e-07,down
5.0,0.38446753472089756,1e-07,down
4.8,0.21384477615356443,1e-07,down
4.6,0.2109161391854286,1e-07,down
4.4,0.19756377488374705,1e-07,down
4.2,0.11264678835868834,1e-07,down
4.0,0.36217720154672856,1e-07,down
3.8,0.16016469523310659,1e-07,down
3.6,0.236318833194673,1e-07,down
3.4,0.22260166145861146,1e-07,down
3.2,0.13612203299999234,1e-07,down
3.0,0.24530108273029322,1e-07,down
2.8,0.21960567450150845,1e-07,down
2.6,0.1633914313279092,1e-07,down
2.4,0.21346107358112928,1e-07,down
2.2,0.25635344535112375,1e-07,down
2.0,0.3982926420867442,1e-07,down
1.8,-0.009658996947109704,1e-07,down
1.6,0.39051482081413263,1e-07,down
1.4,-0.017682284116745006,1e-07,down
1.2,0.06030557211488483,1e-07,down
1.0,0.05128328595310448,1e-07,down
0.8,0.06602045521140097,1e-07,down
0.6,0.26297924201935524,1e-07,down
0.4,0.34478287585079664,1e-07,down
0.2,0.3670471757650375,1e-07,down
-0.0,0.17364747822284696,1e-07,down
-0.0,0.17364747822284696,1e-07,up
0.2,0.13309525605291125,1e-07,up
0.4,0.28533926419913763,1e-07,up
0.6,-0.04155041184276343,1e-07,up
0.8,0.27871178369969124,1e-07,up
1.0,0.3621863797307014,1e-07,up
1.2,0.03715953696519136,1e-07,up
1.4,0.3133724746294319,1e-07,up
1.6,0.38785863108932966,1e-07,up
1.8,-0.028897595475427806,1e-07,up
2.0,0.07342245196923612,1e-07,up
2.2,0.053990063723176704,1e-07,up
2.4,0.30435717105865473,1e-07,up
2.6,-0.0013214629143476504,1e-07,up
2.8,0.2577193453907966,1e-07,up
3.0,-0.004148714244365697,1e-07,up
3.2,0.29677765071392054,1e-07,up
3.4,0.2596240090206265,1e-07,up
3.6,0.19473022967576978,1e-07,up
3.8,0.24947174708358938,1e-07,up
4.0,0.25903915427625174,1e-07,up
4.2,0.33639913797378534,1e-07,up
4.4,0.22901956178247923,1e-07,up
4.6,0.10632554814219472,1e-07,up
4.8,0.20179604738950727,1e-07,up
5.0,0.41388872778043145,1e-07,up
5.2,0.2107677510939538,1e-07,up
5.4,0.3337944892700761,1e-07,up
5.6,0.3647472504526376,1e-07,up
5.8,0.2778014531359076,1e-07,up
6.0,0.3031302371236961,1e-07,up
6.2,0.4402593979611992,1e-07,up
6.4,0.4660052182152866,1e-07,up
6.6,0.36391833610832686,1e-07,up
6.8,0.558623120188713,1e-07,up
7.0,0.5341759314760565,1e-07,up
7.2,0.4040204039774834,1e-07,up
7.4,0.48890672810375685,1e-07,up
7.6,0.5478074485436081,1e-07,up
7.8,0.4511663168668746,1e-07,up
8.0,0.5300750182941555,1e-07,up
8.0,0.4944894649088381,1e-07,down
7.8,0.5190106187947093,1e-07,down
7.6,0.4699334877077489,1e-07,down
7.4,0.4584588166326283,1e-07,down
7.2,0.4425930357538163,1e-07,down
7.0,0.4509323649108408,1e-07,down
6.8,0.39633080177009095,1e-07,down
6.6,0.35835057089570904,1e-07,down
6.4,0.5129370968788861,1e-07,down
6.2,0.2966166287660598,1e-07,down
6.0,0.34471514075994486,1e-07,down
5.8,0.40392309427261347,1e-07,down
5.6,0.3391389716416597,1e-07,down
5.4,0.25679402798414225,1e-07,down
5.2,0.32054959610104555,1e-07,down
5.0,0.2703330814838409,1e-07,down
4.8,0.4014049530960619,1e-07,down
4.6,0.19038381706923244,1e-07,down
4.4,0.34398661972954864,1e-07,down
4.2,0.3745334651321172,1e-07,down
4.0,0.3514420352876185,1e-07,down
3.8,0.35999574139714235,1e-07,down
3.6,0.330592812038958,1e-07,down
3.4,0.21019495290238405,1e-07,down
3.2,0.3030093349516391,1e-07,down
3.0,0.2684469865635037,1e-07,down
2.8,0.30480378121137613,1e-07,down
2.6,0.3222506665624678,1e-07,down
2.4,0.2261375747621059,1e-07,down
2.2,0.3541339426301419,1e-07,down
2.0,0.20205774344503877,1e-07,down
1.8,0.3099451288580894,1e-07,down
1.6,0.021436259150505062,1e-07,down
1.4,0.17015787586569783,1e-07,down
1.2,0.2073626816272735,1e-07,down
1.0,0.29208107292652125,1e-07,down
0.8,0.4150988776236772,1e-07,down
0.6,-0.040542243048548705,1e-07,down
0.4,0.24375880509614942,1e-07,down
0.2,0.2894264087080955,1e-07,down
-0.0,0.32719699479639525,1e-07,down
-0.0,0.32719699479639525,1e-07,up
0.2,-0.00208488944917918,1e-07,up
0.4,0.2447288632392883,1e-07,up
0.6,0.48459635116159916,1e-07,up
0.8,-0.017788253724575053,1e-07,up
1.0,0.333602687343955,1e-07,up
1.2,0.3498781048692763,1e-07,up
1.4,0.2986528202891349,1e-07,up
1.6,-0.08327974937856196,1e-07,up
1.8,0.23951941356062884,1e-07,up
2.0,0.31912237778306,1e-07,up
2.2,-0.05176766053773463,1e-07,up
2.4,0.31037136726081366,1e-07,up
2.6,0.3187475195154547,1e-07,up
2.8,-0.04717279411852359,1e-07,up
3.0,0.30331733822822565,1e-07,up
3.2,0.5103974118828772,1e-07,up
3.4,0.38350203819572914,1e-07,up
3.6,-0.03897785034496338,1e-07,up
3.8,0.1267789341509342,1e-07,up
4.0,0.14048730116337535,1e-07,up
4.2,0.22314952872693533,1e-07,up
4.4,0.3229316156357526,1e-07,up
4.6,0.39824992604553694,1e-07,up
4.8,0.36015381990000594,1e-07,up
5.0,0.43134245462715615,1e-07,up
5.2,0.46107723284512747,1e-07,up
5.4,0.42547293752431864,1e-07,up
5.6,0.21355194272473452,1e-07,up
5.8,0.3265852448676014,1e-07,up
6.0,0.2480742279440164,1e-07,up
6.2,0.5526013402268289,1e-07,up
6.4,0.41768908873200405,1e-07,up
6.6,0.4034533537924289,1e-07,up
6.8,0.4699479416012763,1e-07,up
7.0,0.5086599476635455,1e-07,up
7.2,0.5660665798932313,1e-07,up
7.4,0.5763665693812071,1e-07,up
7.6,0.47921313717961306,1e-07,up
7.8,0.45476517826318735,1e-07,up
8.0,0.519342450192198,1e-07,up
8.0,0.46405081823468197,1e-07,down
7.8,0.40470422804355616,1e-07,down
7.6,0.4289411306381225,1e-07,down
7.4,0.5533249368891119,1e-07,down
7.2,0.46847501304000605,1e-07,down
7.0,0.485661232843995,1e-07,down
6.8,0.4427812714129686,1e-07,down
6.6,0.4458285500295459,1e-07,down
6.4,0.389766976237297,1e-07,down
6.2,0.2572979209944605,1e-07,down
6.0,0.26018976699560875,1e-07,down
5.8,0.2636452736333012,1e-07,down
5.6,0.377105233259499,1e-07,down
5.4,0.19416525587439534,1e-07,down
5.2,0.2865940970368683,1e-07,down
5.0,0.33558710943907494,1e-07,down
4.8,0.18989275302737949,1e-07,down
4.6,0.1439210437238216,1e-07,down
4.4,0.20817181002348661,1e-07,down
4.2,0.19609722145833072,1e-07,down
4.0,0.20159480907022947,1e-07,down
3.8,0.28471507225185627,1e-07,down
3.6,0.1709246570244431,1e-07,down
3.4,0.20991591736674306,1e-07,down
3.2,0.1653219722211361,1e-07,down
3.0,0.2569371256977319,1e-07,down
2.8,0.20197574980556962,1e-07,down
2.6,0.20510313287377355,1e-07,down
2.4,0.24158260598778722,1e-07,down
2.2,0.2860877905040979,1e-07,down
2.0,0.3065498881042003,1e-07,down
1.8,0.23968657478690142,1e-07,down
1.6,0.11424683034420012,1e-07,down
1.4,0.12491113692522046,1e-07,down
1.2,0.41259919479489315,1e-07,down
1.0,0.376891772262752,1e-07,down
0.8,0.44961772207170714,1e-07,down
0.6,0.06778739951550959,1e-07,down
0.4,0.26286523230373854,1e-07,down
0.2,0.212113169953227,1e-07,down
-0.0,0.10800001770257947,1e-07,down
-0.0,0.10800001770257947,1e-07,up
0.2,0.27059409674257034,1e-07,up
0.4,0.2560936473309993,1e-07,up
0.6,0.27698592667002225,1e-07,up
0.8,0.040003414265811436,1e-07,up
1.0,0.10024310834705827,1e-07,up
1.2,0.09381224028766154,1e-07,up
1.4,0.12300177663564679,1e-07,up
1.6,0.19329578895121807,1e-07,up
1.8,0.05377782694995402,1e-07,up
2.0,0.27499223407357926,1e-07,up
2.2,0.15854016458615655,1e-07,up
2.4,0.22151580936042586,1e-07,up
2.6,0.16075285244733092,1e-07,up
2.8,0.2264261115342378,1e-07,up
3.0,0.16302746091969308,1e-07,up
3.2,0.3131591198034584,1e-07,up
3.4,0.4022846948355435,1e-07,up
3.6,0.14595676772296426,1e-07,up
3.8,0.3571781758219003,1e-07,up
4.0,0.1713218986988067,1e-07,up
4.2,0.24955580383539197,1e-07,up
4.4,0.4028795883059501,1e-07,up
4.6,0.28016505204141134,1e-07,up
4.8,0.4906600909889675,1e-07,up
5.0,0.35914942063391203,1e-07,up
5.2,0.15074621886014936,1e-07,up
5.4,0.2927359510213136,1e-07,up
5.6,0.33456920646131033,1e-07,up
5.8,0.4995840257033705,1e-07,up
6.0,0.39390606805682177,1e-07,up
6.2,0.26228368096053595,1e-07,up
6.4,0.48663098551332945,1e-07,up
6.6,0.40508079156279553,1e-07,up
6.8,0.45283235609531397,1e-07,up
7.0,0.371196050196886,1e-07,up
7.2,0.5030638873577117,1e-07,up
7.4,0.48947163531556714,1e-07,up
7.6,0.4166155997663736,1e-07,up
7.8,0.39772235788404936,1e-07,up
8.0,0.3847059924155473,1e-07,up
8.0,0.4555792142637073,1e-07,down
7.8,0.4808303853496908,1e-07,down
7.6,0.4513203436508775,1e-07,down
7.4,0.5078040789812802,1e-07,down
7.2,0.5926301255822181,1e-07,down
7.0,0.5152864353731273,1e-07,down
6.8,0.3630628585815429,1e-07,down
6.6,0.5995107768103479,1e-07,down
6.4,0.4112092484720051,1e-07,down
6.2,0.43107964238151897,1e-07,down
6.0,0.2762117348611354,1e-07,down
5.8,0.5589350666850804,1e-07,down
5.6,0.3896880019456147,1e-07,down
5.4,0.34131965599954117,1e-07,down
5.2,0.4734253846108912,1e-07,down
5.0,0.30330448970198626,1e-07,down
4.8,0.42574397474527353,1e-07,down
4.6,0.37102898131706746,1e-07,down
4.4,0.4617881663143634,1e-07,down
4.2,0.5367748904973267,1e-07,down
4.0,0.38525525759905566,1e-07,down
3.8,0.20457692816853518,1e-07,down
3.6,0.3232881091535091,1e-07,down
3.4,0.4125122353434562,1e-07,down
3.2,0.15758873056620357,1e-07,down
3.0,0.3243209552019834,1e-07,down
2.8,0.22300771996378896,1e-07,down
2.6,0.07888241484761237,1e-07,down
2.4,0.13999636471271512,1e-07,down
2.2,0.1215345300734043,1e-07,down
2.0,0.13828851655125615,1e-07,down
1.8,0.6450648996978996,1e-07,down
1.6,0.37793187610805024,1e-07,down
1.4,0.07593656331300734,1e-07,down
1.2,0.18408102542161936,1e-07,down
1.0,0.5062708095938432,1e-07,down
0.8,0.22573154133715428,1e-07,down
0.6,0.31564591825008387,1e-07,down
0.4,0.3542854102561249,1e-07,down
0.2,0.09891807008534668,1e-07,down
-0.0,0.4746821001172065,1e-07,down
-0.0,0.4746821001172065,1e-07,up
0.2,0.39119179546833033,1e-07,up
0.4,0.40609166954527603,1e-07,up
0.6,0.1461999453604221,1e-07,up
0.8,0.13746979297138748,1e-07,up
1.0,0.2862993832677602,1e-07,up
1.2,0.2593210116028785,1e-07,up
1.4,0.1748693063855171,1e-07,up
1.6,0.15925960149616,1e-07,up
1.8,0.17011693445965645,1e-07,up
2.0,0.25680724531412125,1e-07,up
2.2,0.21515045687556264,1e-07,up
2.4,0.2260727919638157,1e-07,up
2.6,0.18506790697574613,1e-07,up
2.8,0.2511919662356376,1e-07,up
3.0,0.32443166337907303,1e-07,up
3.2,0.253519183024764,1e-07,up
3.4,0.41049607284367073,1e-07,up
3.6,0.18559734523296353,1e-07,up
3.8,0.35865657031536097,1e-07,up
4.0,0.20279196649789807,1e-07,up
4.2,0.2596628963947296,1e-07,up
4.4,0.3877107426524162,1e-07,up
4.6,0.35456478595733637,1e-07,up
4.8,0.34291644953191275,1e-07,up
5.0,0.3888705931603908,1e-07,up
5.2,0.24235310405492777,1e-07,up
5.4,0.2734608650207519,1e-07,up
5.6,0.41469764569774265,1e-07,up
5.8,0.23728819948155427,1e-07,up
6.0,0.4118870785459875,1e-07,up
6.2,0.3722862899303436,1e-07,up
6.4,0.3784532919526099,1e-07,up
6.6,0.4912774395197629,1e-07,up
6.8,0.6471517123281953,1e-07,up
7.0,0.4375678524374961,1e-07,up
7.2,0.5473185814917086,1e-07,up
7.4,0.5148720256984233,1e-07,up
7.6,0.4901804886758327,1e-07,up
7.8,0.45007755793631066,1e-07,up
8.0,0.4693241734057664,1e-07,up
8.0,0.5201973076909779,1e-07,down
7.8,0.46457200523582276,1e-07,down
7.6,0.5393714825622736,1e-07,down
7.4,0.43660816922783846,1e-07,down
7.2,0.6294402834028004,1e-07,down
7.0,0.5868704579770564,1e-07,down
6.8,0.5978889986872672,1e-07,down
6.6,0.37454533204436297,1e-07,down
6.4,0.3462804518640041,1e-07,down
6.2,0.34150782413780684,1e-07,down
6.0,0.5277129979804157,1e-07,down
5.8,0.3463821075856685,1e-07,down
5.6,0.5622134273871778,1e-07,down
5.4,0.29778453148901457,1e-07,down
5.2,0.3812619559466838,1e-07,down
5.0,0.3151995167136192,1e-07,down
4.8,0.3942297613248229,1e-07,down
4.6,0.17365575022995466,1e-07,down
4.4,0.15749502182006833,1e-07,down
4.2,0.17713227495551107,1e-07,down
4.0,0.09360658843070266,1e-07,down
3.8,0.4570200000889599,1e-07,down
3.6,0.35506695508956904,1e-07,down
3.4,0.14067625068128106,1e-07,down
3.2,0.5042525231838225,1e-07,down
3.0,0.2635940387845039,1e-07,down
2.8,0.39343256503343577,1e-07,down
2.6,0.2828014343976974,1e-07,down
2.4,0.42621495784260327,1e-07,down
2.2,0.11890328116714952,1e-07,down
2.0,0.26134811723022716,1e-07,down
1.8,0.22053588926792142,1e-07,down
1.6,0.24775856931228185,1e-07,down
1.4,0.34590417891740793,1e-07,down
1.2,0.20938047021627423,1e-07,down
1.0,0.2390009462833404,1e-07,down
0.8,0.34670487046241755,1e-07,down
0.6,0.15419398248195645,1e-07,down
0.4,0.41447737812995905,1e-07,down
0.2,0.3878916092216968,1e-07,down
-0.0,0.3651417735964059,1e-07,down
-0.0,0.3651417735964059,1e-07,up
0.2,0.42309530824422825,1e-07,up
0.4,0.04896305873990057,1e-07,up
0.6,0.3669085106812417,1e-07,up
0.8,0.08480548206716773,1e-07,up
1.0,0.18257389962673184,1e-07,up
1.2,0.18019516766071317,1e-07,up
1.4,0.08629626780748366,1e-07,up
1.6,0.1689780950546264,1e-07,up
1.8,0.36125837638974184,1e-07,up
2.0,0.3713481901213526,1e-07,up
2.2,0.09791092574596404,1e-07,up
2.4,0.1667322143912315,1e-07,up
2.6,0.4286086484789848,1e-07,up
2.8,0.3933991417288779,1e-07,up
3.0,0.5051415264606475,1e-07,up
3.2,0.2220238028094172,1e-07,up
3.4,0.1822458505630493,1e-07,up
3.6,0.2577240467071533,1e-07,up
3.8,0.5493026664480566,1e-07,up
4.0,0.42199045699089754,1e-07,up
4.2,0.47479546256363386,1e-07,up
4.4,0.5246907211840152,1e-07,up
4.6,0.5054178750142454,1e-07,up
4.8,0.12194504961371419,1e-07,up
5.0,0.39546304848045105,1e-07,up
5.2,0.5621685981750487,1e-07,up
5.4,0.19045779667794702,1e-07,up
5.6,0.39984404342249025,1e-07,up
5.8,0.5536680845543741,1e-07,up
6.0,0.2543081669136881,1e-07,up
6.2,0.39301395835354913,1e-07,up
6.4,0.46038623247295607,1e-07,up
6.6,0.47661493392661197,1e-07,up
6.8,0.4190600235015153,1e-07,up
7.0,0.3726891046389937,1e-07,up
7.2,0.4526407527737319,1e-07,up
7.4,0.5190577208995818,1e-07,up
7.6,0.5346571318805217,1e-07,up
7.8,0.5120609884615986,1e-07,up
8.0,0.5098617617040871,1e-07,up
8.0,0.482470273040235,1e-07,down
7.8,0.5698581798933445,1e-07,down
7.6,0.4767412357032298,1e-07,down
7.4,0.5604859944432973,1e-07,down
7.2,0.4349879101500846,1e-07,down
7.0,0.4082562638795934,1e-07,down
6.8,0.3803625162690877,1e-07,down
6.6,0.34619932528585184,1e-07,down
6.4,0.3314833492040633,1e-07,down
6.2,0.3170727230608463,1e-07,down
6.0,0.509237267076969,1e-07,down
5.8,0.4055109228938817,1e-07,down
5.6,0.48558860924094904,1e-07,down
5.4,0.25909215770661825,1e-07,down
5.2,0.2526373900473118,1e-07,down
5.0,0.4854972753673791,1e-07,down
4.8,0.28104580566287035,1e-07,down
4.6,0.3585065342485904,1e-07,down
4.4,0.4735284661874174,1e-07,down
4.2,0.13952427031472323,1e-07,down
4.0,0.39354998641647393,1e-07,down
3.8,0.4043770115822553,1e-07,down
3.6,0.2886899812147021,1e-07,down
3.4,0.4290108755230903,1e-07,down
3.2,0.4306524014100432,1e-07,down
3.0,0.10512378253042695,1e-07,down
2.8,0.3367904019542038,1e-07,down
2.6,0.5127144828438758,1e-07,down
2.4,0.5208060350269078,1e-07,down
2.2,0.48216268140822643,1e-07,down
2.0,0.010835274122655371,1e-07,down
1.8,0.5469322018325329,1e-07,down
1.6,0.04085878655314445,1e-07,down
1.4,0.2997962981462478,1e-07,down
1.2,0.01517078280448913,1e-07,down
1.0,0.30085818469524384,1e-07,down
0.8,0.6790943406522273,1e-07,down
0.6,0.118504126323387,1e-07,down
0.4,0.27415118133649224,1e-07,down
0.2,0.480408601462841,1e-07,down
-0.0,-0.009720608592033388,1e-07,down
-0.0,-0.009720608592033388,1e-07,up
0.2,-0.04464224260300398,1e-07,up
0.4,-0.0598243586719036,1e-07,up
0.6,-0.0853777639567852,1e-07,up
0.8,0.35339107876643533,1e-07,up
1.0,-0.1396896131336689,1e-07,up
1.2,0.36139238160103554,1e-07,up
1.4,0.4656158778816461,1e-07,up
1.6,0.36487534688785667,1e-07,up
1.8,0.48854361381381745,1e-07,up
2.0,0.34924132470041513,1e-07,up
2.2,-0.08491095260251313,1e-07,up
2.4,-0.009625058621168142,1e-07,up
2.6,0.4654541574418544,1e-07,up
2.8,0.5866746874526142,1e-07,up
3.0,0.6890358440577982,1e-07,up
3.2,0.7206072844564914,1e-07,up
3.4,0.00040046218782662337,1e-07,up
3.6,0.49814836122095574,1e-07,up
3.8,0.7085145153105258,1e-07,up
4.0,0.012387089431285853,1e-07,up
4.2,0.3490053750574588,1e-07,up
4.4,0.3233435414731502,1e-07,up
4.6,0.48813436552882183,1e-07,up
4.8,0.438346168026328,1e-07,up
5.0,0.590587293030694,1e-07,up
5.2,0.5651196055114268,1e-07,up
5.4,0.1648862715810537,1e-07,up
5.6,0.4208168741315602,1e-07,up
5.8,0.5956659112125634,1e-07,up
6.0,0.14001817628741262,1e-07,up
6.2,0.3402242343872785,1e-07,up
6.4,0.40662252530455584,1e-07,up
6.6,0.24826222658157346,1e-07,up
6.8,0.5048797326162456,1e-07,up
7.0,0.5127970138564705,1e-07,up
7.2,0.43114856630563725,1e-07,up
7.4,0.5910304356366395,1e-07,up
7.6,0.5481464613985735,1e-07,up
7.8,0.46324409544467915,1e-07,up
8.0,0.5582642275840043,1e-07,up
8.0,0.4613335086032747,1e-07,down
7.8,0.43117036670446385,1e-07,down
7.6,0.4526519700884818,1e-07,down
7.4,0.4544999003410338,1e-07,down
7.2,0.5360153000801801,1e-07,down
7.0,0.4346751300618052,1e-07,down
6.8,0.4773379610851406,1e-07,down
6.6,0.5770891960710286,1e-07,down
6.4,0.3624285571277141,1e-07,down
6.2,0.44531542807817454,1e-07,down
6.0,0.5621062805876135,1e-07,down
5.8,0.21871274150907988,1e-07,down
5.6,0.3937617987394332,1e-07,down
5.4,0.46239861566573376,1e-07,down
5.2,0.27089762012474233,1e-07,down
5.0,0.42321780929341907,1e-07,down
4.8,0.2529620081186294,1e-07,down
4.6,0.3322809082455932,1e-07,down
4.4,0.43269481463357795,1e-07,down
4.2,0.3612557183951139,1e-07,down
4.0,0.258154866809491,1e-07,down
3.8,0.44122657924890507,1e-07,down
3.6,0.3179318327456713,1e-07,down
3.4,0.33813376026228065,1e-07,down
3.2,0.3858133481116965,1e-07,down
3.0,0.34139722585678095,1e-07,down
2.8,0.31009929068386555,1e-07,down
2.6,0.49910552625078697,1e-07,down
2.4,0.2100538909435272,1e-07,down
2.2,0.35930260643362993,1e-07,down
2.0,0.4063246920704841,1e-07,down
1.8,0.32162376865744585,1e-07,down
1.6,0.30246527493000025,1e-07,down
1.4,0.31743337213993067,1e-07,down
1.2,0.5379775818437337,1e-07,down
1.0,0.38431978598237027,1e-07,down
0.8,0.08313145488500592,1e-07,down
0.6,0.18425600975751874,1e-07,down
0.4,0.3622290892526507,1e-07,down
0.2,0.18722889758646483,1e-07,down
-0.0,0.3495322242379188,1e-07,down
-0.0,0.3495322242379188,1e-07,up
0.2,0.031566165387630456,1e-07,up
0.4,0.27217826247215265,1e-07,up
0.6,0.2997350646182894,1e-07,up
0.8,0.2735376954078674,1e-07,up
1.0,0.31589682446792716,1e-07,up
1.2,0.28047798946499825,1e-07,up
1.4,0.15097001940011975,1e-07,up
1.6,0.18221935629844663,1e-07,up
1.8,0.24998257681727407,1e-07,up
2.0,0.1438755355775356,1e-07,up
2.2,0.17969389446079728,1e-07,up
2.4,0.28494280949234957,1e-07,up
2.6,0.3147958808112889,1e-07,up
2.8,0.1463922560214996,1e-07,up
3.0,0.28467360744252795,1e-07,up
3.2,0.15992220677435395,1e-07,up
3.4,0.21695556119084355,1e-07,up
3.6,0.3768806224688887,1e-07,up
3.8,0.24177478253841395,1e-07,up
4.0,0.5199877573177217,1e-07,up
4.2,0.29343944141874084,1e-07,up
4.4,0.44588567526079703,1e-07,up
4.6,0.36101187951862806,1e-07,up
4.8,0.31231473386287684,1e-07,up
5.0,0.17985334247350687,1e-07,up
5.2,0.32873926963657135,1e-07,up
5.4,0.5478873625397681,1e-07,up
5.6,0.5385764597449451,1e-07,up
5.8,0.2860675221309065,1e-07,up
6.0,0.35096658393740643,1e-07,up
6.2,0.3654064871370792,1e-07,up
6.4,0.376181561499834,1e-07,up
6.6,0.4909285916946827,1e-07,up
6.8,0.5251854369416832,1e-07,up
7.0,0.44345344230532635,1e-07,up
7.2,0.49034031480550755,1e-07,up
7.4,0.46596114709973324,1e-07,up
7.6,0.44066710770130146,1e-07,up
7.8,0.5578250028192995,1e-07,up
8.0,0.5031946299131959,1e-07,up
8.0,0.4883990376256406,1e-07,down
7.8,0.5140898600220679,1e-07,down
7.6,0.5366596694511826,1e-07,down
7.4,0.5495160846039652,1e-07,down
7.2,0.5753741115331649,1e-07,down
7.0,0.6017157221212982,1e-07,down
6.8,0.6019115233793854,1e-07,down
6.6,0.45456776209175576,1e-07,down
6.4,0.4343496691435575,1e-07,down
6.2,0.38491167518077407,1e-07,down
6.0,0.3543829328846186,1e-07,down
5.8,0.6367050176486373,1e-07,down
5.6,0.6074776193127034,1e-07,down
5.4,0.2840645463438704,1e-07,down
5.2,0.3949566204100846,1e-07,down
5.0,0.45858391374349583,1e-07,down
4.8,0.23750345013104374,1e-07,down
4.6,0.3203700492158531,1e-07,down
4.4,0.288022980093956,1e-07,down
4.2,0.3513921704143285,1e-07,down
4.0,0.28751906566321844,1e-07,down
3.8,0.44085664302110666,1e-07,down
3.6,0.21191065199673173,1e-07,down
3.4,0.282618012279272,1e-07,down
3.2,0.17862958461046213,1e-07,down
3.0,0.27614487707614893,1e-07,down
2.8,0.5087392788846045,1e-07,down
2.6,0.5124089661985635,1e-07,down
2.4,0.11275281105190514,1e-07,down
2.2,0.33478417992591847,1e-07,down
2.0,0.4772100965492427,1e-07,down
1.8,0.2539948876947164,1e-07,down
1.6,0.19007954373955724,1e-07,down
1.4,0.48384800413623447,1e-07,down
1.2,0.19952937215566632,1e-07,down
1.0,0.283520633354783,1e-07,down
0.8,0.26390945166349405,1e-07,down
0.6,0.3858183715492486,1e-07,down
0.4,0.13854735717177388,1e-07,down
0.2,0.27602611109614367,1e-07,down
-0.0,0.5789569951593875,1e-07,down
-0.0,0.5789569951593875,1e-07,up
0.2,0.2847906351089477,1e-07,up
0.4,0.007120338967069974,1e-07,up
0.6,0.22845958068501201,1e-07,up
0.8,-0.0004411363042891106,1e-07,up
1.0,0.25045084347948426,1e-07,up
1.2,0.0033687588293105307,1e-07,up
1.4,0.17510524485260245,1e-07,up
1.6,-0.008583834394812589,1e-07,up
1.8,0.22527416818775234,1e-07,up
2.0,0.4009635001420974,1e-07,up
2.2,0.021735852584242803,1e-07,up
2.4,0.14748769253492353,1e-07,up
2.6,0.1011409880593419,1e-07,up
2.8,0.24413074005860833,1e-07,up
3.0,0.10062259901314971,1e-07,up
3.2,0.2528732428327202,1e-07,up
3.4,0.22549881413578984,1e-07,up
3.6,0.2929249238222837,1e-07,up
3.8,0.1619772687554359,1e-07,up
4.0,0.3424547244794666,1e-07,up
4.2,0.31629053247161204,1e-07,up
4.4,0.39687349577434355,1e-07,up
4.6,0.14913680404424665,1e-07,up
4.8,0.45716642960906023,1e-07,up
5.0,0.30828324239701027,1e-07,up
5.2,0.17104313522577283,1e-07,up
5.4,0.20204558596014974,1e-07,up
5.6,0.40355895739048714,1e-07,up
5.8,0.39013788104057306,1e-07,up
6.0,0.47246112115681166,1e-07,up
6.2,0.3349645417183637,1e-07,up
6.4,0.4939739778637885,1e-07,up
6.6,0.4088749699294566,1e-07,up
6.8,0.4963704063557087,1e-07,up
7.0,0.41471350938081736,1e-07,up
7.2,0.5521558821201323,1e-07,up
7.4,0.5078301723115145,1e-07,up
7.6,0.5197861809283494,1e-07,up
7.8,0.49826903641223896,1e-07,up
8.0,0.440580978989601,1e-07,up
8.0,0.46955776680260886,1e-07,down
7.8,0.4631254728883504,1e-07,down
7.6,0.4174923943355679,1e-07,down
7.4,0.4434530362486838,1e-07,down
7.2,0.657673681154847,1e-07,down
7.0,0.5529906898736953,1e-07,down
6.8,0.3681466449052095,1e-07,down
6.6,0.5566748897545039,1e-07,down
6.4,0.3924140483140945,1e-07,down
6.2,0.37002161890268326,1e-07,down
6.0,0.29313251003623003,1e-07,down
5.8,0.341507714241743,1e-07,down
5.6,0.24871160835027692,1e-07,down
5.4,0.41287501016631717,1e-07,down
5.2,0.4435564782470464,1e-07,down
5.0,0.43294400908052916,1e-07,down
4.8,0.42607389762997616,1e-07,down
4.6,0.4076457871124148,1e-07,down
4.4,0.12100793980062005,1e-07,down
4.2,0.3797904094681143,1e-07,down
4.0,0.6027828680817037,1e-07,down
3.8,0.47391004371456796,1e-07,down
3.6,0.6073494795709847,1e-07,down
3.4,-0.05370743945240974,1e-07,down
3.2,0.4940905719995498,1e-07,down
3.0,-0.03550124913454056,1e-07,down
2.8,0.19013366568833584,1e-07,down
2.6,0.26684840023517603,1e-07,down
2.4,0.24789852835237977,1e-07,down
2.2,0.18388488469645378,1e-07,down
2.0,0.09599023836199191,1e-07,down
1.8,0.4503654818981885,1e-07,down
1.6,0.28089718800038094,1e-07,down
1.4,0.2888414748013019,1e-07,down
1.2,0.2885248195379972,1e-07,down
1.0,0.327642124146223,1e-07,down
0.8,0.35610978119075287,1e-07,down
0.6,0.03891679644584654,1e-07,down
0.4,0.2048229835927486,1e-07,down
0.2,0.41975997760891903,1e-07,down
-0.0,0.4164920095354318,1e-07,down
-0.0,0.4164920095354318,1e-07,up
0.2,-0.03039994090795517,1e-07,up
0.4,0.33068429678678507,1e-07,up
0.6,-0.0027998723089695033,1e-07,up
0.8,0.33255679905414576,1e-07,up
1.0,0.45886494964361185,1e-07,up
1.2,0.34556696563959116,1e-07,up
1.4,0.4687201250344514,1e-07,up
1.6,0.39175647497177113,1e-07,up
1.8,-0.09709316492080688,1e-07,up
2.0,0.07541883364319799,1e-07,up
2.2,-0.05066245794296265,1e-07,up
2.4,0.08818317204713817,1e-07,up
2.6,0.4411856345832347,1e-07,up
2.8,-0.00722935982048512,1e-07,up
3.0,0.08031324669718741,1e-07,up
3.2,0.3660981357097625,1e-07,up
3.4,0.07201407477259635,1e-07,up
3.6,0.3201591928955167,1e-07,up
3.8,0.28421281278133387,1e-07,up
4.0,0.23650924861431116,1e-07,up
4.2,0.4610543455928563,1e-07,up
4.4,0.46072195842862124,1e-07,up
4.6,0.5574714690446853,1e-07,up
4.8,0.16013908106833694,1e-07,up
5.0,0.36127378395758564,1e-07,up
5.2,0.45835442468523974,1e-07,up
5.4,0.48430747585371126,1e-07,up
5.6,0.5272865295410155,1e-07,up
5.8,0.4784713606350123,1e-07,up
6.0,0.2759618994314223,1e-07,up
6.2,0.5341413961723446,1e-07,up
6.4,0.35709667205810536,1e-07,up
6.6,0.4604182727634905,1e-07,up
6.8,0.4423102736473083,1e-07,up
7.0,0.5222688857465981,1e-07,up
7.2,0.34989496553316707,1e-07,up
7.4,0.5570891257375478,1e-07,up
7.6,0.48593143408652384,1e-07,up
7.8,0.5505197644233703,1e-07,up
8.0,0.5158417935017495,1e-07,up
8.0,0.48428504448384035,1e-07,down
7.8,0.47308002598583687,1e-07,down
7.6,0.5755311206448822,1e-07,down
7.4,0.6098278742283582,1e-07,down
7.2,0.48573165014386166,1e-07,down
7.0,0.5712061133235692,1e-07,down
6.8,0.4520146995782851,1e-07,down
6.6,0.5658425488509237,1e-07,down
6.4,0.3474092073738574,1e-07,down
6.2,0.393615118227899,1e-07,down
6.0,0.607478936202824,1e-07,down
5.8,0.5037481361068784,1e-07,down
5.6,0.24443143233656878,1e-07,down
5.4,0.37442965735681355,1e-07,down
5.2,0.222169691696763,1e-07,down
5.0,0.31767613068222994,1e-07,down
4.8,0.36901061981916417,1e-07,down
4.6,0.3212847337126732,1e-07,down
4.4,0.3689931463450193,1e-07,down
4.2,0.39728775620460505,1e-07,down
4.0,0.41897266707383085,1e-07,down
3.8,0.19291182979941363,1e-07,down
3.6,0.35601889528334135,1e-07,down
3.4,0.14367034845054147,1e-07,down
3.2,0.36494035460054874,1e-07,down
3.0,0.4536623135209083,1e-07,down
2.8,0.08788257464766501,1e-07,down
2.6,0.275895582512021,1e-07,down
2.4,0.30449926451547066,1e-07,down
2.2,0.38581842556595797,1e-07,down
2.0,0.4894191715866327,1e-07,down
1.8,0.09431695751845834,1e-07,down
1.6,0.36765405224286946,1e-07,down
1.4,0.5386106818914412,1e-07,down
1.2,0.13396064378321168,1e-07,down
1.0,0.451182342832908,1e-07,down
0.8,0.03629451990127561,1e-07,down
0.6,0.2513065664097666,1e-07,down
0.4,0.24259587004780764,1e-07,down
0.2,0.08304402418434619,1e-07,down
-0.0,0.3172308839857578,1e-07,down
-0.0,0.3172308839857578,1e-07,up
0.2,0.6238112319260835,1e-07,up
0.4,-0.10197048448026179,1e-07,up
0.6,0.3451403453946113,1e-07,up
0.8,-0.0209697149693966,1e-07,up
1.0,0.09297242760658263,1e-07,up
1.2,0.2741927690804004,1e-07,up
1.4,0.45548328012228,1e-07,up
1.6,-0.027178495191037665,1e-07,up
1.8,0.32792504690587515,1e-07,up
2.0,0.027047507464885694,1e-07,up
2.2,0.28916065581142897,1e-07,up
2.4,0.3025483218953013,1e-07,up
2.6,0.3880855478346347,1e-07,up
2.8,0.01608281605876981,1e-07,up
3.0,0.15494490694254634,1e-07,up
3.2,0.1996338870376348,1e-07,up
3.4,0.08683128748089072,1e-07,up
3.6,0.2779369838535785,1e-07,up
3.8,0.42776217777281994,1e-07,up
4.0,0.4994738982059061,1e-07,up
4.2,0.03268377855420111,1e-07,up
4.4,0.3896311912685632,1e-07,up
4.6,0.5105572305619716,1e-07,up
4.8,0.4251977824606001,1e-07,up
5.0,0.47198414616286744,1e-07,up
5.2,0.5167142236605285,1e-07,up
5.4,0.45244799554347986,1e-07,up
5.6,0.5171453072689473,1e-07,up
5.8,0.19634319469332692,1e-07,up
6.0,0.4100922956131398,1e-07,up
6.2,0.2308805296197533,1e-07,up
6.4,0.344707803800702,1e-07,up
6.6,0.6032283566892146,1e-07,up
6.8,0.6200192347168921,1e-07,up
7.0,0.4033692795783281,1e-07,up
7.2,0.5815731511684133,1e-07,up
7.4,0.5819000359624624,1e-07,up
7.6,0.5830816230736672,1e-07,up
7.8,0.45998995006084437,1e-07,up
8.0,0.44263054803013796,1e-07,up
8.0,0.488338672555983,1e-07,down
7.8,0.593136854469776,1e-07,down
7.6,0.6052781268954276,1e-07,down
7.4,0.5678370324894785,1e-07,down
7.2,0.42281500622630114,1e-07,down
7.0,0.49906233046203846,1e-07,down
6.8,0.5077279019751585,1e-07,down
6.6,0.4607625100761651,1e-07,down
6.4,0.4762794105336069,1e-07,down
6.2,0.5115526588633655,1e-07,down
6.0,0.22296809591352937,1e-07,down
5.8,0.3016727957874536,1e-07,down
5.6,0.3062595971859991,1e-07,down
5.4,0.30659074569121,1e-07,down
5.2,0.18437137920409435,1e-07,down
5.0,0.3303202465176582,1e-07,down
4.8,0.22180708637461063,1e-07,down
4.6,0.4049784468952566,1e-07,down
4.4,0.30544445477426047,1e-07,down
4.2,0.2718047089874744,1e-07,down
4.0,0.2548384851543232,1e-07,down
3.8,0.319781981408596,1e-07,down
3.6,0.34463781118392933,1e-07,down
3.4,0.4169474877417087,1e-07,down
3.2,0.12288258923217651,1e-07,down
3.0,0.29220402799546713,1e-07,down
2.8,0.11365755740553138,1e-07,down
2.6,0.23066288977861402,1e-07,down
2.4,0.19426785898394877,1e-07,down
2.2,0.3542691580951213,1e-07,down
2.0,0.13573503121733663,1e-07,down
1.8,0.20469618123024697,1e-07,down
1.6,0.07278893725015222,1e-07,down
1.4,0.2378850012319162,1e-07,down
1.2,0.2500245682895183,1e-07,down
1.0,0.3906686771661042,1e-07,down
0.8,0.3145868047140538,1e-07,down
0.6,0.3126288466155529,1e-07,down
0.4,0.40384338144212956,1e-07,down
0.2,0.10992373339831825,1e-07,down
-0.0,0.18195455940440292,1e-07,down
-0.0,0.18195455940440292,1e-07,up
0.2,0.3681424297392368,1e-07,up
0.4,0.046114776283502565,1e-07,up
0.6,0.0971496384590864,1e-07,up
0.8,0.11100739892572162,1e-07,up
1.0,0.15411024261265988,1e-07,up
1.2,0.14334953087382016,1e-07,up
1.4,0.11700570210814473,1e-07,up
1.6,0.15523250959813592,1e-07,up
1.8,0.2433488082606345,1e-07,up
2.0,0.388872823677957,1e-07,up
2.2,0.0577933583408594,1e-07,up
2.4,0.30776081141084427,1e-07,up
2.6,0.0857815984636545,1e-07,up
2.8,0.31176916416734457,1e-07,up
3.0,0.45152621180750424,1e-07,up
3.2,0.05126308032777159,1e-07,up
3.4,0.16391037404537198,1e-07,up
3.6,0.26185680483467877,1e-07,up
3.8,0.3628204332198947,1e-07,up
4.0,0.057502399198710905,1e-07,up
4.2,0.20243645738810298,1e-07,up
4.4,0.09222922474145888,1e-07,up
4.6,0.22824351349845523,1e-07,up
4.8,0.16176478611305353,1e-07,up
5.0,0.22481990838423369,1e-07,up
5.2,0.3494107108563184,1e-07,up
5.4,0.4318567570298909,1e-07,up
5.6,0.41508944332599634,1e-07,up
5.8,0.16620072722434995,1e-07,up
6.0,0.31583109404891724,1e-07,up
6.2,0.47508432529866684,1e-07,up
6.4,0.3842732775956391,1e-07,up
6.6,0.4609647300094365,1e-07,up
6.8,0.4158122679218649,1e-07,up
7.0,0.37779923155903805,1e-07,up
7.2,0.3784781675785779,1e-07,up
7.4,0.5910169668495655,1e-07,up
7.6,0.42285482212901104,1e-07,up
7.8,0.5252244640141724,1e-07,up
8.0,0.4221256058663129,1e-07,up
8.0,0.4460453055799006,1e-07,down
7.8,0.5596673088148235,1e-07,down
7.6,0.45236952457344154,1e-07,down
7.4,0.5021806764416396,1e-07,down
7.2,0.5243636276572942,1e-07,down
7.0,0.5361818708479403,1e-07,down
6.8,0.45158045366406435,1e-07,down
6.6,0.5714098103344439,1e-07,down
6.4,0.3623083882266655,1e-07,down
6.2,0.5708637163043021,1e-07,down
6.0,0.5032423976808785,1e-07,down
5.8,0.5898770242929458,1e-07,down
5.6,0.24366920068860048,1e-07,down
5.4,0.4555497057735919,1e-07,down
5.2,0.17208936437964434,1e-07,down
5.0,0.1779968403279781,1e-07,down
4.8,0.3493218049407004,1e-07,down
4.6,0.35904219746589655,1e-07,down
4.4,0.5138204339891671,1e-07,down
4.2,0.5136456005275248,1e-07,down
4.0,0.08570598810911176,1e-07,down
3.8,0.28032972104847426,1e-07,down
3.6,0.30497968010604376,1e-07,down
3.4,0.31443354487419123,1e-07,down
3.2,0.4189739096036646,1e-07,down
3.0,0.3775032814592122,1e-07,down
2.8,0.4479141444899141,1e-07,down
2.6,0.1493770610541105,1e-07,down
2.4,0.31211025267839426,1e-07,down
2.2,0.30903853813651944,1e-07,down
2.0,0.34060200990643347,1e-07,down
1.8,0.1567648388445377,1e-07,down
1.6,0.173955837264657,1e-07,down
1.4,0.12310676276683805,1e-07,down
1.2,0.2187039349228143,1e-07,down
1.0,0.21374665266193912,1e-07,down
0.8,0.4283504770137369,1e-07,down
0.6,0.38828736008144904,1e-07,down
0.4,0.25340201705694193,1e-07,down
0.2,0.12002845015376803,1e-07,down
-0.0,0.4612401951308129,1e-07,down
-0.0,0.4612401951308129,1e-07,up
0.2,0.15723990648984906,1e-07,up
0.4,0.221129460260272,1e-07,up
0.6,0.17449786514043808,1e-07,up
0.8,0.15544113516807553,1e-07,up
1.0,0.31189357489347447,1e-07,up
1.2,0.15381578751839692,1e-07,up
1.4,0.2715688236057758,1e-07,up
1.6,0.23842440111911853,1e-07,up
1.8,0.28943782299757,1e-07,up
2.0,0.24888144992291922,1e-07,up
2.2,0.28263706341385836,1e-07,up
2.4,0.2987024099566042,1e-07,up
2.6,0.16979638207703826,1e-07,up
2.8,0.1560186259448528,1e-07,up
3.0,0.36843329435214395,1e-07,up
3.2,0.16895317239686844,1e-07,up
3.4,0.42118886485695833,1e-07,up
3.6,0.253128504846245,1e-07,up
3.8,0.06533875421155243,1e-07,up
4.0,0.180058195721358,1e-07,up
4.2,0.45666165463626374,1e-07,up
4.4,0.2335039116442203,1e-07,up
4.6,0.28804309293627733,1e-07,up
4.8,0.29557076841592783,1e-07,up
5.0,0.23225864768028254,1e-07,up
5.2,0.45396176259964693,1e-07,up
5.4,0.5388182876631616,1e-07,up
5.6,0.6486591957509517,1e-07,up
5.8,0.28141152346506715,1e-07,up
6.0,0.5615844512358307,1e-07,up
6.2,0.3331801742315292,1e-07,up
6.4,0.357932586222887,1e-07,up
6.6,0.38125851750373835,1e-07,up
6.8,0.41913217864930624,1e-07,up
7.0,0.5914241205900906,1e-07,up
7.2,0.457624977454543,1e-07,up
7.4,0.4612947944551705,1e-07,up
7.6,0.4361342526972293,1e-07,up
7.8,0.41370472311973566,1e-07,up
8.0,0.49326793197542423,1e-07,up
8.0,0.48341226950287813,1e-07,down
7.8,0.4711919985711574,1e-07,down
7.6,0.463390104472637,1e-07,down
7.4,0.5964900171384214,1e-07,down
7.2,0.4617719231173395,1e-07,down
7.0,0.4776691142469643,1e-07,down
6.8,0.45619086548686016,1e-07,down
6.6,0.44604076258838166,1e-07,down
6.4,0.592208043206483,1e-07,down
6.2,0.5414360333234071,1e-07,down
6.0,0.34566464647650713,1e-07,down
5.8,0.3945934884250163,1e-07,down
5.6,0.5461922511458396,1e-07,down
5.4,0.2679226621985435,1e-07,down
5.2,0.30587458098307246,1e-07,down
5.0,0.18693283945322034,1e-07,down
4.8,0.4229481830261647,1e-07,down
4.6,0.3087238545995205,1e-07,down
4.4,0.26803995296359057,1e-07,down
4.2,0.321328651276417,1e-07,down
4.0,0.23892835155129427,1e-07,down
3.8,0.16282164119184014,1e-07,down
3.6,0.24099553003907198,1e-07,down
3.4,0.42939370311796654,1e-07,down
3.2,0.3867343110032379,1e-07,down
3.0,0.03593820333480834,1e-07,down
2.8,0.1634152829647064,1e-07,down
2.6,0.3705231882631778,1e-07,down
2.4,0.10974048636853694,1e-07,down
2.2,0.2943246275026467,1e-07,down
2.0,0.34881303831934923,1e-07,down
1.8,0.404343039728701,1e-07,down
1.6,0.014092866331338874,1e-07,down
1.4,0.05501276627182959,1e-07,down
1.2,0.19194111647084353,1e-07,down
1.0,0.2789816344156861,1e-07,down
0.8,0.04488779604434965,1e-07,down
0.6,0.196191044524312,1e-07,down
0.4,0.22921441635116932,1e-07,down
0.2,0.42711875261738885,1e-07,down
-0.0,0.35530212894082064,1e-07,down
-0.0,0.35530212894082064,1e-07,up
0.2,0.45188459521159524,1e-07,up
0.4,0.1304759117774665,1e-07,up
0.6,0.22069604322314257,1e-07,up
0.8,0.07040028832852839,1e-07,up
1.0,0.16000899579375982,1e-07,up
1.2,0.30305619910359377,1e-07,up
1.4,0.22288078907877204,1e-07,up
1.6,0.3577061146497726,1e-07,up
1.8,0.16127649322152135,1e-07,up
2.0,0.19799488410353658,1e-07,up
2.2,0.3254186920821666,1e-07,up
2.4,0.413872281089425,1e-07,up
2.6,0.34271272225305427,1e-07,up
2.8,0.1526029612869024,1e-07,up
3.0,0.16482097542029805,1e-07,up
3.2,0.38229444529861206,1e-07,up
3.4,0.3571465360000729,1e-07,up
3.6,0.2072063232772052,1e-07,up
3.8,0.2202860722318291,1e-07,up
4.0,0.36074412986636156,1e-07,up
4.2,0.15633246488869187,1e-07,up
4.4,0.3432406932115554,1e-07,up
4.6,0.4338318686932325,1e-07,up
4.8,0.4674637336283921,1e-07,up
5.0,0.39416364207863797,1e-07,up
5.2,0.253627928905189,1e-07,up
5.4,0.19096540287137026,1e-07,up
5.6,0.5022701490670441,1e-07,up
5.8,0.4167605787515639,1e-07,up
6.0,0.2932925075292587,1e-07,up
6.2,0.385627418756485,1e-07,up
6.4,0.5195196215063332,1e-07,up
6.6,0.33820458874106396,1e-07,up
6.8,0.4732752628624438,1e-07,up
7.0,0.4903487302362918,1e-07,up
7.2,0.5507968002930282,1e-07,up
7.4,0.4422392509877681,1e-07,up
7.6,0.5802489109337329,1e-07,up
7.8,0.544066366739571,1e-07,up
8.0,0.43330608308315266,1e-07,up
8.0,0.47065230738371605,1e-07,down
7.8,0.5759580910671501,1e-07,down
7.6,0.5222828239202498,1e-07,down
7.4,0.5413787647266871,1e-07,down
7.2,0.5010483432561158,1e-07,down
7.0,0.45156616630265484,1e-07,down
6.8,0.5637977104634045,1e-07,down
6.6,0.5341383293271064,1e-07,down
6.4,0.5835116207599639,1e-07,down
6.2,0.3819166831672191,1e-07,down
6.0,0.6035290146246551,1e-07,down
5.8,0.3224774841219187,1e-07,down
5.6,0.3693177048116921,1e-07,down
5.4,0.18351627141237253,1e-07,down
5.2,0.4353028370533138,1e-07,down
5.0,0.35317621380090714,1e-07,down
4.8,0.5197950992733239,1e-07,down
4.6,0.23767397366464132,1e-07,down
4.4,0.27628057636320585,1e-07,down
4.2,0.33626228896901006,1e-07,down
4.0,0.5880864430218934,1e-07,down
3.8,0.13883183384314177,1e-07,down
3.6,0.2903762646019458,1e-07,down
3.4,0.4858289957046508,1e-07,down
3.2,0.11954871378839012,1e-07,down
3.0,0.30102632939815516,1e-07,down
2.8,0.40618512779474253,1e-07,down
2.6,0.287852831184864,1e-07,down
2.4,0.49977899156510824,1e-07,down
2.2,0.27957950893323863,1e-07,down
2.0,0.5078153745271264,1e-07,down
1.8,-0.02428058162331581,1e-07,down
1.6,0.33304485306143755,1e-07,down
1.4,0.6101383790373801,1e-07,down
1.2,0.4966884264722466,1e-07,down
1.0,0.6621276549994946,1e-07,down
0.8,0.5953031592071055,1e-07,down
0.6,0.0011006742715835404,1e-07,down
0.4,0.26186456624418497,1e-07,down
0.2,0.2102710381150245,1e-07,down
-0.0,0.4666268974542617,1e-07,down
-0.0,0.4666268974542617,1e-07,up
0.2,0.09096863120794295,1e-07,up
0.4,0.39529608190059656,1e-07,up
0.6,-0.019197389483451847,1e-07,up
0.8,0.38828942179679865,1e-07,up
1.0,0.698296334594488,1e-07,up
1.2,0.414833839982748,1e-07,up
1.4,-0.028222151100635536,1e-07,up
1.6,0.1179993115365505,1e-07,up
1.8,0.4600989464670419,1e-07,up
2.0,0.0806839046999812,1e-07,up
2.2,0.11929519474506374,1e-07,up
2.4,0.3287346251308918,1e-07,up
2.6,-0.01065608859062195,1e-07,up
2.8,0.20948490221053356,1e-07,up
3.0,0.38808067888021464,1e-07,up
3.2,0.49941855855286116,1e-07,up
3.4,0.03425700962543486,1e-07,up
3.6,0.4779198244214057,1e-07,up
3.8,0.5796813457272946,1e-07,up
4.0,0.13731230236589906,1e-07,up
4.2,0.4994642604142427,1e-07,up
4.4,0.13691337220370767,1e-07,up
4.6,0.4450224712491035,1e-07,up
4.8,0.43042265810072416,1e-07,up
5.0,0.4449285268783568,1e-07,up
5.2,0.5766804441809653,1e-07,up
5.4,0.7015750557184218,1e-07,up
5.6,0.25217793922638515,1e-07,up
5.8,0.5597399671096354,1e-07,up
6.0,0.6249590627849101,1e-07,up
6.2,0.2600326426327228,1e-07,up
6.4,0.5304411095567046,1e-07,up
6.6,0.424536895006895,1e-07,up
6.8,0.5670436806976794,1e-07,up
7.0,0.5549136344343423,1e-07,up
7.2,0.38440553098917,1e-07,up
7.4,0.4596854522824287,1e-07,up
7.6,0.5727581148967146,1e-07,up
7.8,0.5839722878299652,1e-07,up
8.0,0.4373274184763431,1e-07,up
8.0,0.42061833851039404,1e-07,down
7.8,0.5112269818782805,1e-07,down
7.6,0.5140076158568262,1e-07,down
7.4,0.4517236854881047,1e-07,down
7.2,0.5825660526752472,1e-07,down
7.0,0.4624405205249785,1e-07,down
6.8,0.44459439069032664,1e-07,down
6.6,0.6453259782865642,1e-07,down
6.4,0.5131684243679047,1e-07,down
6.2,0.31051134318113316,1e-07,down
6.0,0.40058288723230356,1e-07,down
5.8,0.2939473986625671,1e-07,down
5.6,0.42784706654492755,1e-07,down
5.4,0.4812729209661483,1e-07,down
5.2,0.33797828480601305,1e-07,down
5.0,0.41723312437534327,1e-07,down
4.8,0.29061020910739893,1e-07,down
4.6,0.1982638835906982,1e-07,down
4.4,0.19730497896671292,1e-07,down
4.2,0.2749876528978347,1e-07,down
4.0,0.4610193632543086,1e-07,down
3.8,0.24461889616213733,1e-07,down
3.6,0.18955720325175204,1e-07,down
3.4,0.3288575746119022,1e-07,down
3.2,0.20713102817535395,1e-07,down
3.0,0.2555959075689315,1e-07,down
2.8,0.353479535318911,1e-07,down
2.6,0.4491561204195022,1e-07,down
2.4,0.3822612846270203,1e-07,down
2.2,0.5043625570833682,1e-07,down
2.0,0.09727682918310164,1e-07,down
1.8,0.19203886389732358,1e-07,down
1.6,0.07293151319026946,1e-07,down
1.4,0.2560771703720092,1e-07,down
1.2,0.5535004995763301,1e-07,down
1.0,0.4085913002490996,1e-07,down
0.8,0.11653745174407956,1e-07,down
0.6,0.2500087618827819,1e-07,down
0.4,0.3940212540328502,1e-07,down
0.2,0.3782311305403709,1e-07,down
-0.0,0.2475133761763572,1e-07,down
-0.0,0.2475133761763572,1e-07,up
0.2,0.1722852066159248,1e-07,up
0.4,0.0701075568795204,1e-07,up
0.6,0.26475269906222815,1e-07,up
0.8,0.14605642110109326,1e-07,up
1.0,0.21482722461223597,1e-07,up
1.2,0.3672708775848149,1e-07,up
1.4,0.3505310807377099,1e-07,up
1.6,0.345679091871716,1e-07,up
1.8,0.33812421560287476,1e-07,up
2.0,-0.03665558248758316,1e-07,up
2.2,0.16798485070466992,1e-07,up
2.4,0.2940426007844507,1e-07,up
2.6,0.3869564794003963,1e-07,up
2.8,-9.588897228243764e-06,1e-07,up
3.0,0.2634200900793075,1e-07,up
3.2,0.2914733123034238,1e-07,up
3.4,0.12843287130817768,1e-07,up
3.6,0.15245073288679117,1e-07,up
3.8,0.2531007453799247,1e-07,up
4.0,0.3844312261790036,1e-07,up
4.2,0.18795099481940264,1e-07,up
4.4,0.17529518110677597,1e-07,up
4.6,0.18074654554948208,1e-07,up
4.8,0.410652388818562,1e-07,up
5.0,0.4317240044474601,1e-07,up
5.2,0.40517545491456974,1e-07,up
5.4,0.255639374256134,1e-07,up
5.6,0.26866709720343346,1e-07,up
5.8,0.43085378780961026,1e-07,up
6.0,0.4320164993405342,1e-07,up
6.2,0.40723998844623555,1e-07,up
6.4,0.39090255834162224,1e-07,up
6.6,0.33930100873112673,1e-07,up
6.8,0.5565822981297969,1e-07,up
7.0,0.5755614337977021,1e-07,up
7.2,0.4572354266420006,1e-07,up
7.4,0.5140385627746581,1e-07,up
7.6,0.5730796679854392,1e-07,up
7.8,0.5183723643422126,1e-07,up
8.0,0.41134911030530924,1e-07,up
8.0,0.48896383866667736,1e-07,down
7.8,0.54894882440567,1e-07,down
7.6,0.5783044253475963,1e-07,down
7.4,0.5708663165569304,1e-07,down
7.2,0.47841613297350694,1e-07,down
7.0,0.4911734615452587,1e-07,down
6.8,0.6116808971855788,1e-07,down
6.6,0.3873291537165641,1e-07,down
6.4,0.41042315959930414,1e-07,down
6.2,0.3983362168073653,1e-07,down
6.0,0.5388808292336761,1e-07,down
5.8,0.5734432956669478,1e-07,down
5.6,0.5345464693382381,1e-07,down
5.4,0.19170837290585038,1e-07,down
5.2,0.34114844445139164,1e-07,down
5.0,0.68251727335155,1e-07,down
4.8,0.5379340574145316,1e-07,down
4.6,0.18190505332313475,1e-07,down
4.4,0.3727173497900367,1e-07,down
4.2,0.6234964770264922,1e-07,down
4.0,0.20605593919754023,1e-07,down
3.8,0.35874283686280245,1e-07,down
3.6,0.2887469977140426,1e-07,down
3.4,0.0565626211464405,1e-07,down
3.2,0.4523101192899048,1e-07,down
3.0,0.4174340087920426,1e-07,down
2.8,0.5012271655723451,1e-07,down
2.6,0.23537935502827165,1e-07,down
2.4,0.41383842192590226,1e-07,down
2.2,0.387596130836755,1e-07,down
2.0,0.3159463068586773,1e-07,down
1.8,0.4729330576956271,1e-07,down
1.6,0.5418661311268805,1e-07,down
1.4,0.4815341401845216,1e-07,down
1.2,0.07358337938785552,1e-07,down
1.0,0.5255865370854734,1e-07,down
0.8,0.5007973238825797,1e-07,down
0.6,0.5595021527260541,1e-07,down
0.4,0.25647816527634854,1e-07,down
0.2,0.2706546229310333,1e-07,down
-0.0,0.5817816024646162,1e-07,down
-0.0,0.5817816024646162,1e-07,up
0.2,0.5365998800843953,1e-07,up
0.4,0.06083338148891925,1e-07,up
0.6,0.3052925858646631,1e-07,up
0.8,0.5756181105971335,1e-07,up
1.0,0.3987450432032346,1e-07,up
1.2,0.408169537782669,1e-07,up
1.4,0.19792028516530988,1e-07,up
1.6,0.3345540463924407,1e-07,up
1.8,0.24673293530941004,1e-07,up
2.0,0.34373550862073887,1e-07,up
2.2,0.43915000185370434,1e-07,up
2.4,0.4420623965561389,1e-07,up
2.6,0.1414476931095123,1e-07,up
2.8,0.31436087936162943,1e-07,up
3.0,0.49886521324515337,1e-07,up
3.2,0.4893907904624938,1e-07,up
3.4,0.4427825789898633,1e-07,up
3.6,0.49715606123208983,1e-07,up
3.8,0.39472863660193974,1e-07,up
4.0,0.4338491950184106,1e-07,up
4.2,0.2666115835309028,1e-07,up
4.4,0.43761995621025557,1e-07,up
4.6,0.41478169336915005,1e-07,up
4.8,0.383413940668106,1e-07,up
5.0,0.488974967971444,1e-07,up
5.2,0.49968828773126,1e-07,up
5.4,0.5269300006330013,1e-07,up
5.6,0.539953848812729,1e-07,up
5.8,0.26676868088543415,1e-07,up
6.0,0.5641120485961436,1e-07,up
6.2,0.5971587074454873,1e-07,up
6.4,0.3733477778732776,1e-07,up
6.6,0.47566747106611723,1e-07,up
6.8,0.6270974054932594,1e-07,up
7.0,0.4117693677544593,1e-07,up
7.2,0.4411283954977988,1e-07,up
7.4,0.614549966296181,1e-07,up
7.6,0.5072965128347277,1e-07,up
7.8,0.502274291589856,1e-07,up
8.0,0.45601882040500635,1e-07,up
8.0,0.5193970203399657,1e-07,down
7.8,0.5975631028413771,1e-07,down
7.6,0.47954712726641435,1e-07,down
7.4,0.47429574979469175,1e-07,down
7.2,0.4801398711279034,1e-07,down
7.0,0.5710100512951611,1e-07,down
6.8,0.44417566247284407,1e-07,down
6.6,0.6676515582948921,1e-07,down
6.4,0.5830949991941451,1e-07,down
6.2,0.5499495286494492,1e-07,down
6.0,0.639139113947749,1e-07,down
5.8,0.5566319711506366,1e-07,down
5.6,0.18179260380566117,1e-07,down
5.4,0.3792313318699598,1e-07,down
5.2,0.18845086544752115,1e-07,down
5.0,0.3875652812421321,1e-07,down
4.8,0.41000087675638486,1e-07,down
4.6,0.36531209945678705,1e-07,down
4.4,0.19816434383392328,1e-07,down
4.2,0.3922415673732757,1e-07,down
4.0,0.3714414555579423,1e-07,down
3.8,0.3213443979620933,1e-07,down
3.6,0.23512207716703412,1e-07,down
3.4,0.29779027402400965,1e-07,down
3.2,0.4745765756815671,1e-07,down
3.0,0.4644165134523063,1e-07,down
2.8,0.45472132833674545,1e-07,down
2.6,0.2036003870889544,1e-07,down
2.4,0.29410648578777904,1e-07,down
2.2,0.2774644946912303,1e-07,down
2.0,0.25893805827945465,1e-07,down
1.8,0.19929971918463701,1e-07,down
1.6,0.601166047155857,1e-07,down
1.4,0.46100986190140236,1e-07,down
1.2,0.6437278818339108,1e-07,down
1.0,0.04379814863204955,1e-07,down
0.8,0.38413700461387623,1e-07,down
0.6,0.5514727029949426,1e-07,down
0.4,0.7604773119091985,1e-07,down
0.2,0.14301973581314084,1e-07,down
-0.0,0.5480706281960009,1e-07,down
-0.0,0.5480706281960009,1e-07,up
0.2,0.32886101957410563,1e-07,up
0.4,0.13995831087231633,1e-07,up
0.6,0.16012111306190488,1e-07,up
0.8,0.08539040386676786,1e-07,up
1.0,0.09746549651026724,1e-07,up
1.2,0.1273710951209068,1e-07,up
1.4,0.1472647115588188,1e-07,up
1.6,0.32898458000272507,1e-07,up
1.8,0.23176996223628518,1e-07,up
2.0,0.21236421540379521,1e-07,up
2.2,0.12807571142911908,1e-07,up
2.4,0.3159130765125155,1e-07,up
2.6,0.44429409317672247,1e-07,up
2.8,0.19129969924688334,1e-07,up
3.0,0.40198808815330256,1e-07,up
3.2,0.30288844555616373,1e-07,up
3.4,0.38782187085598696,1e-07,up
3.6,0.25656153634190554,1e-07,up
3.8,0.28262766450643534,1e-07,up
4.0,0.2179055251181125,1e-07,up
4.2,0.31714518740773195,1e-07,up
4.4,0.3169984854757785,1e-07,up
4.6,0.4612510036677121,1e-07,up
4.8,0.43738083168864245,1e-07,up
5.0,0.2178819105029106,1e-07,up
5.2,0.5108283394947647,1e-07,up
5.4,0.51302588917315,1e-07,up
5.6,0.5925238949712365,1e-07,up
5.8,0.5534563260152935,1e-07,up
6.0,0.6301958523690699,1e-07,up
6.2,0.3807809351710602,1e-07,up
6.4,0.41463632043451065,1e-07,up
6.6,0.5701966888736932,1e-07,up
6.8,0.3407296016812324,1e-07,up
7.0,0.41303721815347666,1e-07,up
7.2,0.654993288218975,1e-07,up
7.4,0.6012876033782958,1e-07,up
7.6,0.6349197942763566,1e-07,up
7.8,0.60745395347476,1e-07,up
8.0,0.580451188085135,1e-07,up
8.0,0.5111088482663034,1e-07,down
7.8,0.5543575063347815,1e-07,down
7.6,0.45371183753013605,1e-07,down
7.4,0.4981884881854057,1e-07,down
7.2,0.5551178101450204,1e-07,down
7.0,0.6042359918355941,1e-07,down
6.8,0.5999990850687026,1e-07,down
6.6,0.34377046395093197,1e-07,down
6.4,0.39017574861645693,1e-07,down
6.2,0.6103994399309157,1e-07,down
6.0,0.5511989928781985,1e-07,down
5.8,0.23346485849469897,1e-07,down
5.6,0.531323816627264,1e-07,down
5.4,0.2126359972171485,1e-07,down
5.2,0.363452598452568,1e-07,down
5.0,0.5425727516412734,1e-07,down
4.8,0.6191923171281813,1e-07,down
4.6,0.6052873134613036,1e-07,down
4.4,0.0077613815665244935,1e-07,down
4.2,0.44910006225109095,1e-07,down
4.0,0.671099729835987,1e-07,down
3.8,-0.11289898026734589,1e-07,down
3.6,0.6148046823218464,1e-07,down
3.4,0.741185359074734,1e-07,down
3.2,0.630747872404754,1e-07,down
3.0,0.7053838660940528,1e-07,down
2.8,-0.07047829031944275,1e-07,down
2.6,0.5371025055646896,1e-07,down
2.4,0.7727651633322237,1e-07,down
2.2,-0.06799124367535114,1e-07,down
2.0,0.5932148052379488,1e-07,down
1.8,-0.16514682583510876,1e-07,down
1.6,-0.023175731301307696,1e-07,down
1.4,-0.10317648318596184,1e-07,down
1.2,0.7194684240967034,1e-07,down
1.0,0.7494292762130498,1e-07,down
0.8,-0.09894870594143867,1e-07,down
0.6,0.5317511148750781,1e-07,down
0.4,0.8286545760929582,1e-07,down
0.2,0.644891072064638,1e-07,down
-0.0,0.7391048446297643,1e-07,down
-0.0,0.7391048446297643,1e-07,up
0.2,-0.04176256596110763,1e-07,up
0.4,0.03478100243955848,1e-07,up
0.6,-0.010473458096385014,1e-07,up
0.8,0.4519221521914005,1e-07,up
1.0,0.48238371219485987,1e-07,up
1.2,0.5373462680727242,1e-07,up
1.4,-0.13880711048841476,1e-07,up
1.6,0.10556632257066663,1e-07,up
1.8,-0.08731995563721284,1e-07,up
2.0,0.44993864744901646,1e-07,up
2.2,0.6100285109132527,1e-07,up
2.4,0.5473664477467536,1e-07,up
2.6,-0.1980849280953407,1e-07,up
2.8,0.3929500319063663,1e-07,up
3.0,-0.14610083401203153,1e-07,up
3.2,0.08066165167838331,1e-07,up
3.4,0.5733280554413794,1e-07,up
3.6,-0.008762396872043615,1e-07,up
3.8,-0.06214764341711998,1e-07,up
4.0,0.009859481826424574,1e-07,up
4.2,0.019151214510202387,1e-07,up
4.4,0.5103579489514231,1e-07,up
4.6,-0.08640239015221596,1e-07,up
4.8,0.13700343854725358,1e-07,up
5.0,0.07889677397906777,1e-07,up
5.2,0.1863004714250564,1e-07,up
5.4,0.09685238078236576,1e-07,up
5.6,0.4188961945474148,1e-07,up
5.8,0.06176231009885667,1e-07,up
6.0,0.49044710490852583,1e-07,up
6.2,0.8630385212600229,1e-07,up
6.4,0.7311412764247507,1e-07,up
6.6,0.2442728634923696,1e-07,up
6.8,0.548533210530877,1e-07,up
7.0,0.6247990131378173,1e-07,up
7.2,0.6506708804517982,1e-07,up
7.4,0.6007334366440772,1e-07,up
7.6,0.45120069384574885,1e-07,up
7.8,0.47998080402612675,1e-07,up
8.0,0.4704352989792823,1e-07,up
8.0,0.4738667160272597,1e-07,down
7.8,0.4512841701507567,1e-07,down
7.6,0.6031656162813305,1e-07,down
7.4,0.4897856833413242,1e-07,down
7.2,0.5454220995306968,1e-07,down
7.0,0.5947759076952933,1e-07,down
6.8,0.42289119772613043,1e-07,down
6.6,0.423358499072492,1e-07,down
6.4,0.44853523373603815,1e-07,down
6.2,0.3721837177872657,1e-07,down
6.0,0.4740396002307534,1e-07,down
5.8,0.5440100021660327,1e-07,down
5.6,0.37070111930370325,1e-07,down
5.4,0.4787953165359794,1e-07,down
5.2,0.26658625621348614,1e-07,down
5.0,0.35066948831081385,1e-07,down
4.8,0.22342310845851893,1e-07,down
4.6,0.1665577739477157,1e-07,down
4.4,0.5124673843383788,1e-07,down
4.2,0.22721098735928533,1e-07,down
4.0,0.37753194570541376,1e-07,down
3.8,0.3456035200506448,1e-07,down
3.6,0.17739604786038393,1e-07,down
3.4,0.37736357562243933,1e-07,down
3.2,0.3523817881941794,1e-07,down
3.0,0.43610187689773733,1e-07,down
2.8,0.1859595496207475,1e-07,down
2.6,0.2558972090482711,1e-07,down
2.4,0.25930497702211136,1e-07,down
2.2,0.35031132027506817,1e-07,down
2.0,0.3142121359705925,1e-07,down
1.8,0.30979974311776454,1e-07,down
1.6,0.14229218335822222,1e-07,down
1.4,0.1668510595336556,1e-07,down
1.2,0.14873007847927508,1e-07,down
1.0,0.18694563629105682,1e-07,down
0.8,0.4628145769238471,1e-07,down
0.6,0.38579202443361277,1e-07,down
0.4,0.3793103732168674,1e-07,down
0.2,0.4342932309955358,1e-07,down
-0.0,0.5857893070206045,1e-07,down
-0.0,0.5857893070206045,1e-07,up
0.2,0.40808179136365647,1e-07,up
0.4,0.01678673736751079,1e-07,up
0.6,0.2667506886646151,1e-07,up
0.8,0.4681507870554923,1e-07,up
1.0,0.22130344063043592,1e-07,up
1.2,0.2897322736680507,1e-07,up
1.4,0.37073604948818684,1e-07,up
1.6,0.3691892512142657,1e-07,up
1.8,0.2529187873005866,1e-07,up
2.0,0.3320824122056364,1e-07,up
2.2,0.37829107046127314,1e-07,up
2.4,0.31408600695431227,1e-07,up
2.6,0.4816086497157811,1e-07,up
2.8,0.16914497315883634,1e-07,up
3.0,0.34769647894427175,1e-07,up
3.2,0.3352448120713233,1e-07,up
3.4,0.22595480084419248,1e-07,up
3.6,0.43294840492308134,1e-07,up
3.8,0.21301230532117185,1e-07,up
4.0,0.36095973104238505,1e-07,up
4.2,0.20803616940975186,1e-07,up
4.4,0.5047584543935953,1e-07,up
4.6,0.21090440033003685,1e-07,up
4.8,0.32523617893457407,1e-07,up
5.0,0.37437876686453814,1e-07,up
5.2,0.41173733025789255,1e-07,up
5.4,0.49790650606155384,1e-07,up
5.6,0.3882292993366718,1e-07,up
5.8,0.17203632742166516,1e-07,up
6.0,0.32706955075263977,1e-07,up
6.2,0.39393977820873255,1e-07,up
6.4,0.3794374838471412,1e-07,up
6.6,0.4647825816646217,1e-07,up
6.8,0.4225304331630468,1e-07,up
7.0,0.4360423162579536,1e-07,up
7.2,0.46124215610325325,1e-07,up
7.4,0.45968798361718644,1e-07,up
7.6,0.557439275085926,1e-07,up
7.8,0.43708296865224827,1e-07,up
8.0,0.5323273763060569,1e-07,up
8.0,0.46227430878207076,1e-07,down
7.8,0.45087294466793526,1e-07,down
7.6,0.5550626944750546,1e-07,down
7.4,0.4974122955463826,1e-07,down
7.2,0.5231011630967258,1e-07,down
7.0,0.4040385223925113,1e-07,down
6.8,0.6599133373238145,1e-07,down
6.6,0.5378087544813751,1e-07,down
6.4,0.5977707561105489,1e-07,down
6.2,0.5368918450549244,1e-07,down
6.0,0.6043507959693669,1e-07,down
5.8,0.3330242913216352,1e-07,down
5.6,0.46937038935720915,1e-07,down
5.4,0.4043394103646277,1e-07,down
5.2,0.21926709264516825,1e-07,down
5.0,0.3427142724394798,1e-07,down
4.8,0.3239304195158183,1e-07,down
4.6,0.13242530636489389,1e-07,down
4.4,0.36316349450498814,1e-07,down
4.2,0.7087846510112286,1e-07,down
4.0,0.46430771239101876,1e-07,down
3.8,0.6509493254125117,1e-07,down
3.6,0.11282653734087941,1e-07,down
3.4,0.43204678222537035,1e-07,down
3.2,0.5709454901516436,1e-07,down
3.0,-0.02397895418107511,1e-07,down
2.8,0.18679194711148733,1e-07,down
2.6,0.4897524947300553,1e-07,down
2.4,-0.06942947581410408,1e-07,down
2.2,0.23365009389817706,1e-07,down
2.0,0.4007542729377746,1e-07,down
1.8,0.5354818999767302,1e-07,down
1.6,-0.044830354861915105,1e-07,down
1.4,0.5046289525926112,1e-07,down
1.2,-0.08601117320358752,1e-07,down
1.0,0.25419784709811205,1e-07,down
0.8,0.524251315742731,1e-07,down
0.6,-0.12868309766054153,1e-07,down
0.4,0.1937864869832992,1e-07,down
0.2,0.07246736995875833,1e-07,down
-0.0,0.40494344569742674,1e-07,down
-0.0,0.40494344569742674,1e-07,up
0.2,0.6486302409321069,1e-07,up
0.4,0.03094353526830671,1e-07,up
0.6,-0.006982211023569114,1e-07,up
0.8,0.413798440247774,1e-07,up
1.0,0.5588767360895871,1e-07,up
1.2,0.027454735711216916,1e-07,up
1.4,0.39459779858589167,1e-07,up
1.6,0.4658976886421441,1e-07,up
1.8,-0.022307662293314944,1e-07,up
2.0,0.19207907468080515,1e-07,up
2.2,0.24435916263610122,1e-07,up
2.4,0.11754800938069819,1e-07,up
2.6,0.3354908619076013,1e-07,up
2.8,0.14358101051766423,1e-07,up
3.0,0.22096253652125591,1e-07,up
3.2,0.15247321219067086,1e-07,up
3.4,0.15903690643608565,1e-07,up
3.6,0.30300519242882723,1e-07,up
3.8,0.05789344990625976,1e-07,up
4.0,0.25486547267064447,1e-07,up
4.2,0.1297793351113796,1e-07,up
4.4,0.2585662314668297,1e-07,up
4.6,0.31920774653553957,1e-07,up
4.8,0.34730556234717364,1e-07,up
5.0,0.3007735908031463,1e-07,up
5.2,0.5408970406278967,1e-07,up
5.4,0.4826608728617429,1e-07,up
5.6,0.5592784667387604,1e-07,up
5.8,0.21314342552796,1e-07,up
6.0,0.3616419099271297,1e-07,up
6.2,0.5878978725522755,1e-07,up
6.4,0.5912964921444653,1e-07,up
6.6,0.40561078488826746,1e-07,up
6.8,0.5579899349249898,1e-07,up
7.0,0.42319744080305094,1e-07,up
7.2,0.40381321310997004,1e-07,up
7.4,0.6028981469571589,1e-07,up
7.6,0.5236578579060732,1e-07,up
7.8,0.5132540613412856,1e-07,up
8.0,0.4376099869841709,1e-07,up
8.0,0.47337602078914637,1e-07,down
7.8,0.5316364867612718,1e-07,down
7.6,0.4451937871053814,1e-07,down
7.4,0.4265837168786674,1e-07,down
7.2,0.4183797107543796,1e-07,down
7.0,0.4313892617356031,1e-07,down
6.8,0.40110863465815777,1e-07,down
6.6,0.5164816114120184,1e-07,down
6.4,0.4050132185220718,1e-07,down
6.2,0.4271159805357455,1e-07,down
6.0,0.34563760459423054,1e-07,down
5.8,0.5457955673336982,1e-07,down
5.6,0.3528822478838264,1e-07,down
5.4,0.47947858739644283,1e-07,down
5.2,0.5195021629333495,1e-07,down
5.0,0.2164026768878102,1e-07,down
4.8,0.3584811177570372,1e-07,down
4.6,0.20908631756901735,1e-07,down
4.4,0.33354431763291353,1e-07,down
4.2,0.18954585632309312,1e-07,down
4.0,0.24036480672657487,1e-07,down
3.8,0.32597577013075346,1e-07,down
3.6,0.199366383254528,1e-07,down
3.4,0.27015820238739247,1e-07,down
3.2,0.2905525648966431,1e-07,down
3.0,0.3020222714694682,1e-07,down
2.8,0.22128084715222934,1e-07,down
2.6,0.3954889345914125,1e-07,down
2.4,0.3694600854068994,1e-07,down
2.2,0.3299319818615913,1e-07,down
2.0,0.40787947922945017,1e-07,down
1.8,0.1621354930102825,1e-07,down
1.6,0.4627981390804052,1e-07,down
1.4,0.1636381186544895,1e-07,down
1.2,0.18112496752291912,1e-07,down
1.0,0.2660222435370087,1e-07,down
0.8,0.5090313740074633,1e-07,down
0.6,0.1364020016044378,1e-07,down
0.4,0.2049826811999082,1e-07,down
0.2,0.2171305380761623,1e-07,down
-0.0,0.27369107306003565,1e-07,down
-0.0,0.27369107306003565,1e-07,up
0.2,0.4015760830370709,1e-07,up
0.4,-0.0017772251740098075,1e-07,up
0.6,0.21049237996339792,1e-07,up
0.8,-0.028736742213368416,1e-07,up
1.0,0.02800603630021213,1e-07,up
1.2,0.265517508611083,1e-07,up
1.4,0.3211696345824748,1e-07,up
1.6,-0.030055379495024688,1e-07,up
1.8,0.34488071501255035,1e-07,up
2.0,0.36192570906132454,1e-07,up
2.2,0.43493650853633875,1e-07,up
2.4,0.3306879233568906,1e-07,up
2.6,-0.05610002391040325,1e-07,up
2.8,0.2385285589843988,1e-07,up
3.0,-0.04058003984391689,1e-07,up
3.2,0.15605021361261603,1e-07,up
3.4,0.35866832640022034,1e-07,up
3.6,0.026553507894277562,1e-07,up
3.8,0.3855509816203265,1e-07,up
4.0,0.5003489504451862,1e-07,up
4.2,0.5008814968168734,1e-07,up
4.4,0.6426450358703731,1e-07,up
4.6,0.5479901656508445,1e-07,up
4.8,0.513707868522033,1e-07,up
5.0,0.5534904430969617,1e-07,up
5.2,0.5256470162421465,1e-07,up
5.4,0.5883014947175979,1e-07,up
5.6,0.5064468160271643,1e-07,up
5.8,0.542612113058567,1e-07,up
6.0,0.2878493629395961,1e-07,up
6.2,0.488703298382461,1e-07,up
6.4,0.5692392606288194,1e-07,up
6.6,0.5551502807065843,1e-07,up
6.8,0.3442976067308336,1e-07,up
7.0,0.404589285608381,1e-07,up
7.2,0.5453317444771527,1e-07,up
7.4,0.5390292862430214,1e-07,up
7.6,0.4610653119161724,1e-07,up
7.8,0.5587668474763631,1e-07,up
8.0,0.47927236557006825,1e-07,up
8.0,0.4406304582953452,1e-07,down
7.8,0.5077317263931035,1e-07,down
7.6,0.5108689861372112,1e-07,down
7.4,0.5619777459651232,1e-07,down
7.2,0.5507980254478752,1e-07,down
7.0,0.46234998479485506,1e-07,down
6.8,0.3984153307974338,1e-07,down
6.6,0.4299123398959636,1e-07,down
6.4,0.3391159623861312,1e-07,down
6.2,0.5302693918347358,1e-07,down
6.0,0.49104828550480295,1e-07,down
5.8,0.5572447953745722,1e-07,down
5.6,0.325182307511568,1e-07,down
5.4,0.34798986651003355,1e-07,down
5.2,0.3313116040080786,1e-07,down
5.0,0.2590744234621524,1e-07,down
4.8,0.33327415306121105,1e-07,down
4.6,0.4172043716534971,1e-07,down
4.4,0.2742725387215614,1e-07,down
4.2,0.2393893413245677,1e-07,down
4.0,0.24965928122401232,1e-07,down
3.8,0.2094987481832504,1e-07,down
3.6,0.28761677653528744,1e-07,down
3.4,0.36797051131725306,1e-07,down
3.2,0.23451787233352658,1e-07,down
3.0,0.14423659443855283,1e-07,down
2.8,0.3335007959976792,1e-07,down
2.6,0.3663229271769523,1e-07,down
2.4,0.26784259080886835,1e-07,down
2.2,0.2964208181947469,1e-07,down
2.0,0.20643714815378184,1e-07,down
1.8,0.3696040101349353,1e-07,down
1.6,0.36142690200358624,1e-07,down
1.4,0.1501493044197559,1e-07,down
1.2,0.29363914311397815,1e-07,down
1.0,0.27115346374921495,1e-07,down
0.8,0.1504910700023174,1e-07,down
0.6,0.334178783930838,1e-07,down
0.4,0.4409109689295291,1e-07,down
0.2,0.3738715948420576,1e-07,down
-0.0,0.11353576323017477,1e-07,down
-0.0,0.11353576323017477,1e-07,up
0.2,0.2567493724636733,1e-07,up
0.4,0.2664756262674927,1e-07,up
0.6,0.033026841003447764,1e-07,up
0.8,0.4028575276024639,1e-07,up
1.0,0.11374599859118459,1e-07,up
1.2,0.18474981095641851,1e-07,up
1.4,0.2021747000981122,1e-07,up
1.6,0.1090046935714781,1e-07,up
1.8,0.24080181494355196,1e-07,up
2.0,0.22230237536132333,1e-07,up
2.2,0.30976300127804274,1e-07,up
2.4,0.23553289915435013,1e-07,up
2.6,0.3850934952497481,1e-07,up
2.8,0.14793208986520764,1e-07,up
3.0,0.20087039470672602,1e-07,up
3.2,0.2492599561810493,1e-07,up
3.4,0.13044091314077375,1e-07,up
3.6,0.20274411886930463,1e-07,up
3.8,0.15995641797780988,1e-07,up
4.0,0.2885318771004676,1e-07,up
4.2,0.4799591060727834,1e-07,up
4.4,0.5248217992484568,1e-07,up
4.6,0.5235828384757041,1e-07,up
4.8,0.15409597195684904,1e-07,up
5.0,0.4086927515454589,1e-07,up
5.2,0.3560854755342006,1e-07,up
5.4,0.4764829669147729,1e-07,up
5.6,0.22779002040624613,1e-07,up
5.8,0.42958974582143117,1e-07,up
6.0,0.4604996861889957,1e-07,up
6.2,0.31730223447084416,1e-07,up
6.4,0.4929847568273544,1e-07,up
6.6,0.42215348407626146,1e-07,up
6.8,0.5299158561974763,1e-07,up
7.0,0.4121991861611604,1e-07,up
7.2,0.4593776988331228,1e-07,up
7.4,0.5398058933205901,1e-07,up
7.6,0.44462569616734976,1e-07,up
7.8,0.42578593268990506,1e-07,up
8.0,0.4904063185676931,1e-07,up
8.0,0.4909017421305179,1e-07,down
7.8,0.4677545316517352,1e-07,down
7.6,0.48624439910054196,1e-07,down
7.4,0.5798532376065849,1e-07,down
7.2,0.6246772969170706,1e-07,down
7.0,0.4283326566219329,1e-07,down
6.8,0.5529069239273666,1e-07,down
6.6,0.6093659931793808,1e-07,down
6.4,0.4068556278944015,1e-07,down
6.2,0.33016020804643625,1e-07,down
6.0,0.4969517211429775,1e-07,down
5.8,0.4891432989388704,1e-07,down
5.6,0.25854293256998057,1e-07,down
5.4,0.30398968607187266,1e-07,down
5.2,0.588548358529806,1e-07,down
5.0,0.2517596576362848,1e-07,down
4.8,0.32277085259556765,1e-07,down
4.6,0.5890513211488723,1e-07,down
4.4,0.4521603826433419,1e-07,down
4.2,0.5516653303056954,1e-07,down
4.0,0.4984248131513595,1e-07,down
3.8,0.4785565257188863,1e-07,down
3.6,0.222586128860712,1e-07,down
3.4,0.31776551157236094,1e-07,down
3.2,0.5310837365686892,1e-07,down
3.0,0.06270563742145893,1e-07,down
2.8,0.31082477560266847,1e-07,down
2.6,0.041538143530488,1e-07,down
2.4,0.2951457615708932,1e-07,down
2.2,0.44079608563333744,1e-07,down
2.0,0.3900611530989408,1e-07,down
1.8,0.5177158201113342,1e-07,down
1.6,0.3918979708105325,1e-07,down
1.4,0.39678621292114247,1e-07,down
1.2,0.1227198764681816,1e-07,down
1.0,0.3017983296886086,1e-07,down
0.8,0.2120223920792341,1e-07,down
0.6,0.431567326420918,1e-07,down
0.4,0.33513364382088173,1e-07,down
0.2,0.36835131887346495,1e-07,down
-0.0,0.24556291941553351,1e-07,down
-0.0,0.24556291941553351,1e-07,up
0.2,0.04567822720855474,1e-07,up
0.4,0.3581115449778735,1e-07,up
0.6,0.17380904569290576,1e-07,up
0.8,0.07594077591784297,1e-07,up
1.0,0.09232614398933946,1e-07,up
1.2,0.11613063467666505,1e-07,up
1.4,0.27975286892615253,1e-07,up
1.6,0.220503993332386,1e-07,up
1.8,0.10338812693953513,1e-07,up
2.0,0.17263883352279663,1e-07,up
2.2,0.354347584885545,1e-07,up
2.4,0.27172234840691084,1e-07,up
2.6,0.3534817248582839,1e-07,up
2.8,0.2593451160937547,1e-07,up
3.0,0.27715479955077166,1e-07,up
3.2,0.1937955161556601,1e-07,up
3.4,0.2502731988206505,1e-07,up
3.6,0.2190365735441446,1e-07,up
3.8,0.31225235760211933,1e-07,up
4.0,0.2801644382998347,1e-07,up
4.2,0.13700671957485608,1e-07,up
4.4,0.22044005338102576,1e-07,up
4.6,0.45112208020873357,1e-07,up
4.8,0.27443563193082804,1e-07,up
5.0,0.443187735043466,1e-07,up
5.2,0.4422621242702007,1e-07,up
5.4,0.43191658891737456,1e-07,up
5.6,0.26196020469069475,1e-07,up
5.8,0.5059014447033404,1e-07,up
6.0,0.4627039798069744,1e-07,up
6.2,0.5841940422542392,1e-07,up
6.4,0.6153848494868724,1e-07,up
6.6,0.3813160192221403,1e-07,up
6.8,0.4463538114505354,1e-07,up
7.0,0.5681167058646678,1e-07,up
7.2,0.45169926062226284,1e-07,up
7.4,0.5050649680197238,1e-07,up
7.6,0.4754150742664932,1e-07,up
7.8,0.5453193234279751,1e-07,up
8.0,0.5139692062512039,1e-07,up
8.0,0.4946997156366705,1e-07,down
7.8,0.570069221779704,1e-07,down
7.6,0.4805085733532905,1e-07,down
7.4,0.5203642509877681,1e-07,down
7.2,0.6078983470797538,1e-07,down
7.0,0.5850673839449881,1e-07,down
6.8,0.5828869715332984,1e-07,down
6.6,0.5478950981050729,1e-07,down
6.4,0.6469796588644385,1e-07,down
6.2,0.5338287083432077,1e-07,down
6.0,0.5814025849103927,1e-07,down
5.8,0.5664665792137383,1e-07,down
5.6,0.2553592417389154,1e-07,down
5.4,0.43584995716810215,1e-07,down
5.2,0.4215304553508758,1e-07,down
5.0,0.3421776369214057,1e-07,down
4.8,0.18939253687858576,1e-07,down
4.6,0.5744481184519826,1e-07,down
4.4,0.4257520027458667,1e-07,down
4.2,0.25248690694570536,1e-07,down
4.0,0.19893984496593473,1e-07,down
3.8,0.4912426988594233,1e-07,down
3.6,0.5088915899395942,1e-07,down
3.4,0.604742562281899,1e-07,down
3.2,0.5213326476514338,1e-07,down
3.0,0.40208699554204935,1e-07,down
2.8,0.37578192469663907,1e-07,down
2.6,0.17160160467028615,1e-07,down
2.4,0.24344491586089131,1e-07,down
2.2,0.5166826831409707,1e-07,down
2.0,0.47281834110617627,1e-07,down
1.8,0.5284650437533854,1e-07,down
1.6,0.3223529639653861,1e-07,down
1.4,0.5025477274321019,1e-07,down
1.2,0.503896778449416,1e-07,down
1.0,0.1725038476288318,1e-07,down
0.8,0.2931660339236259,1e-07,down
0.6,0.48283055948559184,1e-07,down
0.4,0.4854386672377585,1e-07,down
0.2,0.5695287813432514,1e-07,down
-0.0,0.6240650601685046,1e-07,down
-0.0,0.6240650601685046,1e-07,up
0.2,-0.0009471056982874996,1e-07,up
0.4,0.40277811174746597,1e-07,up
0.6,-0.012351397424936305,1e-07,up
0.8,0.13699265383183953,1e-07,up
1.0,0.465481836348772,1e-07,up
1.2,-0.018245777348056443,1e-07,up
1.4,0.11293861269950863,1e-07,up
1.6,0.07646740600466725,1e-07,up
1.8,0.37365577835589636,1e-07,up
2.0,0.4465766511857509,1e-07,up
2.2,0.49110621027648443,1e-07,up
2.4,-0.0025658812373876598,1e-07,up
2.6,0.06593518331646916,1e-07,up
2.8,0.07123916328418999,1e-07,up
3.0,0.4192088907584547,1e-07,up
3.2,0.0865827747620642,1e-07,up
3.4,0.12236882769502697,1e-07,up
3.6,0.11186853935942051,1e-07,up
3.8,0.13993350416421887,1e-07,up
4.0,0.21969511732459066,1e-07,up
4.2,0.3713760413229465,1e-07,up
4.4,0.4560160748660564,1e-07,up
4.6,0.08224018570035695,1e-07,up
4.8,0.43363222945481533,1e-07,up
5.0,0.8335138875991105,1e-07,up
5.2,0.09096507541835305,1e-07,up
5.4,0.3461078945547341,1e-07,up
5.6,0.4965580701828002,1e-07,up
5.8,0.6154300943017005,1e-07,up
6.0,0.6168724000453947,1e-07,up
6.2,0.273212575353682,1e-07,up
6.4,0.41419875435531134,1e-07,up
6.6,0.45829045772552485,1e-07,up
6.8,0.4934096634387969,1e-07,up
7.0,0.51542055234313,1e-07,up
7.2,0.505883197300136,1e-07,up
7.4,0.4356970870867371,1e-07,up
7.6,0.4165619425475597,1e-07,up
7.8,0.5653684334829449,1e-07,up
8.0,0.4584550391882657,1e-07,up
8.0,0.47672548377886403,1e-07,down
7.8,0.4632319216616451,1e-07,down
7.6,0.47591626551002253,1e-07,down
7.4,0.4476124811917543,1e-07,down
7.2,0.4350835550576448,1e-07,down
7.0,0.4004042148590087,1e-07,down
6.8,0.5702733006328343,1e-07,down
6.6,0.5748662948608397,1e-07,down
6.4,0.30089749023318285,1e-07,down
6.2,0.35339354351162905,1e-07,down
6.0,0.3034758977591991,1e-07,down
5.8,0.4809065209701656,1e-07,down
5.6,0.3123949030414223,1e-07,down
5.4,0.18970283865928647,1e-07,down
5.2,0.5036527942866086,1e-07,down
5.0,0.3376565538346767,1e-07,down
4.8,0.26146297529339785,1e-07,down
4.6,0.17270444333553311,1e-07,down
4.4,0.14586367830634114,1e-07,down
4.2,0.09906569123268126,1e-07,down
4.0,0.160049594938755,1e-07,down
3.8,0.18347828835248944,1e-07,down
3.6,0.1654064431786537,1e-07,down
3.4,0.3316145427525043,1e-07,down
3.2,0.38111801911145443,1e-07,down
3.0,0.4576721973717212,1e-07,down
2.8,0.0668939799070358,1e-07,down
2.6,0.27619377151131624,1e-07,down
2.4,-0.025225497782230384,1e-07,down
2.2,0.32653587497770786,1e-07,down
2.0,0.38773215515539045,1e-07,down
1.8,0.552817292511463,1e-07,down
1.6,0.592698823660612,1e-07,down
1.4,0.3481241855770349,1e-07,down
1.2,0.3432883284986018,1e-07,down
1.0,0.6518994676880537,1e-07,down
0.8,0.5089514199644326,1e-07,down
0.6,0.460789605975151,1e-07,down
0.4,0.5616804547607898,1e-07,down
0.2,0.5845496216788887,1e-07,down
-0.0,0.5861870925873517,1e-07,down
-0.0,0.5861870925873517,1e-07,up
0.2,-0.019590590149164217,1e-07,up
0.4,0.035045014694333056,1e-07,up
0.6,0.4070312553085386,1e-07,up
0.8,-0.04802967980504036,1e-07,up
1.0,0.12399074621498582,1e-07,up
1.2,0.3290702020749449,1e-07,up
1.4,0.4050274426117539,1e-07,up
1.6,0.5453032534569501,1e-07,up
1.8,-0.0018604863435030077,1e-07,up
2.0,0.3767177164554595,1e-07,up
2.2,0.45664841937832523,1e-07,up
2.4,0.4341906420886516,1e-07,up
2.6,0.013627900974825016,1e-07,up
2.8,-0.003502544946968565,1e-07,up
3.0,0.3843270763754844,1e-07,up
3.2,-0.05209064483642578,1e-07,up
3.4,0.07489797752350566,1e-07,up
3.6,0.10854483023285863,1e-07,up
3.8,0.3662463026121258,1e-07,up
4.0,0.5808808049187064,1e-07,up
4.2,0.571979884058237,1e-07,up
4.4,0.4572195564396679,1e-07,up
4.6,-0.030242844019085176,1e-07,up
4.8,0.3472708351910114,1e-07,up
5.0,0.04797185212373732,1e-07,up
5.2,0.360201071947813,1e-07,up
5.4,0.1009664125740528,1e-07,up
5.6,0.38548950478434557,1e-07,up
5.8,0.568742838106118,1e-07,up
6.0,0.35011592693626875,1e-07,up
6.2,0.5175952930003404,1e-07,up
6.4,0.3274730443954467,1e-07,up
6.6,0.5891452899668363,1e-07,up
6.8,0.48230284731835116,1e-07,up
7.0,0.5612478461116551,1e-07,up
7.2,0.6283141039311884,1e-07,up
7.4,0.5810286253690718,1e-07,up
7.6,0.45071556512266386,1e-07,up
7.8,0.5293710827827453,1e-07,up
8.0,0.45505411177873606,1e-07,up
8.0,0.48484339192509646,1e-07,down
7.8,0.5579355317167937,1e-07,down
7.6,0.5602495297789573,1e-07,down
7.4,0.46547663677483786,1e-07,down
7.2,0.43854778446257103,1e-07,down
7.0,0.5845761187374591,1e-07,down
6.8,0.43285631760954846,1e-07,down
6.6,0.5373951494693755,1e-07,down
6.4,0.41421680897474283,1e-07,down
6.2,0.3114071004092693,1e-07,down
6.0,0.26433940976858133,1e-07,down
5.8,0.31811986863613123,1e-07,down
5.6,0.23894087225198743,1e-07,down
5.4,0.48284514062106604,1e-07,down
5.2,0.2590977884829044,1e-07,down
5.0,0.48392556083854277,1e-07,down
4.8,0.3744406150653958,1e-07,down
4.6,0.35399244772270316,1e-07,down
4.4,0.17168998345732683,1e-07,down
4.2,0.3101247735321521,1e-07,down
4.0,0.40373763255774964,1e-07,down
3.8,0.4327760031446813,1e-07,down
3.6,0.1597553454339504,1e-07,down
3.4,0.3062790855765342,1e-07,down
3.2,0.28525289520621294,1e-07,down
3.0,0.16975612100213763,1e-07,down
2.8,0.24665943440049884,1e-07,down
2.6,0.36830232851207256,1e-07,down
2.4,0.34571665152907366,1e-07,down
2.2,0.0768036233494058,1e-07,down
2.0,0.34601449221372593,1e-07,down
1.8,0.3900867749471217,1e-07,down
1.6,0.4724983498454093,1e-07,down
1.4,0.4020407092757522,1e-07,down
1.2,0.1322774942964315,1e-07,down
1.0,0.37214643508195877,1e-07,down
0.8,0.173118881881237,1e-07,down
0.6,0.2605748176574707,1e-07,down
0.4,0.024761892855167375,1e-07,down
0.2,0.28786696493625635,1e-07,down
-0.0,0.11543985456228253,1e-07,down
-0.0,0.11543985456228253,1e-07,up
0.2,0.23420009762048716,1e-07,up
0.4,0.2608125582337379,1e-07,up
0.6,0.22126461565494532,1e-07,up
0.8,0.2203897982835769,1e-07,up
1.0,0.38636908680200577,1e-07,up
1.2,0.24146914109587664,1e-07,up
1.4,0.0054890885949134775,1e-07,up
1.6,0.2197542712092399,1e-07,up
1.8,0.36654697358608235,1e-07,up
2.0,0.11397186666727065,1e-07,up
2.2,0.25248314440250397,1e-07,up
2.4,0.1389285698533058,1e-07,up
2.6,0.26084879040718073,1e-07,up
2.8,0.11419037729501721,1e-07,up
3.0,0.1689483821392059,1e-07,up
3.2,0.4076215717941522,1e-07,up
3.4,0.4265029085800051,1e-07,up
3.6,0.18930565938353533,1e-07,up
3.8,0.3295625299215316,1e-07,up
4.0,0.09149596095085143,1e-07,up
4.2,0.42539968341588963,1e-07,up
4.4,0.2251331657171249,1e-07,up
4.6,0.404380609281361,1e-07,up
4.8,0.19702066527679557,1e-07,up
5.0,0.38623228110373015,1e-07,up
5.2,0.18080438114702696,1e-07,up
5.4,0.3028557421639561,1e-07,up
5.6,0.3442983243148773,1e-07,up
5.8,0.2957362085580825,1e-07,up
6.0,0.41582131572067726,1e-07,up
6.2,0.3271641973406076,1e-07,up
6.4,0.4022592948749661,1e-07,up
6.6,0.4539641831070184,1e-07,up
6.8,0.5439395681023597,1e-07,up
7.0,0.4017364010214805,1e-07,up
7.2,0.47567635122686613,1e-07,up
7.4,0.46209767274558533,1e-07,up
7.6,0.572663141414523,1e-07,up
7.8,0.5331840254948473,1e-07,up
8.0,0.4634731113910674,1e-07,up
8.0,0.4807966020889579,1e-07,down
7.8,0.5046279854141175,1e-07,down
7.6,0.4349022340029477,1e-07,down
7.4,0.5256672573741524,1e-07,down
7.2,0.5610800012946128,1e-07,down
7.0,0.5660060308873652,1e-07,down
6.8,0.40994074940681446,1e-07,down
6.6,0.38224285468459124,1e-07,down
6.4,0.3125530816614627,1e-07,down
6.2,0.5308606810867785,1e-07,down
6.0,0.48471829574555153,1e-07,down
5.8,0.2800313308835029,1e-07,down
5.6,0.31491591408848757,1e-07,down
5.4,0.4591859616339206,1e-07,down
5.2,0.31408907147124404,1e-07,down
5.0,0.3087293040007352,1e-07,down
4.8,0.31874705292284483,1e-07,down
4.6,0.2387842424213886,1e-07,down
4.4,0.4409935791045427,1e-07,down
4.2,0.20248088811058548,1e-07,down
4.0,0.34009899571537966,1e-07,down
3.8,0.3497579470276832,1e-07,down
3.6,0.16602391004562375,1e-07,down
3.4,0.36002978682518,1e-07,down
3.2,0.28909900784492487,1e-07,down
3.0,0.39238241687417025,1e-07,down
2.8,0.14696913957595822,1e-07,down
2.6,0.467307288199663,1e-07,down
2.4,0.21623996645212168,1e-07,down
2.2,0.24369857576675708,1e-07,down
2.0,0.2877971548587083,1e-07,down
1.8,0.09426167292986064,1e-07,down
1.6,0.2608069283887744,1e-07,down
1.4,0.49849588936194766,1e-07,down
1.2,0.1154351159930229,1e-07,down
1.0,0.23128490895032877,1e-07,down
0.8,0.1642118543386459,1e-07,down
0.6,0.1316214110702276,1e-07,down
0.4,0.09555696696043012,1e-07,down
0.2,0.3614820018410682,1e-07,down
-0.0,0.068083718419075,1e-07,down
-0.0,0.068083718419075,1e-07,up
0.2,0.20658784732222554,1e-07,up
0.4,0.15701737254858014,1e-07,up
0.6,0.15672082453966138,1e-07,up
0.8,0.1314972750842571,1e-07,up
1.0,0.17959886044263834,1e-07,up
1.2,0.13477994501590726,1e-07,up
1.4,0.23057363927364344,1e-07,up
1.6,0.05843483656644819,1e-07,up
1.8,0.20068625360727305,1e-07,up
2.0,0.3276215683436021,1e-07,up
2.2,0.053395129740238176,1e-07,up
2.4,0.25777349434792995,1e-07,up
2.6,0.4656021315604448,1e-07,up
2.8,-0.041330311447381966,1e-07,up
3.0,0.17316858842968935,1e-07,up
3.2,0.2841823641210794,1e-07,up
3.4,0.18533621355891225,1e-07,up
3.6,0.3331546261906624,1e-07,up
3.8,0.3812117017805575,1e-07,up
4.0,0.5496579352766274,1e-07,up
4.2,0.43911066558212036,1e-07,up
4.4,0.542663887143135,1e-07,up
4.6,0.5024781357496976,1e-07,up
4.8,0.6382488403469323,1e-07,up
5.0,0.667743556201458,1e-07,up
5.2,0.7166845835745332,1e-07,up
5.4,0.09833667986094947,1e-07,up
5.6,0.27067051548510784,1e-07,up
5.8,0.44296066835522646,1e-07,up
6.0,0.6558427298441528,1e-07,up
6.2,0.31074440293014044,1e-07,up
6.4,0.4557678289711475,1e-07,up
6.6,0.5502896718680858,1e-07,up
6.8,0.5506982915103434,1e-07,up
7.0,0.5585311818867921,1e-07,up
7.2,0.393145702779293,1e-07,up
7.4,0.4494931455701589,1e-07,up
7.6,0.528869604691863,1e-07,up
7.8,0.43966640811413515,1e-07,up
8.0,0.4980682188179343,1e-07,up
8.0,0.5348998773843049,1e-07,down
7.8,0.4758382635191082,1e-07,down
7.6,0.6249010935425757,1e-07,down
7.4,0.5959161040373145,1e-07,down
7.2,0.6183547936379908,1e-07,down
7.0,0.5830298457294701,1e-07,down
6.8,0.3655510786920785,1e-07,down
6.6,0.3475106554105877,1e-07,down
6.4,0.5802395958453416,1e-07,down
6.2,0.46531022898852814,1e-07,down
6.0,0.45029025338590134,1e-07,down
5.8,0.41641359496861685,1e-07,down
5.6,0.5348068783059715,1e-07,down
5.4,0.4656831976026296,1e-07,down
5.2,0.18381975591182706,1e-07,down
5.0,0.3438236955553292,1e-07,down
4.8,0.2658806703984737,1e-07,down
4.6,0.23063366860151285,1e-07,down
4.4,0.28151354938745493,1e-07,down
4.2,0.2890756353735923,1e-07,down
4.0,0.2572332620620727,1e-07,down
3.8,0.4765073987655341,1e-07,down
3.6,0.2586054523708299,1e-07,down
3.4,0.41549101925920684,1e-07,down
3.2,0.2098619677126407,1e-07,down
3.0,0.3630700688809156,1e-07,down
2.8,0.17389586381614205,1e-07,down
2.6,0.43218763777986163,1e-07,down
2.4,0.3248391018714756,1e-07,down
2.2,0.4322987106861546,1e-07,down
2.0,0.2678986184764653,1e-07,down
1.8,0.32459538429975504,1e-07,down
1.6,0.10754322819411752,1e-07,down
1.4,0.17182872071862218,1e-07,down
1.2,0.18327357247471807,1e-07,down
1.0,0.33473423676332453,1e-07,down
0.8,0.3485483503900468,1e-07,down
0.6,0.35791179165244097,1e-07,down
0.4,0.1549380791839212,1e-07,down
0.2,0.4158605886623263,1e-07,down
-0.0,0.16207937523722646,1e-07,down
-0.0,0.16207937523722646,1e-07,up
0.2,0.37952135130763043,1e-07,up
0.4,0.16879144869744775,1e-07,up
0.6,0.07265048660337924,1e-07,up
0.8,0.14406048879027364,1e-07,up
1.0,0.24831764027476308,1e-07,up
1.2,0.17201212793588633,1e-07,up
1.4,0.26845239754766226,1e-07,up
1.6,0.18398176971822977,1e-07,up
1.8,0.07960684224963187,1e-07,up
2.0,0.21083358675241468,1e-07,up
2.2,0.29086479824036354,1e-07,up
2.4,0.23634415725246066,1e-07,up
2.6,0.33678328525274986,1e-07,up
2.8,0.2549442276358604,1e-07,up
3.0,0.005500044673681251,1e-07,up
3.2,0.27662953222170467,1e-07,up
3.4,0.41151674091815943,1e-07,up
3.6,0.07275659218430518,1e-07,up
3.8,0.2902681482955813,1e-07,up
4.0,0.227442929521203,1e-07,up
4.2,0.1176287452690303,1e-07,up
4.4,0.1588818001328036,1e-07,up
4.6,0.13916515000164506,1e-07,up
4.8,0.35912851238390425,1e-07,up
5.0,0.3762507643550634,1e-07,up
5.2,0.21493812545668328,1e-07,up
5.4,0.35619645938277233,1e-07,up
5.6,0.4938959581777453,1e-07,up
5.8,0.421103624626994,1e-07,up
6.0,0.551730554550886,1e-07,up
6.2,0.2911607974674552,1e-07,up
6.4,0.4018251812085508,1e-07,up
6.6,0.31074187858030194,1e-07,up
6.8,0.578792942687869,1e-07,up
7.0,0.5371515140868722,1e-07,up
7.2,0.4370302986353635,1e-07,up
7.4,0.5228871181607245,1e-07,up
7.6,0.5379328811541199,1e-07,up
7.8,0.5489498246461152,1e-07,up
8.0,0.511514275916852,1e-07,up
8.0,0.43709178594872344,1e-07,down
7.8,0.4490038212388753,1e-07,down
7.6,0.5480191186070441,1e-07,down
7.4,0.4021432138979434,1e-07,down
7.2,0.44286312162876124,1e-07,down
7.0,0.36211040243506426,1e-07,down
6.8,0.49994690855965007,1e-07,down
6.6,0.455512152519077,1e-07,down
6.4,0.36936693502502743,1e-07,down
6.2,0.4531438574194907,1e-07,down
6.0,0.4150706882355734,1e-07,down
5.8,0.3417719355784356,1e-07,down
5.6,0.32015271019190544,1e-07,down
5.4,0.313685031607747,1e-07,down
5.2,0.23437585402280087,1e-07,down
5.0,0.49601845070719713,1e-07,down
4.8,0.3142831339500844,1e-07,down
4.6,0.23490347270853812,1e-07,down
4.4,0.13487435260321942,1e-07,down
4.2,0.3982315696775912,1e-07,down
4.0,0.5025910502299665,1e-07,down
3.8,0.27104457002133125,1e-07,down
3.6,0.3435348114580847,1e-07,down
3.4,0.2549265683628618,1e-07,down
3.2,0.266672633588314,1e-07,down
3.0,0.5439347131177782,1e-07,down
2.8,0.23401378840208048,1e-07,down
2.6,0.3657341580837964,1e-07,down
2.4,0.3443018570542335,1e-07,down
2.2,0.3060502400621771,1e-07,down
2.0,0.4493770785629748,1e-07,down
1.8,0.21205267310142512,1e-07,down
1.6,0.374862715601921,1e-07,down
1.4,0.2359235398471355,1e-07,down
1.2,0.23228741437196726,1e-07,down
1.0,0.47572434507310385,1e-07,down
0.8,0.13752558827400205,1e-07,down
0.6,0.3081139959394931,1e-07,down
0.4,0.5152885559946297,1e-07,down
0.2,0.4367341944016515,1e-07,down
-0.0,0.16414082795381543,1e-07,down
-0.0,0.16414082795381543,1e-07,up
0.2,0.2410868853330612,1e-07,up
0.4,0.4173733443021774,1e-07,up
0.6,0.17302703857421872,1e-07,up
0.8,0.022826761007308956,1e-07,up
1.0,0.3204154763370752,1e-07,up
1.2,0.207437515258789,1e-07,up
1.4,0.22761109098792073,1e-07,up
1.6,0.2434092760086059,1e-07,up
1.8,0.4918104205280542,1e-07,up
2.0,0.1565083228051662,1e-07,up
2.2,0.22063246247489582,1e-07,up
2.4,0.23076392966322598,1e-07,up
2.6,0.291317603259813,1e-07,up
2.8,0.03991635330021381,1e-07,up
3.0,0.18272210285067556,1e-07,up
3.2,0.5085424277931451,1e-07,up
3.4,0.20632738247513768,1e-07,up
3.6,0.21667892672121522,1e-07,up
3.8,0.3722507059574126,1e-07,up
4.0,0.24287620186805722,1e-07,up
4.2,0.23757036775350565,1e-07,up
4.4,0.30576824466697866,1e-07,up
4.6,0.2876716267783194,1e-07,up
4.8,0.282521478831768,1e-07,up
5.0,0.2550911754369735,1e-07,up
5.2,0.3494409481063484,1e-07,up
5.4,0.317328305914998,1e-07,up
5.6,0.31106374412775034,1e-07,up
5.8,0.4100192133337258,1e-07,up
6.0,0.3141403412446379,1e-07,up
6.2,0.4629580210894345,1e-07,up
6.4,0.4004844948649406,1e-07,up
6.6,0.35831101983785624,1e-07,up
6.8,0.5963205178268253,1e-07,up
7.0,0.5023033497855066,1e-07,up
7.2,0.5743123036809265,1e-07,up
7.4,0.4325551660731434,1e-07,up
7.6,0.5070880118291824,1e-07,up
7.8,0.38569879345595826,1e-07,up
8.0,0.4424005467444658,1e-07,up
8.0,0.48174325446598226,1e-07,down
7.8,0.4601205983199178,1e-07,down
7.6,0.5166238583624363,1e-07,down
7.4,0.5738384146243333,1e-07,down
7.2,0.5524946209043263,1e-07,down
7.0,0.5114556252956389,1e-07,down
6.8,0.45993333123624314,1e-07,down
6.6,0.35930427163839335,1e-07,down
6.4,0.3386913537979125,1e-07,down
6.2,0.3695976808667183,1e-07,down
6.0,0.4297361900098621,1e-07,down
5.8,0.5217524375766515,1e-07,down
5.6,0.48873041104525317,1e-07,down
5.4,0.1836781864985823,1e-07,down
5.2,0.46910905465483654,1e-07,down
5.0,0.3264189958572387,1e-07,down
4.8,0.20340477675199503,1e-07,down
4.6,0.22389928251504893,1e-07,down
4.4,0.603379901498556,1e-07,down
4.2,0.4188891593366861,1e-07,down
4.0,0.419288832694292,1e-07,down
3.8,0.16965223941951987,1e-07,down
3.6,0.2640192732214927,1e-07,down
3.4,0.5037360386922954,1e-07,down
3.2,0.5436216788366436,1e-07,down
3.0,0.604711851105094,1e-07,down
2.8,0.040141500532627085,1e-07,down
2.6,0.25361772626638407,1e-07,down
2.4,0.318619504570961,1e-07,down
2.2,0.6930685639381409,1e-07,down
2.0,0.729532679542899,1e-07,down
1.8,-0.04609968699514865,1e-07,down
1.6,0.06083688279613852,1e-07,down
1.4,0.3905271254479884,1e-07,down
1.2,-0.10244984179735182,1e-07,down
1.0,0.2711638030596077,1e-07,down
0.8,0.4310931264190002,1e-07,down
0.6,-0.01841437257826329,1e-07,down
0.4,0.07435605861246583,1e-07,down
0.2,0.14999266341328618,1e-07,down
-0.0,0.3770564114674925,1e-07,down
-0.0,0.3770564114674925,1e-07,up
0.2,-0.021445171907544136,1e-07,up
0.4,0.038746170699596384,1e-07,up
0.6,0.2667378080077469,1e-07,up
0.8,-0.10783343482762574,1e-07,up
1.0,0.3162087453529238,1e-07,up
1.2,0.33325694641098375,1e-07,up
1.4,0.3826787788420915,1e-07,up
1.6,0.4106368524953722,1e-07,up
1.8,-0.10236164834350346,1e-07,up
2.0,0.10778989037498829,1e-07,up
2.2,0.1407687966711819,1e-07,up
2.4,0.12436380609869953,1e-07,up
2.6,0.003294768743216982,1e-07,up
2.8,0.29793335497379303,1e-07,up
3.0,-0.03454416152089834,1e-07,up
3.2,0.1650051474571228,1e-07,up
3.4,0.15946981683373448,1e-07,up
3.6,0.34875489398837084,1e-07,up
3.8,0.3795019451354164,1e-07,up
4.0,0.4524308974432642,1e-07,up
4.2,0.37582877650856966,1e-07,up
4.4,0.14272850751876828,1e-07,up
4.6,0.3185142949223518,1e-07,up
4.8,0.08322967961430548,1e-07,up
5.0,0.35956539213657374,1e-07,up
5.2,0.6076401146128773,1e-07,up
5.4,0.29304516129195685,1e-07,up
5.6,0.41197239793837065,1e-07,up
5.8,0.3416592208668589,1e-07,up
6.0,0.3565295196603983,1e-07,up
6.2,0.25281943008303637,1e-07,up
6.4,0.29679511114954943,1e-07,up
6.6,0.614231340587139,1e-07,up
6.8,0.43287031166255463,1e-07,up
7.0,0.36830956861376757,1e-07,up
7.2,0.3561723176389932,1e-07,up
7.4,0.5777195338159797,1e-07,up
7.6,0.4651920851320028,1e-07,up
7.8,0.5407091537490486,1e-07,up
8.0,0.5165922921150922,1e-07,up
8.0,0.48022497445344914,1e-07,down
7.8,0.5327198458835481,1e-07,down
7.6,0.452292613685131,1e-07,down
7.4,0.5233101993799208,1e-07,down
7.2,0.6101206876337527,1e-07,down
7.0,0.5273473188281058,1e-07,down
6.8,0.587786654010415,1e-07,down
6.6,0.5476237423717975,1e-07,down
6.4,0.3059286773204803,1e-07,down
6.2,0.38099693506956095,1e-07,down
6.0,0.6013264209032058,1e-07,down
5.8,0.5285552106797694,1e-07,down
5.6,0.18173398822546002,1e-07,down
5.4,0.3267840147018432,1e-07,down
5.2,0.4586657807230949,1e-07,down
5.0,0.2869903184473514,1e-07,down
4.8,0.4238326922059058,1e-07,down
4.6,0.39683533087372774,1e-07,down
4.4,0.3576221391558647,1e-07,down
4.2,0.22601558268070215,1e-07,down
4.0,0.3216488156467676,1e-07,down
3.8,0.27722119539976114,1e-07,down
3.6,0.3918775518541223,1e-07,down
3.4,0.24222591146826739,1e-07,down
3.2,0.19800969492644066,1e-07,down
3.0,0.14405779493972656,1e-07,down
2.8,0.19614835828542707,1e-07,down
2.6,0.43886333703994745,1e-07,down
2.4,0.0904472917318344,1e-07,down
2.2,0.17984063923358917,1e-07,down
2.0,0.23052884638309473,1e-07,down
1.8,0.1917392387986183,1e-07,down
1.6,0.29762004315853113,1e-07,down
1.4,0.4489283878356218,1e-07,down
1.2,0.19852515705861146,1e-07,down
1.0,0.44008207181468595,1e-07,down
0.8,0.047983289696276174,1e-07,down
0.6,0.3392752949148416,1e-07,down
0.4,0.5663822405040264,1e-07,down
0.2,-0.01712092757225037,1e-07,down
-0.0,0.15497872140258548,1e-07,down
-0.0,0.15497872140258548,1e-07,up
0.2,0.13489907979965207,1e-07,up
0.4,0.0759063921868801,1e-07,up
0.6,0.099854645319283,1e-07,up
0.8,0.1964853964745998,1e-07,up
1.0,0.15064385265577582,1e-07,up
1.2,0.05054255947470664,1e-07,up
1.4,0.11352838855236767,1e-07,up
1.6,0.0972172813490033,1e-07,up
1.8,0.058026146842166774,1e-07,up
2.0,0.13144141947850582,1e-07,up
2.2,0.06026793550699948,1e-07,up
2.4,0.20399747195187953,1e-07,up
2.6,0.03974118083715438,1e-07,up
2.8,0.3107586102560162,1e-07,up
3.0,0.25984200276434416,1e-07,up
3.2,0.22987002134323115,1e-07,up
3.4,0.21166440099477765,1e-07,up
3.6,0.09050364419817922,1e-07,up
3.8,0.21672466769814488,1e-07,up
4.0,0.16114206612110135,1e-07,up
4.2,0.1752990934764966,1e-07,up
4.4,0.1964141870266758,1e-07,up
4.6,0.48280436312779773,1e-07,up
4.8,0.17950925976037976,1e-07,up
5.0,0.3139975294470786,1e-07,up
5.2,0.2750193811953067,1e-07,up
5.4,0.14928993955254552,1e-07,up
5.6,0.3400086753536015,1e-07,up
5.8,0.21828535338863725,1e-07,up
6.0,0.37141848541796196,1e-07,up
6.2,0.1907020583748817,1e-07,up
6.4,0.4952248968183993,1e-07,up
6.6,0.523686135187745,1e-07,up
6.8,0.563365239650011,1e-07,up
7.0,0.608731688465923,1e-07,up
7.2,0.5852374136447905,1e-07,up
7.4,0.5911252300284103,1e-07,up
7.6,0.43625634536147107,1e-07,up
7.8,0.4718751329928635,1e-07,up
8.0,0.5050174519419669,1e-07,up
8.0,0.5024282373487948,1e-07,down
7.8,0.564845785498619,1e-07,down
7.6,0.5634066611528395,1e-07,down
7.4,0.6573524903506038,1e-07,down
7.2,0.5884825289249419,1e-07,down
7.0,0.6322217476554214,1e-07,down
6.8,0.494582924991846,1e-07,down
6.6,0.31328179687261576,1e-07,down
6.4,0.5810815379954873,1e-07,down
6.2,0.46441379375755776,1e-07,down
6.0,0.5640637967735528,1e-07,down
5.8,0.3166687190532684,1e-07,down
5.6,0.498763483017683,1e-07,down
5.4,0.502787198871374,1e-07,down
5.2,0.48244822397828085,1e-07,down
5.0,0.3044200483709573,1e-07,down
4.8,0.42464460618793953,1e-07,down
4.6,0.44585322390776116,1e-07,down
4.4,0.44015712244436134,1e-07,down
4.2,0.49985234066843975,1e-07,down
4.0,0.130696109496057,1e-07,down
3.8,0.31869222968816757,1e-07,down
3.6,0.12839792016893622,1e-07,down
3.4,0.28860990889370436,1e-07,down
3.2,0.17603989178314802,1e-07,down
3.0,0.35071746073663224,1e-07,down
2.8,0.2624399214982986,1e-07,down
2.6,0.5911348741501569,1e-07,down
2.4,0.2965851221233606,1e-07,down
2.2,0.20304410904645917,1e-07,down
2.0,0.15992870181798932,1e-07,down
1.8,0.5006186217069625,1e-07,down
1.6,0.2744816711638122,1e-07,down
1.4,0.40248229913413514,1e-07,down
1.2,0.3153309519402682,1e-07,down
1.0,0.3674504859372973,1e-07,down
0.8,0.3100040387362241,1e-07,down
0.6,0.025148496963083734,1e-07,down
0.4,0.3069042877759784,1e-07,down
0.2,0.3378801327198743,1e-07,down
-0.0,0.2847070330753922,1e-07,down
-0.0,0.2847070330753922,1e-07,up
0.2,0.2935852920636534,1e-07,up
0.4,0.3434379026293754,1e-07,up
0.6,0.04045275412499904,1e-07,up
0.8,0.16953687858767802,1e-07,up
1.0,0.16580294046434568,1e-07,up
1.2,0.15067473708040777,1e-07,up
1.4,0.10891925077885388,1e-07,up
1.6,0.34602758707478637,1e-07,up
1.8,0.335707189515233,1e-07,up
2.0,-0.017786753363907337,1e-07,up
2.2,0.2707558071133462,1e-07,up
2.4,0.5164225120097398,1e-07,up
2.6,0.025867519900202737,1e-07,up
2.8,0.4075207524001598,1e-07,up
3.0,0.5844743624329566,1e-07,up
3.2,-0.045510608702898026,1e-07,up
3.4,0.5041089560836552,1e-07,up
3.6,0.5968953538686036,1e-07,up
3.8,0.5723969619721173,1e-07,up
4.0,0.05366951785981653,1e-07,up
4.2,0.4551105489954352,1e-07,up
4.4,0.1118199862539768,1e-07,up
4.6,0.4767838353291153,1e-07,up
4.8,0.5086303697898983,1e-07,up
5.0,0.4686402054503559,1e-07,up
5.2,0.4662287820538039,1e-07,up
5.4,0.5251290118321775,1e-07,up
5.6,0.09530163183808324,1e-07,up
5.8,0.2607054449617862,1e-07,up
6.0,0.4627733376109972,1e-07,up
6.2,0.20414615329355,1e-07,up
6.4,0.3597007748903706,1e-07,up
6.6,0.6623501386493443,1e-07,up
6.8,0.7324911719188093,1e-07,up
7.0,0.4284416697919368,1e-07,up
7.2,0.499271404929459,1e-07,up
7.4,0.60821820423007,1e-07,up
7.6,0.44331887364387507,1e-07,up
7.8,0.5818567033857106,1e-07,up
8.0,0.45639096945524205,1e-07,up
8.0,0.4422294115647673,1e-07,down
7.8,0.43377540633082384,1e-07,down
7.6,0.46673737838864315,1e-07,down
7.4,0.45769027993082995,1e-07,down
7.2,0.594126148149371,1e-07,down
7.0,0.5196858923882245,1e-07,down
6.8,0.4868995081633329,1e-07,down
6.6,0.5697022639214991,1e-07,down
6.4,0.6454100497066974,1e-07,down
6.2,0.6499898228794335,1e-07,down
6.0,0.31316328607499594,1e-07,down
5.8,0.4107738592429086,1e-07,down
5.6,0.3862928844755515,1e-07,down
5.4,0.38141144486144174,1e-07,down
5.2,0.6012375950813292,1e-07,down
5.0,0.5567911565303801,1e-07,down
4.8,0.636646857485175,1e-07,down
4.6,0.6052321288734673,1e-07,down
4.4,0.13903007039334622,1e-07,down
4.2,0.49644667003303755,1e-07,down
4.0,0.20870562642812726,1e-07,down
3.8,0.2797740809619426,1e-07,down
3.6,0.1554137915372848,1e-07,down
3.4,0.34032431244850153,1e-07,down
3.2,0.5728762233629822,1e-07,down
3.0,0.049304662737995365,1e-07,down
2.8,0.4533706475049256,1e-07,down
2.6,0.07514749839901921,1e-07,down
2.4,0.5162551514804362,1e-07,down
2.2,0.8045392259955404,1e-07,down
2.0,0.8764936514198779,1e-07,down
1.8,-0.07126812264323235,1e-07,down
1.6,0.4962101653218269,1e-07,down
1.4,-0.028472975827753558,1e-07,down
1.2,0.2706338539719581,1e-07,down
1.0,0.042686660774052136,1e-07,down
0.8,0.08815971203148362,1e-07,down
0.6,0.1421711891889572,1e-07,down
0.4,0.09529304318130015,1e-07,down
0.2,0.3336794842034578,1e-07,down
-0.0,0.5422463733702897,1e-07,down
-0.0,0.5422463733702897,1e-07,up
0.2,-0.04463065275922418,1e-07,up
0.4,0.3638120032846927,1e-07,up
0.6,0.4304537530988454,1e-07,up
0.8,-0.03429207764565945,1e-07,up
1.0,0.41311177052557463,1e-07,up
1.2,0.4794672485440969,1e-07,up
1.4,-0.004245983436703685,1e-07,up
1.6,0.16005913168191907,1e-07,up
1.8,0.07291163550689814,1e-07,up
2.0,0.21071709319949145,1e-07,up
2.2,0.11218328308314082,1e-07,up
2.4,0.32681971788406367,1e-07,up
2.6,0.008596335072070353,1e-07,up
2.8,0.2419560737907886,1e-07,up
3.0,0.24201796948909757,1e-07,up
3.2,0.01225814223289489,1e-07,up
3.4,0.24961539357900617,1e-07,up
3.6,0.017455637454986562,1e-07,up
3.8,0.3242100672796368,1e-07,up
4.0,0.3478452414274215,1e-07,up
4.2,0.667119327932596,1e-07,up
4.4,0.8065461870282887,1e-07,up
4.6,0.6999216545373199,1e-07,up
4.8,0.12855482101440427,1e-07,up
5.0,0.4232878796756267,1e-07,up
5.2,0.66857420373708,1e-07,up
5.4,0.228054454550147,1e-07,up
5.6,0.3514696322381496,1e-07,up
5.8,0.38810144178569306,1e-07,up
6.0,0.23186895251274103,1e-07,up
6.2,0.40099779143929476,1e-07,up
6.4,0.569017644971609,1e-07,up
6.6,0.5701830126345157,1e-07,up
6.8,0.317788116633892,1e-07,up
7.0,0.46871839649975294,1e-07,up
7.2,0.3814767636358737,1e-07,up
7.4,0.46531446278095234,1e-07,up
7.6,0.5319278854876756,1e-07,up
7.8,0.47485245112329716,1e-07,up
8.0,0.5016694639343767,1e-07,up
8.0,0.4621765692718326,1e-07,down
7.8,0.43848342262208456,1e-07,down
7.6,0.429998181760311,1e-07,down
7.4,0.4044693931937217,1e-07,down
7.2,0.41566682979464525,1e-07,down
7.0,0.3927127085626125,1e-07,down
6.8,0.6112419557757675,1e-07,down
6.6,0.5403028242290019,1e-07,down
6.4,0.6633521874900906,1e-07,down
6.2,0.6145736230537294,1e-07,down
6.0,0.45337156951427454,1e-07,down
5.8,0.6149285733699797,1e-07,down
5.6,0.18741876818239686,1e-07,down
5.4,0.5291131883859633,1e-07,down
5.2,0.16585828736424443,1e-07,down
5.0,0.4861112274229526,1e-07,down
4.8,0.6318153971806166,1e-07,down
4.6,0.04858601745218037,1e-07,down
4.4,0.24485504068434236,1e-07,down
4.2,0.256235759370611,1e-07,down
4.0,0.36752514913678164,1e-07,down
3.8,0.4526555575430392,1e-07,down
3.6,0.5860968306660651,1e-07,down
3.4,0.591486676596105,1e-07,down
3.2,0.08878150582313535,1e-07,down
3.0,0.2304045800119638,1e-07,down
2.8,0.5504249157384037,1e-07,down
2.6,0.09328230842947957,1e-07,down
2.4,0.22636673226952547,1e-07,down
2.2,0.35613304097205395,1e-07,down
2.0,0.5547478531952946,1e-07,down
1.8,0.6427499242126941,1e-07,down
1.6,0.6699151406064628,1e-07,down
1.4,-0.010473577305674565,1e-07,down
1.2,0.5093142613768576,1e-07,down
1.0,-0.02729905396699907,1e-07,down
0.8,0.1927314992062747,1e-07,down
0.6,0.30492037301883096,1e-07,down
0.4,0.3841987322084605,1e-07,down
0.2,0.7037510760128496,1e-07,down
-0.0,0.6506663635373114,1e-07,down
-0.0,0.6506663635373114,1e-07,up
0.2,-0.034351011738181114,1e-07,up
0.4,0.4854289330542087,1e-07,up
0.6,0.7313290815800426,1e-07,up
0.8,0.6104478202760218,1e-07,up
1.0,-0.026954540982842456,1e-07,up
1.2,0.43637282401323313,1e-07,up
1.4,0.6714997980743646,1e-07,up
1.6,0.6868092603981494,1e-07,up
1.8,0.723457347601652,1e-07,up
2.0,-0.018839772790670416,1e-07,up
2.2,0.14005451090633866,1e-07,up
2.4,0.4667274598032235,1e-07,up
2.6,0.10841218661516903,1e-07,up
2.8,0.5689791291952132,1e-07,up
3.0,0.7527478523552416,1e-07,up
3.2,0.036402186378836604,1e-07,up
3.4,0.23275784589350215,1e-07,up
3.6,0.5669558215886353,1e-07,up
3.8,-0.002158850431442268,1e-07,up
4.0,0.5561653375625609,1e-07,up
4.2,0.02977424860000609,1e-07,up
4.4,0.49365399032831186,1e-07,up
4.6,0.15538167580962176,1e-07,up
4.8,0.32284227758646,1e-07,up
5.0,0.4856355711817741,1e-07,up
5.2,0.6194912688806652,1e-07,up
5.4,0.15694755315780637,1e-07,up
5.6,0.4723925814032554,1e-07,up
5.8,0.7238091155886649,1e-07,up
6.0,0.5675923251546918,1e-07,up
6.2,0.1703798323869705,1e-07,up
6.4,0.46033360250294203,1e-07,up
6.6,0.3032896732911467,1e-07,up
6.8,0.4580660611391067,1e-07,up
7.0,0.4065479179844259,1e-07,up
7.2,0.518017959780991,1e-07,up
7.4,0.45165692083537573,1e-07,up
7.6,0.563991006463766,1e-07,up
7.8,0.45710800308734173,1e-07,up
8.0,0.49841182958334673,1e-07,up
8.0,0.4569083149544894,1e-07,down
7.8,0.5188880180940031,1e-07,down
7.6,0.46374789252877224,1e-07,down
7.4,0.5541819971986114,1e-07,down
7.2,0.5720919175073503,1e-07,down
7.0,0.4459075294435023,1e-07,down
6.8,0.43600250780582417,1e-07,down
6.6,0.3760180249810218,1e-07,down
6.4,0.532233410514891,1e-07,down
6.2,0.515538740903139,1e-07,down
6.0,0.34213408082723606,1e-07,down
5.8,0.2890071123838424,1e-07,down
5.6,0.5285469889640807,1e-07,down
5.4,0.4784527719020843,1e-07,down
5.2,0.5192872984334825,1e-07,down
5.0,0.5653210626915096,1e-07,down
4.8,0.45809944765642274,1e-07,down
4.6,0.11492305155843494,1e-07,down
4.4,0.2358955354429781,1e-07,down
4.2,0.45142797002336005,1e-07,down
4.0,0.17253485321998593,1e-07,down
3.8,0.2775449156761169,1e-07,down
3.6,0.13064730167388913,1e-07,down
3.4,0.3209203097503632,1e-07,down
3.2,0.24100172333419317,1e-07,down
3.0,0.17532596737146375,1e-07,down
2.8,0.2681519724428653,1e-07,down
2.6,0.478841237258166,1e-07,down
2.4,-0.02414591610431671,1e-07,down
2.2,0.24175204336643213,1e-07,down
2.0,0.01334780454635619,1e-07,down
1.8,0.1864591687917709,1e-07,down
1.6,0.06059737503528594,1e-07,down
1.4,0.22059710323810575,1e-07,down
1.2,0.5841204784810542,1e-07,down
1.0,0.1849965874571353,1e-07,down
0.8,0.20886817388236517,1e-07,down
0.6,0.2742179203778505,1e-07,down
0.4,0.4464482422918081,1e-07,down
0.2,0.4991112439893185,1e-07,down
-0.0,-0.041080550290644176,1e-07,down
-0.0,-0.041080550290644176,1e-07,up
0.2,0.10332156647928055,1e-07,up
0.4,0.10937330685555934,1e-07,up
0.6,0.05385390296578405,1e-07,up
0.8,0.273103081039153,1e-07,up
1.0,0.2965939566493034,1e-07,up
1.2,0.3263956604059785,1e-07,up
1.4,0.3093688748776912,1e-07,up
1.6,0.43249403085792426,1e-07,up
1.8,0.4771993015892802,1e-07,up
2.0,0.4826461402699351,1e-07,up
2.2,0.43564484175294627,1e-07,up
2.4,0.5275532566010951,1e-07,up
2.6,0.405965456739068,1e-07,up
2.8,0.02261167019605636,1e-07,up
3.0,0.3066735919564962,1e-07,up
3.2,0.08107554353773593,1e-07,up
3.4,0.2936501824005972,1e-07,up
3.6,0.08289245422929523,1e-07,up
3.8,0.12156873103231187,1e-07,up
4.0,0.20818371046334502,1e-07,up
4.2,0.2871297812089324,1e-07,up
4.4,0.040736594237387166,1e-07,up
4.6,0.354865051805973,1e-07,up
4.8,0.5015370827168225,1e-07,up
5.0,0.27519114874303335,1e-07,up
5.2,0.2827329039573669,1e-07,up
5.4,0.5365599158685654,1e-07,up
5.6,0.4885271191596984,1e-07,up
5.8,0.3662886954843998,1e-07,up
6.0,0.5571108777076005,1e-07,up
6.2,0.3060612361878156,1e-07,up
6.4,0.37709633447229857,1e-07,up
6.6,0.38463742891326536,1e-07,up
6.8,0.3634840373415499,1e-07,up
7.0,0.3900088341906666,1e-07,up
7.2,0.5533908025827258,1e-07,up
7.4,0.5634570475667714,1e-07,up
7.6,0.4386842688545584,1e-07,up
7.8,0.460100347176194,1e-07,up
8.0,0.47856404446065415,1e-07,up
8.0,0.5001189494505524,1e-07,down
7.8,0.5599312018603085,1e-07,down
7.6,0.4775741100311279,1e-07,down
7.4,0.4362684469670056,1e-07,down
7.2,0.4480240643024444,1e-07,down
7.0,0.43097902461886395,1e-07,down
6.8,0.5807633912190794,1e-07,down
6.6,0.578115983866155,1e-07,down
6.4,0.3603113256394862,1e-07,down
6.2,0.5044303718023001,1e-07,down
6.0,0.4019192345440387,1e-07,down
5.8,0.331160444766283,1e-07,down
5.6,0.3898253329098224,1e-07,down
5.4,0.3538995943963527,1e-07,down
5.2,0.15225150436162946,1e-07,down
5.0,0.21726097911596295,1e-07,down
4.8,0.46867816057056183,1e-07,down
4.6,0.3146795311477035,1e-07,down
4.4,0.2947356849908828,1e-07,down
4.2,0.44692492857575405,1e-07,down
4.0,0.3659861050546169,1e-07,down
3.8,0.1529944688081741,1e-07,down
3.6,0.24938592314720148,1e-07,down
3.4,0.2671427503228187,1e-07,down
3.2,0.19960251450538632,1e-07,down
3.0,0.3724916982464492,1e-07,down
2.8,0.1567024227697402,1e-07,down
2.6,0.5478458092547952,1e-07,down
2.4,0.2586266919970512,1e-07,down
2.2,0.4076172932982444,1e-07,down
2.0,0.30946442112326616,1e-07,down
1.8,0.11524013616144653,1e-07,down
1.6,0.20614080410450694,1e-07,down
1.4,0.09207099769264458,1e-07,down
1.2,0.403707867488265,1e-07,down
1.0,0.3012129813432693,1e-07,down
0.8,0.35016719996929163,1e-07,down
0.6,0.2622139453887939,1e-07,down
0.4,0.30260168015956873,1e-07,down
0.2,0.24071404337882993,1e-07,down
-0.0,0.1590827703475952,1e-07,down
-0.0,0.1590827703475952,1e-07,up
0.2,0.2727438881993293,1e-07,up
0.4,0.06998293101787566,1e-07,up
0.6,0.3880651760846376,1e-07,up
0.8,0.20778422057628626,1e-07,up
1.0,0.393008570652455,1e-07,up
1.2,0.26903501152992243,1e-07,up
1.4,0.4332472328096627,1e-07,up
1.6,0.3423684760928153,1e-07,up
1.8,0.1333806663751602,1e-07,up
2.0,0.286316230893135,1e-07,up
2.2,0.33257778547704214,1e-07,up
2.4,0.3171528745442628,1e-07,up
2.6,0.2300926051102578,1e-07,up
2.8,0.36106280237436283,1e-07,up
3.0,0.3025066033005714,1e-07,up
3.2,0.6118241436779498,1e-07,up
3.4,0.11188088450580834,1e-07,up
3.6,0.2840510364621877,1e-07,up
3.8,0.10234988713636992,1e-07,up
4.0,0.3918452323414385,1e-07,up
4.2,0.14409300312399861,1e-07,up
4.4,0.33793761435663316,1e-07,up
4.6,0.11734870821237561,1e-07,up
4.8,0.37665061652660364,1e-07,up
5.0,0.3680827468633651,1e-07,up
5.2,0.18885179609060285,1e-07,up
5.4,0.42953688208945084,1e-07,up
5.6,0.4510315544903277,1e-07,up
5.8,0.3478656411170959,1e-07,up
6.0,0.38671555370092386,1e-07,up
6.2,0.5810703374445437,1e-07,up
6.4,0.35942458318822895,1e-07,up
6.6,0.5292093995958566,1e-07,up
6.8,0.37948162108659733,1e-07,up
7.0,0.42956360802054394,1e-07,up
7.2,0.582456063479185,1e-07,up
7.4,0.4833646672777831,1e-07,up
7.6,0.4974943632259964,1e-07,up
7.8,0.49051801860332483,1e-07,up
8.0,0.46661253646016104,1e-07,up
8.0,0.49310396541841317,1e-07,down
7.8,0.4747008243575691,1e-07,down
7.6,0.4570094728842377,1e-07,down
7.4,0.6464252984151243,1e-07,down
7.2,0.6030999664217233,1e-07,down
7.0,0.6816819682717322,1e-07,down
6.8,0.5765064693987368,1e-07,down
6.6,0.29262629896402353,1e-07,down
6.4,0.3961161598563193,1e-07,down
6.2,0.2903077527880668,1e-07,down
6.0,0.3592127040028572,1e-07,down
5.8,0.6346127411816268,1e-07,down
5.6,0.306492855597753,1e-07,down
5.4,0.33343986049294466,1e-07,down
5.2,0.11629703640937802,1e-07,down
5.0,0.3115681875497102,1e-07,down
4.8,0.6203603427857158,1e-07,down
4.6,0.45730981603264803,1e-07,down
4.4,0.1341257747262716,1e-07,down
4.2,0.37662499956786627,1e-07,down
4.0,0.3868923839181661,1e-07,down
3.8,0.20464259758591646,1e-07,down
3.6,0.3044659905135631,1e-07,down
3.4,0.663940081372857,1e-07,down
3.2,0.11717139929533002,1e-07,down
3.0,0.3493733378127217,1e-07,down
2.8,0.5377535074949263,1e-07,down
2.6,0.1549681371543556,1e-07,down
2.4,0.3526402246206998,1e-07,down
2.2,0.6244281008839606,1e-07,down
2.0,0.6083345636725425,1e-07,down
1.8,0.19694097992032764,1e-07,down
1.6,0.4496899843215941,1e-07,down
1.4,0.42535329051315773,1e-07,down
1.2,0.46818010974675406,1e-07,down
1.0,0.503522460348904,1e-07,down
0.8,0.36652051191776985,1e-07,down
0.6,0.4441762443166225,1e-07,down
0.4,0.3574366960674524,1e-07,down
0.2,0.18961782008409495,1e-07,down
-0.0,0.39561892114579666,1e-07,down
-0.0,0.39561892114579666,1e-07,up
0.2,0.2586017895955592,1e-07,up
0.4,0.17798689566552636,1e-07,up
0.6,0.12994636595249173,1e-07,up
0.8,0.1790833389386534,1e-07,up
1.0,0.15736311988439408,1e-07,up
1.2,0.17503277678042647,1e-07,up
1.4,0.20499932020902628,1e-07,up
1.6,0.1250657960772514,1e-07,up
1.8,0.11356974020600318,1e-07,up
2.0,0.14173472113907334,1e-07,up
2.2,0.3578332245815545,1e-07,up
2.4,0.2769867680035531,1e-07,up
2.6,0.3691416623769327,1e-07,up
2.8,0.2631816063076257,1e-07,up
3.0,0.3739894647151231,1e-07,up
3.2,0.47903823666274536,1e-07,up
3.4,0.21265669306740162,1e-07,up
3.6,0.28360969386994833,1e-07,up
3.8,0.21250888705253598,1e-07,up
4.0,0.23614145442843434,1e-07,up
4.2,0.499842473946046,1e-07,up
4.4,0.29497927054762835,1e-07,up
4.6,0.240634664427489,1e-07,up
4.8,0.41343094978947187,1e-07,up
5.0,0.32839717715978617,1e-07,up
5.2,0.18291727453470227,1e-07,up
5.4,0.4419715597759932,1e-07,up
5.6,0.5220812074840068,1e-07,up
5.8,0.4242428434081375,1e-07,up
6.0,0.5349087920039891,1e-07,up
6.2,0.5596322435885667,1e-07,up
6.4,0.4780988488346337,1e-07,up
6.6,0.5231363717466592,1e-07,up
6.8,0.6244402993470429,1e-07,up
7.0,0.5284800902009009,1e-07,up
7.2,0.41026862338185305,1e-07,up
7.4,0.44250981090590347,1e-07,up
7.6,0.5889942180365323,1e-07,up
7.8,0.49956062063574785,1e-07,up
8.0,0.4393403101712465,1e-07,up
8.0,0.48984757019206876,1e-07,down
7.8,0.42995556909590954,1e-07,down
7.6,0.4664949122816323,1e-07,down
7.4,0.5471387207508086,1e-07,down
7.2,0.45645416155457486,1e-07,down
7.0,0.43233578652143473,1e-07,down
6.8,0.3789494931697845,1e-07,down
6.6,0.6405008509755135,1e-07,down
6.4,0.5476278836140408,1e-07,down
6.2,0.45337507594376797,1e-07,down
6.0,0.224256582558155,1e-07,down
5.8,0.3091164650395512,1e-07,down
5.6,0.21580468583852047,1e-07,down
5.4,0.31245743762701744,1e-07,down
5.2,0.19539722194895146,1e-07,down
5.0,0.3630583882331847,1e-07,down
4.8,0.25837876647710795,1e-07,down
4.6,0.24016309529542917,1e-07,down
4.4,0.3620465486310422,1e-07,down
4.2,0.3564969822764396,1e-07,down
4.0,0.24932277551852164,1e-07,down
3.8,0.3484594030305742,1e-07,down
3.6,0.34653612412512297,1e-07,down
3.4,0.3092315541580319,1e-07,down
3.2,0.4586401702836155,1e-07,down
3.0,0.4830567759927361,1e-07,down
2.8,0.2070515705272555,1e-07,down
2.6,0.33221371658146376,1e-07,down
2.4,0.36852840892970556,1e-07,down
2.2,0.1544987997040152,1e-07,down
2.0,0.19783524249214676,1e-07,down
1.8,0.31969136418774713,1e-07,down
1.6,0.12679662927985189,1e-07,down
1.4,0.29416603501886124,1e-07,down
1.2,0.215485967695713,1e-07,down
1.0,0.4438916537910699,1e-07,down
0.8,0.37796084769070143,1e-07,down
0.6,0.5017072656191884,1e-07,down
0.4,0.19326826930046076,1e-07,down
0.2,0.19466122984886164,1e-07,down
-0.0,0.5521095264703034,1e-07,down
-0.0,0.5521095264703034,1e-07,up
0.2,0.35269942134618754,1e-07,up
0.4,0.5041909255087375,1e-07,up
0.6,0.1179147809743881,1e-07,up
0.8,0.1584201771765947,1e-07,up
1.0,0.1774869859218597,1e-07,up
1.2,0.19065519515424964,1e-07,up
1.4,0.16068445704877374,1e-07,up
1.6,0.21786063816398377,1e-07,up
1.8,0.19835284055443475,1e-07,up
2.0,0.24514648783951995,1e-07,up
2.2,0.03069015499204396,1e-07,up
2.4,0.23693152051419017,1e-07,up
2.6,0.3928268449380993,1e-07,up
2.8,0.15401550754904744,1e-07,up
3.0,0.1681932425126433,1e-07,up
3.2,0.17298694793134928,1e-07,up
3.4,0.2737025469541549,1e-07,up
3.6,0.5399205749854444,1e-07,up
3.8,0.08704893011599778,1e-07,up
4.0,0.27396245696581895,1e-07,up
4.2,0.30084008444100613,1e-07,up
4.4,0.16740749403834337,1e-07,up
4.6,0.2448017485439777,1e-07,up
4.8,0.2663662694394588,1e-07,up
5.0,0.38244098797440523,1e-07,up
5.2,0.28198828711174423,1e-07,up
5.4,0.2826743934419937,1e-07,up
5.6,0.23327253200113768,1e-07,up
5.8,0.24529302865266794,1e-07,up
6.0,0.5486359689384698,1e-07,up
6.2,0.4114058148115873,1e-07,up
6.4,0.4743062993511557,1e-07,up
6.6,0.5741725508123635,1e-07,up
6.8,0.4147641621530055,1e-07,up
7.0,0.5540337404236196,1e-07,up
7.2,0.5226643322966992,1e-07,up
7.4,0.5288562439382075,1e-07,up
7.6,0.43908584350720037,1e-07,up
7.8,0.5493935623671858,1e-07,up
8.0,0.42975332587957377,1e-07,up
8.0,0.46690823324024666,1e-07,down
7.8,0.5513424174860119,1e-07,down
7.6,0.44458079896867264,1e-07,down
7.4,0.512248808518052,1e-07,down
7.2,0.48041271604597563,1e-07,down
7.0,0.48684653267264355,1e-07,down
6.8,0.49311427399516095,1e-07,down
6.6,0.46500390768051136,1e-07,down
6.4,0.5382862013066186,1e-07,down
6.2,0.4108266877010464,1e-07,down
6.0,0.5335714742541312,1e-07,down
5.8,0.407766536809504,1e-07,down
5.6,0.21062914282083509,1e-07,down
5.4,0.36737316474318504,1e-07,down
5.2,0.5384749365039169,1e-07,down
5.0,0.12401433661580083,1e-07,down
4.8,0.3503291280940174,1e-07,down
4.6,0.048631367622874656,1e-07,down
4.4,0.30520863877609367,1e-07,down
4.2,0.30057916138321156,1e-07,down
4.0,0.2519157445058226,1e-07,down
3.8,0.39169380278326565,1e-07,down
3.6,0.6406315211206673,1e-07,down
3.4,0.04077525436878203,1e-07,down
3.2,0.3893030220642685,1e-07,down
3.0,0.540133375674486,1e-07,down
2.8,0.5721430657431482,1e-07,down
2.6,0.44686280004680146,1e-07,down
2.4,0.5543013587594031,1e-07,down
2.2,0.1357595808804035,1e-07,down
2.0,0.29260384663939465,1e-07,down
1.8,0.24319280625786624,1e-07,down
1.6,0.3544695517048239,1e-07,down
1.4,0.15749213844537732,1e-07,down
1.2,0.4130618339404463,1e-07,down
1.0,0.45300930552184576,1e-07,down
0.8,0.07745905965566634,1e-07,down
0.6,0.13058814778923986,1e-07,down
0.4,0.16208924539387223,1e-07,down
0.2,0.12205471750348804,1e-07,down
-0.0,0.458363720215857,1e-07,down
-0.0,0.458363720215857,1e-07,up
0.2,0.5080362753942608,1e-07,up
0.4,-0.11743524949997663,1e-07,up
0.6,0.3875728305429219,1e-07,up
0.8,-0.03542922995984554,1e-07,up
1.0,-0.02438758313655855,1e-07,up
1.2,-0.020461814478039752,1e-07,up
1.4,-0.03875625878572464,1e-07,up
1.6,0.04403406754136085,1e-07,up
1.8,0.3476715516299009,1e-07,up
2.0,0.5604944303631781,1e-07,up
2.2,-0.0300512807443738,1e-07,up
2.4,0.04966915398836134,1e-07,up
2.6,0.257685191638302,1e-07,up
2.8,0.47321370057761664,1e-07,up
3.0,0.03140740655362604,1e-07,up
3.2,0.3289186507463455,1e-07,up
3.4,0.04455673042684792,1e-07,up
3.6,0.23075758965569543,1e-07,up
3.8,0.29892825521528715,1e-07,up
4.0,0.10383412614464758,1e-07,up
4.2,0.3545539248734712,1e-07,up
4.4,0.49736617319285864,1e-07,up
4.6,0.15713785495609042,1e-07,up
4.8,0.3930909074842929,1e-07,up
5.0,0.4598804116249084,1e-07,up
5.2,0.5632292395457625,1e-07,up
5.4,0.05692505277693269,1e-07,up
5.6,0.4684629589319228,1e-07,up
5.8,0.5994267035275695,1e-07,up
6.0,0.19236512854695315,1e-07,up
6.2,0.42910421267151827,1e-07,up
6.4,0.2628369182348251,1e-07,up
6.6,0.3408130221068858,1e-07,up
6.8,0.3198536336421966,1e-07,up
7.0,0.37903900444507593,1e-07,up
7.2,0.42171436175703997,1e-07,up
7.4,0.3906657397747039,1e-07,up
7.6,0.45299228280782694,1e-07,up
7.8,0.41124264895915974,1e-07,up
8.0,0.4598833341151475,1e-07,up
8.0,0.486168264877051,1e-07,down
7.8,0.5562369022518395,1e-07,down
7.6,0.5603908244520425,1e-07,down
7.4,0.4893598929047584,1e-07,down
7.2,0.47270893491804594,1e-07,down
7.0,0.5391258038580417,1e-07,down
6.8,0.5189789179712533,1e-07,down
6.6,0.38553468137979496,1e-07,down
6.4,0.5293402541428803,1e-07,down
6.2,0.41362297208979715,1e-07,down
6.0,0.46401771320961405,1e-07,down
5.8,0.43923325277864933,1e-07,down
5.6,0.31528629362583155,1e-07,down
5.4,0.4324424285441636,1e-07,down
5.2,0.3827702403068542,1e-07,down
5.0,0.36173752322793,1e-07,down
4.8,0.34467267990112294,1e-07,down
4.6,0.3299639299511909,1e-07,down
4.4,0.11567670293152331,1e-07,down
4.2,0.31332060066051776,1e-07,down
4.0,0.2589926645159721,1e-07,down
3.8,0.3007874176837504,1e-07,down
3.6,0.28281300421804184,1e-07,down
3.4,0.20524220168590543,1e-07,down
3.2,0.29571590386331076,1e-07,down
3.0,0.2641431130468845,1e-07,down
2.8,0.2650592699646949,1e-07,down
2.6,0.15982068330049512,1e-07,down
2.4,0.25655244354857126,1e-07,down
2.2,0.32419902365654707,1e-07,down
2.0,0.4085637172684073,1e-07,down
1.8,0.32603847421705723,1e-07,down
1.6,0.41450949246063823,1e-07,down
1.4,0.04334093257784843,1e-07,down
1.2,0.295999776571989,1e-07,down
1.0,0.4781713858246803,1e-07,down
0.8,-0.05780596029944717,1e-07,down
0.6,0.34848661161959166,1e-07,down
0.4,-0.07070286944508551,1e-07,down
0.2,0.13066581287421283,1e-07,down
-0.0,0.15620665624737737,1e-07,down
-0.0,0.15620665624737737,1e-07,up
0.2,0.2202627127990126,1e-07,up
0.4,0.4057681523263454,1e-07,up
0.6,0.0916219353675842,1e-07,up
0.8,0.1995969861745834,1e-07,up
1.0,0.35120991524308914,1e-07,up
1.2,0.17555660009384152,1e-07,up
1.4,0.1494807824492454,1e-07,up
1.6,0.2667415682226419,1e-07,up
1.8,0.13373684510588643,1e-07,up
2.0,0.24015640467405314,1e-07,up
2.2,0.09990639984607694,1e-07,up
2.4,0.2757607847452163,1e-07,up
2.6,0.34559138066833833,1e-07,up
2.8,0.18292726483196017,1e-07,up
3.0,0.294171305373311,1e-07,up
3.2,0.3601284101605414,1e-07,up
3.4,0.41808666661381716,1e-07,up
3.6,0.4108544588088988,1e-07,up
3.8,0.05837651342153548,1e-07,up
4.0,0.33309487253427505,1e-07,up
4.2,0.07569674402475354,1e-07,up
4.4,0.17816705163568253,1e-07,up
4.6,0.20741049852222201,1e-07,up
4.8,0.3580343313515185,1e-07,up
5.0,0.47895496734417964,1e-07,up
5.2,0.09134536143392322,1e-07,up
5.4,0.4229785478673875,1e-07,up
5.6,0.11911821365356443,1e-07,up
5.8,0.2958056032657623,1e-07,up
6.0,0.48143794341012824,1e-07,up
6.2,0.30123464390635485,1e-07,up
6.4,0.39382531680166716,1e-07,up
6.6,0.4954474810510873,1e-07,up
6.8,0.3323727417737245,1e-07,up
7.0,0.526837752200663,1e-07,up
7.2,0.5066387895494698,1e-07,up
7.4,0.45703475782647723,1e-07,up
7.6,0.5065439408645033,1e-07,up
7.8,0.5220787990838288,1e-07,up
8.0,0.44334318023174996,1e-07,up
8.0,0.5167870773002505,1e-07,down
7.8,0.46372389420866955,1e-07,down
7.6,0.5604926962405442,1e-07,down
7.4,0.4645096920430659,1e-07,down
7.2,0.5350992262247017,1e-07,down
7.0,0.4232756160199641,1e-07,down
6.8,0.5661547360941767,1e-07,down
6.6,0.39136599819175893,1e-07,down
6.4,0.5305901262909173,1e-07,down
6.2,0.4911749558523297,1e-07,down
6.0,0.3123570047318935,1e-07,down
5.8,0.34812884125858534,1e-07,down
5.6,0.466377893462777,1e-07,down
5.4,0.5509648220613598,1e-07,down
5.2,0.43481179699301714,1e-07,down
5.0,0.12106083333492276,1e-07,down
4.8,0.37281553167849774,1e-07,down
4.6,0.33561381511390204,1e-07,down
4.4,0.3412417620420456,1e-07,down
4.2,0.5398190319538115,1e-07,down
4.0,0.36334462277591223,1e-07,down
3.8,0.09694616496562955,1e-07,down
3.6,0.20183978788554666,1e-07,down
3.4,0.3167618098668754,1e-07,down
3.2,0.07368261832743882,1e-07,down
3.0,0.18627325072884557,1e-07,down
2.8,0.4681252157315611,1e-07,down
2.6,0.38267217762768263,1e-07,down
2.4,0.42351993871852744,1e-07,down
2.2,0.060848876833915676,1e-07,down
2.0,0.15150481509044764,1e-07,down
1.8,0.15885525569319722,1e-07,down
1.6,0.24081018567085263,1e-07,down
1.4,0.21158735081553456,1e-07,down
1.2,0.398614902049303,1e-07,down
1.0,0.22313468344509596,1e-07,down
0.8,0.3007130399346351,1e-07,down
0.6,0.42584411986172194,1e-07,down
0.4,0.15357629768550393,1e-07,down
0.2,0.20428444817662236,1e-07,down
-0.0,0.5447342917323111,1e-07,down
-0.0,0.5447342917323111,1e-07,up
0.2,0.16258329339325425,1e-07,up
0.4,0.0646485649049282,1e-07,up
0.6,0.30198920762632037,1e-07,up
0.8,0.1471165958791971,1e-07,up
1.0,0.23341875895857805,1e-07,up
1.2,0.14479346852749583,1e-07,up
1.4,0.20910974917933342,1e-07,up
1.6,0.28237266000360245,1e-07,up
1.8,0.16082160545920485,1e-07,up
2.0,0.14984863041900096,1e-07,up
2.2,0.3148178264673333,1e-07,up
2.4,0.15904321521520612,1e-07,up
2.6,0.2601226358674466,1e-07,up
2.8,0.20993686886504287,1e-07,up
3.0,0.3432868875097483,1e-07,up
3.2,0.20834253355860705,1e-07,up
3.4,0.31247778795659537,1e-07,up
3.6,0.3529445324093103,1e-07,up
3.8,0.14743414521217343,1e-07,up
4.0,0.2160452995449304,1e-07,up
4.2,0.11653318256139752,1e-07,up
4.4,0.23003984987735746,1e-07,up
4.6,0.25404023809824133,1e-07,up
4.8,0.31073851743713016,1e-07,up
5.0,0.13969671353697774,1e-07,up
5.2,0.28424126841127867,1e-07,up
5.4,0.4791423350106924,1e-07,up
5.6,0.4520966475829481,1e-07,up
5.8,0.2773380018770694,1e-07,up
6.0,0.4973298087716102,1e-07,up
6.2,0.6100755557417868,1e-07,up
6.4,0.5573520604521035,1e-07,up
6.6,0.540549837052822,1e-07,up
6.8,0.3415298350155353,1e-07,up
7.0,0.4295259453356265,1e-07,up
7.2,0.4010781422257423,1e-07,up
7.4,0.46614135242998583,1e-07,up
7.6,0.5317781660705804,1e-07,up
7.8,0.4570891768671572,1e-07,up
8.0,0.4679316664114594,1e-07,up
8.0,0.4612001380883156,1e-07,down
7.8,0.44537406647577876,1e-07,down
7.6,0.46937314700335253,1e-07,down
7.4,0.5487584397196769,1e-07,down
7.2,0.3782781027257442,1e-07,down
7.0,0.3941001687198877,1e-07,down
6.8,0.5898375995457171,1e-07,down
6.6,0.5271738730370997,1e-07,down
6.4,0.5306176021695136,1e-07,down
6.2,0.30695741623640055,1e-07,down
6.0,0.399926159530878,1e-07,down
5.8,0.556024957448244,1e-07,down
5.6,0.5411440897732972,1e-07,down
5.4,0.5512359794229268,1e-07,down
5.2,0.5581274721771478,1e-07,down
5.0,0.5313256569206714,1e-07,down
4.8,0.46983616426587094,1e-07,down
4.6,0.4951870366930961,1e-07,down
4.4,0.5045698657631873,1e-07,down
4.2,0.05693041207268833,1e-07,down
4.0,0.34185974020510906,1e-07,down
3.8,0.09517627116292712,1e-07,down
3.6,0.25914943148382,1e-07,down
3.4,0.23828070983290667,1e-07,down
3.2,0.4670601304387673,1e-07,down
3.0,0.24970130855217573,1e-07,down
2.8,0.21667963638901708,1e-07,down
2.6,0.1874880492687225,1e-07,down
2.4,0.21650172397494313,1e-07,down
2.2,0.13179119676351544,1e-07,down
2.0,0.22926937416195867,1e-07,down
1.8,0.47199334716424335,1e-07,down
1.6,0.4280776064842939,1e-07,down
1.4,0.0038176253437995906,1e-07,down
1.2,0.18380450643599028,1e-07,down
1.0,0.26425505802035326,1e-07,down
0.8,-0.013651149347424514,1e-07,down
0.6,0.3526177797466516,1e-07,down
0.4,0.7591585256159304,1e-07,down
0.2,0.5546219162642955,1e-07,down
-0.0,-0.16957013704814014,1e-07,down
-0.0,-0.16957013704814014,1e-07,up
0.2,0.39910993538796896,1e-07,up
0.4,0.5645527839660643,1e-07,up
0.6,0.39043028280138964,1e-07,up
0.8,-0.1688300184905529,1e-07,up
1.0,-0.03838741220533847,1e-07,up
1.2,0.430849190801382,1e-07,up
1.4,0.38843615353107447,1e-07,up
1.6,0.4812101200222968,1e-07,up
1.8,0.39625932648777956,1e-07,up
2.0,0.5184712447226048,1e-07,up
2.2,0.4114736393094062,1e-07,up
2.4,-0.1350165344774723,1e-07,up
2.6,0.32946656644344324,1e-07,up
2.8,0.4709829669445752,1e-07,up
3.0,-0.04505530884489418,1e-07,up
3.2,0.47023776359856123,1e-07,up
3.4,-0.05088503472507,1e-07,up
3.6,0.3903635514434426,1e-07,up
3.8,0.39328101743012656,1e-07,up
4.0,0.5277017690241336,1e-07,up
4.2,0.4599170368164777,1e-07,up
4.4,0.143302152515389,1e-07,up
4.6,0.2763645835220813,1e-07,up
4.8,0.17140088789165017,1e-07,up
5.0,0.4448463395237922,1e-07,up
5.2,0.4862668626010417,1e-07,up
5.4,0.5176910236477851,1e-07,up
5.6,0.2585137896239757,1e-07,up
5.8,0.49305742140859354,1e-07,up
6.0,0.36089257150888443,1e-07,up
6.2,0.2832162976264953,1e-07,up
6.4,0.3712978549301623,1e-07,up
6.6,0.4023150913417338,1e-07,up
6.8,0.49922564625740035,1e-07,up
7.0,0.48401658819057036,1e-07,up
7.2,0.3774724528193473,1e-07,up
7.4,0.39467547833919514,1e-07,up
7.6,0.41978903673589224,1e-07,up
7.8,0.5279125217348336,1e-07,up
8.0,0.4784210240468382,1e-07,up
8.0,0.44958593137562264,1e-07,down
7.8,0.5037944260984658,1e-07,down
7.6,0.44122288003563875,1e-07,down
7.4,0.43991897627711285,1e-07,down
7.2,0.5658676186576485,1e-07,down
7.0,0.5937618948519229,1e-07,down
6.8,0.45924222283065314,1e-07,down
6.6,0.5053732385858892,1e-07,down
6.4,0.37875246629118914,1e-07,down
6.2,0.41130029782652844,1e-07,down
6.0,0.3598232045769691,1e-07,down
5.8,0.39641518890857685,1e-07,down
5.6,0.3389230929315089,1e-07,down
5.4,0.5167294777929782,1e-07,down
5.2,0.3137312456965446,1e-07,down
5.0,0.18983887322247026,1e-07,down
4.8,0.40916992165148247,1e-07,down
4.6,0.2467297054827213,1e-07,down
4.4,0.2035069204866886,1e-07,down
4.2,0.27208722382783884,1e-07,down
4.0,0.43350840755738307,1e-07,down
3.8,0.4688769243657588,1e-07,down
3.6,0.05148946121335029,1e-07,down
3.4,0.3142713047564029,1e-07,down
3.2,0.0102468617260456,1e-07,down
3.0,0.2661870811134576,1e-07,down
2.8,0.46239158231765026,1e-07,down
2.6,0.10013079270720479,1e-07,down
2.4,0.255272121168673,1e-07,down
2.2,0.2911482155323028,1e-07,down
2.0,0.30008389800786966,1e-07,down
1.8,0.24322021752595901,1e-07,down
1.6,0.49835532344877714,1e-07,down
1.4,0.25254842638969416,1e-07,down
1.2,0.01166921108961105,1e-07,down
1.0,0.22771349549293515,1e-07,down
0.8,0.12340129166841506,1e-07,down
0.6,0.47411378100514395,1e-07,down
0.4,0.3903136141598224,1e-07,down
0.2,0.26038199663162226,1e-07,down
-0.0,0.3634380623698234,1e-07,down
-0.0,0.3634380623698234,1e-07,up
0.2,0.3243994787335395,1e-07,up
0.4,0.3796253073960542,1e-07,up
0.6,0.3022117912769317,1e-07,up
0.8,0.3380019403994083,1e-07,up
1.0,0.35877261683344835,1e-07,up
1.2,0.17011551931500432,1e-07,up
1.4,0.15379547420889134,1e-07,up
1.6,0.17934891581535337,1e-07,up
1.8,0.17707046493887899,1e-07,up
2.0,0.223110981285572,1e-07,up
2.2,0.19695355370640752,1e-07,up
2.4,0.2791005298495292,1e-07,up
2.6,0.09587465226650237,1e-07,up
2.8,0.40880496101453895,1e-07,up
3.0,0.12631969712674615,1e-07,up
3.2,0.11080979555845258,1e-07,up
3.4,0.3714464728254824,1e-07,up
3.6,0.45183343021199107,1e-07,up
3.8,0.13996420777402815,1e-07,up
4.0,0.08879219740629193,1e-07,up
4.2,0.32079834491014475,1e-07,up
4.4,0.059594690799713114,1e-07,up
4.6,0.42795700207352627,1e-07,up
4.8,0.36009358428418636,1e-07,up
5.0,0.5792668238282203,1e-07,up
5.2,0.11863177269697187,1e-07,up
5.4,0.4050796926021575,1e-07,up
5.6,0.2182442136108875,1e-07,up
5.8,0.4861177019774913,1e-07,up
6.0,0.29384499788284296,1e-07,up
6.2,0.4874089695513247,1e-07,up
6.4,0.3606205284595489,1e-07,up
6.6,0.3892635242082178,1e-07,up
6.8,0.5144779328256844,1e-07,up
7.0,0.5450081918388604,1e-07,up
7.2,0.5476508922874926,1e-07,up
7.4,0.4456622898578643,1e-07,up
7.6,0.5371281197294592,1e-07,up
7.8,0.5224399305880069,1e-07,up
8.0,0.4932131128152832,1e-07,up
8.0,0.49176902603358025,1e-07,down
7.8,0.5097770998254417,1e-07,down
7.6,0.44884019624441857,1e-07,down
7.4,0.523149708576966,1e-07,down
7.2,0.47954758815467347,1e-07,down
7.0,0.5477151013328693,1e-07,down
6.8,0.422885164618492,1e-07,down
6.6,0.47777943592518557,1e-07,down
6.4,0.371068112552166,1e-07,down
6.2,0.3237000911030918,1e-07,down
6.0,0.3677811271045356,1e-07,down
5.8,0.4260016679763793,1e-07,down
5.6,0.37592226066044526,1e-07,down
5.4,0.22168925218284125,1e-07,down
5.2,0.32483106851577753,1e-07,down
5.0,0.2972376458346843,1e-07,down
4.8,0.33675665140617633,1e-07,down
4.6,0.354586319066584,1e-07,down
4.4,0.3716570148244499,1e-07,down
4.2,0.17128870449960226,1e-07,down
4.0,0.30925770662724966,1e-07,down
3.8,0.2923999621998518,1e-07,down
3.6,0.33475513756275177,1e-07,down
3.4,0.35394169390201563,1e-07,down
3.2,0.0594133138656616,1e-07,down
3.0,0.2293678782880306,1e-07,down
2.8,0.45828173775225867,1e-07,down
2.6,0.10393659956753251,1e-07,down
2.4,0.277673571370542,1e-07,down
2.2,0.37259880825877184,1e-07,down
2.0,0.17757424712181086,1e-07,down
1.8,0.21067936345934862,1e-07,down
1.6,0.32948712445795536,1e-07,down
1.4,0.22244901489466426,1e-07,down
1.2,0.21164068893995133,1e-07,down
1.0,0.2701159715652465,1e-07,down
0.8,0.2495963722467422,1e-07,down
0.6,0.29523438587784767,1e-07,down
0.4,0.5636474080383775,1e-07,down
0.2,0.4073561569675802,1e-07,down
-0.0,0.3313274895772337,1e-07,down
-0.0,0.3313274895772337,1e-07,up
0.2,0.44653000310063357,1e-07,up
0.4,0.34903952665626997,1e-07,up
0.6,0.2561246026307344,1e-07,up
0.8,0.10307742841541766,1e-07,up
1.0,0.13134937360882756,1e-07,up
1.2,0.1341741159558296,1e-07,up
1.4,0.12326837703585622,1e-07,up
1.6,0.15298461914062497,1e-07,up
1.8,0.287211675196886,1e-07,up
2.0,0.24254705198109144,1e-07,up
2.2,0.12451738864183425,1e-07,up
2.4,0.23524088785052294,1e-07,up
2.6,0.11294515803456302,1e-07,up
2.8,0.286143772304058,1e-07,up
3.0,0.38739613350480784,1e-07,up
3.2,0.05549581895320442,1e-07,up
3.4,0.3359477317426353,1e-07,up
3.6,0.5077243670821189,1e-07,up
3.8,0.3773729540407657,1e-07,up
4.0,0.4435528349131345,1e-07,up
4.2,0.4145655855536461,1e-07,up
4.4,-0.030581422150135044,1e-07,up
4.6,0.38768367841839785,1e-07,up
4.8,0.5889432933181523,1e-07,up
5.0,0.5019427202641963,1e-07,up
5.2,0.13811807520687577,1e-07,up
5.4,0.23420306108891958,1e-07,up
5.6,0.3882491625845432,1e-07,up
5.8,0.5011886525899171,1e-07,up
6.0,0.2364375132601708,1e-07,up
6.2,0.27958189696073527,1e-07,up
6.4,0.30447718268260354,1e-07,up
6.6,0.31778774433769275,1e-07,up
6.8,0.5924581540748476,1e-07,up
7.0,0.49604306090623124,1e-07,up
7.2,0.5102515369653701,1e-07,up
7.4,0.41551652178168286,1e-07,up
7.6,0.5383002664893864,1e-07,up
7.8,0.4467989141121506,1e-07,up
8.0,0.4747411888092755,1e-07,up
8.0,0.46351414546370495,1e-07,down
7.8,0.5027331672608851,1e-07,down
7.6,0.42256336659193033,1e-07,down
7.4,0.5576171800494193,1e-07,down
7.2,0.4890131689608096,1e-07,down
7.0,0.3793044984340667,1e-07,down
6.8,0.5121275931596755,1e-07,down
6.6,0.4140754863619803,1e-07,down
6.4,0.37617523223161686,1e-07,down
6.2,0.41827777400612826,1e-07,down
6.0,0.31877214368432755,1e-07,down
5.8,0.34666157886385907,1e-07,down
5.6,0.2597430646419525,1e-07,down
5.4,0.34427656605839724,1e-07,down
5.2,0.2822434268891811,1e-07,down
5.0,0.2121077701449394,1e-07,down
4.8,0.2139819413423538,1e-07,down
4.6,0.15425907075405118,1e-07,down
4.4,0.502651423215866,1e-07,down
4.2,0.2128859162330627,1e-07,down
4.0,0.4464488890953361,1e-07,down
3.8,0.23346656933426851,1e-07,down
3.6,0.23178460821509358,1e-07,down
3.4,0.4332105368375777,1e-07,down
3.2,0.4255347847938537,1e-07,down
3.0,0.08738902583718298,1e-07,down
2.8,0.24981311289593572,1e-07,down
2.6,0.22919010743498797,1e-07,down
2.4,0.22825039178133005,1e-07,down
2.2,0.407868567854166,1e-07,down
2.0,0.12468647956848143,1e-07,down
1.8,0.22081191092729563,1e-07,down
1.6,0.188759833574295,1e-07,down
1.4,0.4789930842816829,1e-07,down
1.2,0.3836235553026199,1e-07,down
1.0,0.5466405190527438,1e-07,down
0.8,0.5374183487147092,1e-07,down
0.6,0.5992493680678307,1e-07,down
0.4,0.5053015053272246,1e-07,down
0.2,0.03669196739792822,1e-07,down
-0.0,0.4144389620050787,1e-07,down
-0.0,0.4144389620050787,1e-07,up
0.2,0.16577636031433937,1e-07,up
0.4,0.14229903277009723,1e-07,up
0.6,0.1916342140175402,1e-07,up
0.8,0.3520989008247852,1e-07,up
1.0,0.01042125560343265,1e-07,up
1.2,0.184664960950613,1e-07,up
1.4,0.49185546021908516,1e-07,up
1.6,0.1040953081101179,1e-07,up
1.8,0.2256999537348747,1e-07,up
2.0,0.32215020293369884,1e-07,up
2.2,0.25777081027626986,1e-07,up
2.4,0.18269423022866244,1e-07,up
2.6,0.3437935393303633,1e-07,up
2.8,0.27262517437338823,1e-07,up
3.0,0.18094099313020703,1e-07,up
3.2,0.22551063448190686,1e-07,up
3.4,0.4135711211711168,1e-07,up
3.6,0.18985463492572305,1e-07,up
3.8,0.2173164339619688,1e-07,up
4.0,0.20558611676096913,1e-07,up
4.2,0.236734383739531,1e-07,up
4.4,0.3235811423510313,1e-07,up
4.6,0.2498163357377052,1e-07,up
4.8,0.43405231460928906,1e-07,up
5.0,0.37614112347364415,1e-07,up
5.2,0.1965139731764793,1e-07,up
5.4,0.213896669447422,1e-07,up
5.6,0.26896852999925613,1e-07,up
5.8,0.5626082606613635,1e-07,up
6.0,0.31881649047136296,1e-07,up
6.2,0.4985176604241132,1e-07,up
6.4,0.5741860214620828,1e-07,up
6.6,0.32766680046916,1e-07,up
6.8,0.500819832086563,1e-07,up
7.0,0.5665239766240119,1e-07,up
7.2,0.5002994686365126,1e-07,up
7.4,0.515560877509415,1e-07,up
7.6,0.4929980393499135,1e-07,up
7.8,0.44534873589873303,1e-07,up
8.0,0.5123032550327479,1e-07,up
8.0,0.49266823753714556,1e-07,down
7.8,0.5833137221634387,1e-07,down
7.6,0.45438542589545244,1e-07,down
7.4,0.46798001741990436,1e-07,down
7.2,0.46774311643093813,1e-07,down
7.0,0.45052159146871407,1e-07,down
6.8,0.482613265980035,1e-07,down
6.6,0.395204160362482,1e-07,down
6.4,0.46598561853170384,1e-07,down
6.2,0.29969100747257466,1e-07,down
6.0,0.28963805874809617,1e-07,down
5.8,0.29974544949072873,1e-07,down
5.6,0.2729389290325343,1e-07,down
5.4,0.28697252925485367,1e-07,down
5.2,0.2575479364022612,1e-07,down
5.0,0.30281766131520266,1e-07,down
4.8,0.33341566286981095,1e-07,down
4.6,0.24697256088256833,1e-07,down
4.4,0.3237452963367104,1e-07,down
4.2,0.3694661632180214,1e-07,down
4.0,0.3929263427853583,1e-07,down
3.8,0.44255123473703856,1e-07,down
3.6,0.41486027091741556,1e-07,down
3.4,0.2422397146001458,1e-07,down
3.2,0.22259732923703263,1e-07,down
3.0,0.3641246464103459,1e-07,down
2.8,0.3267710430081933,1e-07,down
2.6,0.14360946789383885,1e-07,down
2.4,0.5141446795314549,1e-07,down
2.2,0.16339326277375218,1e-07,down
2.0,0.20787338167428965,1e-07,down
1.8,0.4383693411946296,1e-07,down
1.6,0.10971638234332201,1e-07,down
1.4,0.23764252709224817,1e-07,down
1.2,0.3593912275973707,1e-07,down
1.0,0.3291245717555284,1e-07,down
0.8,0.042099997401237474,1e-07,down
0.6,0.2713734526187181,1e-07,down
0.4,-0.01829455234110356,1e-07,down
0.2,0.13439128920435903,1e-07,down
-0.0,0.25335277616977686,1e-07,down
-0.0,0.25335277616977686,1e-07,up
0.2,0.02358834818005561,1e-07,up
0.4,0.21551384031772608,1e-07,up
0.6,-0.025332063436508186,1e-07,up
0.8,0.19889640808105466,1e-07,up
1.0,-0.014212109148502355,1e-07,up
1.2,0.0752049423754215,1e-07,up
1.4,0.055306062102317796,1e-07,up
1.6,0.18488995358347887,1e-07,up
1.8,0.39397725649178017,1e-07,up
2.0,0.38171454425901163,1e-07,up
2.2,0.27485268563032145,1e-07,up
2.4,0.04820884735090657,1e-07,up
2.6,0.15971247944980857,1e-07,up
2.8,0.24855856411159036,1e-07,up
3.0,0.05407889932394026,1e-07,up
3.2,0.114361586747691,1e-07,up
3.4,0.08712882734835146,1e-07,up
3.6,0.08452387899160384,1e-07,up
3.8,0.2154653224861249,1e-07,up
4.0,0.23732717847451562,1e-07,up
4.2,0.228746916167438,1e-07,up
4.4,0.26868934184312815,1e-07,up
4.6,0.21973380073904986,1e-07,up
4.8,0.3354238038882612,1e-07,up
5.0,0.15211574174463746,1e-07,up
5.2,0.30203686840832233,1e-07,up
5.4,0.22685418277978892,1e-07,up
5.6,0.418099746108055,1e-07,up
5.8,0.2694318480789661,1e-07,up
6.0,0.31838068738579745,1e-07,up
6.2,0.48916053585708136,1e-07,up
6.4,0.25940532842651004,1e-07,up
6.6,0.3742884253442752,1e-07,up
6.8,0.5149242226034403,1e-07,up
7.0,0.34766881540417666,1e-07,up
7.2,0.5160271935164928,1e-07,up
7.4,0.5333758983761071,1e-07,up
7.6,0.4650605469942092,1e-07,up
7.8,0.47098183073103417,1e-07,up
8.0,0.5065630897879599,1e-07,up
8.0,0.49744939059019083,1e-07,down
7.8,0.5768612250685691,1e-07,down
7.6,0.617523521184921,1e-07,down
7.4,0.4851199239492416,1e-07,down
7.2,0.5813611624762415,1e-07,down
7.0,0.45080845057964314,1e-07,down
6.8,0.45509260147809977,1e-07,down
6.6,0.3810595870018005,1e-07,down
6.4,0.37387891043908894,1e-07,down
6.2,0.36243872111663217,1e-07,down
6.0,0.3022059904178604,1e-07,down
5.8,0.4433780461549758,1e-07,down
5.6,0.35409343801438803,1e-07,down
5.4,0.2564598657190799,1e-07,down
5.2,0.23894018866121763,1e-07,down
5.0,0.21189808798953885,1e-07,down
4.8,0.3392352052032947,1e-07,down
4.6,0.18471116572618482,1e-07,down
4.4,0.15435911715030667,1e-07,down
4.2,0.1965650990605354,1e-07,down
4.0,0.14205860346555707,1e-07,down
3.8,0.23848704993724817,1e-07,down
3.6,0.4052820364013313,1e-07,down
3.4,0.3723923005163669,1e-07,down
3.2,0.35912567004561413,1e-07,down
3.0,0.4266560301184653,1e-07,down
2.8,0.3540612868964672,1e-07,down
2.6,0.44022270292043675,1e-07,down
2.4,0.11162634193897245,1e-07,down
2.2,0.4550378210842609,1e-07,down
2.0,0.33179664611816406,1e-07,down
1.8,0.3968890458345413,1e-07,down
1.6,0.522100566420704,1e-07,down
1.4,0.31434945762157435,1e-07,down
1.2,0.3779765615181531,1e-07,down
1.0,0.3070602938532829,1e-07,down
0.8,0.4192735105752944,1e-07,down
0.6,0.47695563361048693,1e-07,down
0.4,0.12615655362606046,1e-07,down
0.2,0.19378829002380368,1e-07,down
-0.0,0.45813378226011986,1e-07,down
-0.0,0.45813378226011986,1e-07,up
0.2,0.026120197027921663,1e-07,up
0.4,0.08182811737060545,1e-07,up
0.6,0.3014176189899444,1e-07,up
0.8,-0.022923544049262997,1e-07,up
1.0,0.3057074770331382,1e-07,up
1.2,0.4172164527699351,1e-07,up
1.4,-0.08055604249238968,1e-07,up
1.6,0.05369412153959273,1e-07,up
1.8,0.07358637452125547,1e-07,up
2.0,0.07161603122949597,1e-07,up
2.2,0.1052495017647743,1e-07,up
2.4,0.16439089924097058,1e-07,up
2.6,0.2359235137701034,1e-07,up
2.8,0.38711281120777125,1e-07,up
3.0,0.2523384168744087,1e-07,up
3.2,0.07832024246454238,1e-07,up
3.4,0.27526102960109705,1e-07,up
3.6,0.07385791838169097,1e-07,up
3.8,0.181824691593647,1e-07,up
4.0,0.20033721625804898,1e-07,up
4.2,0.17361702024936676,1e-07,up
4.4,0.30440443009138096,1e-07,up
4.6,0.32603236287832255,1e-07,up
4.8,0.21240305900573728,1e-07,up
5.0,0.18091915547847745,1e-07,up
5.2,0.22900573909282682,1e-07,up
5.4,0.17261345684528348,1e-07,up
5.6,0.2604554668068885,1e-07,up
5.8,0.30912263132631773,1e-07,up
6.0,0.18063818663358683,1e-07,up
6.2,0.3075212929397821,1e-07,up
6.4,0.4961154833436011,1e-07,up
6.6,0.3152283281087875,1e-07,up
6.8,0.5090827783569692,1e-07,up
7.0,0.44996305555105204,1e-07,up
7.2,0.3889148384332656,1e-07,up
7.4,0.5961936991661786,1e-07,up
7.6,0.5559244081377982,1e-07,up
7.8,0.5744791701436042,1e-07,up
8.0,0.4949863627552985,1e-07,up
8.0,0.5247255382128059,1e-07,down
7.8,0.5505761895328759,1e-07,down
7.6,0.56965818349272,1e-07,down
7.4,0.4795352090150117,1e-07,down
7.2,0.4774878993630408,1e-07,down
7.0,0.6275491341948507,1e-07,down
6.8,0.6416146424598991,1e-07,down
6.6,0.4106792518869042,1e-07,down
6.4,0.4428150127641856,1e-07,down
6.2,0.36359164118766785,1e-07,down
6.0,0.4240046306513249,1e-07,down
5.8,0.591289241798222,1e-07,down
5.6,0.3229069039225578,1e-07,down
5.4,0.5802190788090228,1e-07,down
5.2,0.5689208628609775,1e-07,down
5.0,0.335590474307537,1e-07,down
4.8,0.3032527640461921,1e-07,down
4.6,0.48088370892219234,1e-07,down
4.4,0.5320167578756809,1e-07,down
4.2,0.5371633023023605,1e-07,down
4.0,0.5578117873519658,1e-07,down
3.8,0.5810902612283825,1e-07,down
3.6,0.24324519280344242,1e-07,down
3.4,0.4196522291749715,1e-07,down
3.2,0.13264500536024565,1e-07,down
3.0,0.3704533344134688,1e-07,down
2.8,0.14893241040408606,1e-07,down
2.6,0.4549724385142325,1e-07,down
2.4,0.2904496863484382,1e-07,down
2.2,0.5366940516978501,1e-07,down
2.0,0.1819934584200382,1e-07,down
1.8,0.43545671924948687,1e-07,down
1.6,0.2723707510158419,1e-07,down
1.4,0.3508438058197498,1e-07,down
1.2,0.26392035186290735,1e-07,down
1.0,0.23104585707187647,1e-07,down
0.8,0.7068444099277257,1e-07,down
0.6,0.39266000967472786,1e-07,down
0.4,0.4852553233504295,1e-07,down
0.2,0.4915181640535592,1e-07,down
-0.0,0.13023430760949847,1e-07,down
-0.0,0.13023430760949847,1e-07,up
0.2,0.3285884968936443,1e-07,up
0.4,0.5008922219276427,1e-07,up
0.6,0.10948684929462613,1e-07,up
0.8,0.28310343436896795,1e-07,up
1.0,0.45046722609549755,1e-07,up
1.2,0.3391676247119903,1e-07,up
1.4,0.00945408921688794,1e-07,up
1.6,0.31589571665972466,1e-07,up
1.8,0.1488089235499501,1e-07,up
2.0,0.4623366585001349,1e-07,up
2.2,0.5243857149034739,1e-07,up
2.4,0.03604972595348952,1e-07,up
2.6,0.36034421068325173,1e-07,up
2.8,0.5087487660348414,1e-07,up
3.0,0.46096855774521817,1e-07,up
3.2,0.4890478854067623,1e-07,up
3.4,0.03417249862104653,1e-07,up
3.6,0.3467383161187171,1e-07,up
3.8,0.2582194777205586,1e-07,up
4.0,0.47918905969709147,1e-07,up
4.2,0.24705598503351206,1e-07,up
4.4,0.46123250946402544,1e-07,up
4.6,0.422111814841628,1e-07,up
4.8,0.5843492709100245,1e-07,up
5.0,0.2719636410620296,1e-07,up
5.2,0.41300168354064215,1e-07,up
5.4,0.3726279251277446,1e-07,up
5.6,0.3151257932186126,1e-07,up
5.8,0.277369275689125,1e-07,up
6.0,0.40069811791181553,1e-07,up
6.2,0.3500234633684157,1e-07,up
6.4,0.6361494627781212,1e-07,up
6.6,0.626195715740323,1e-07,up
6.8,0.6687627881765364,1e-07,up
7.0,0.4178545436589046,1e-07,up
7.2,0.5263011194765567,1e-07,up
7.4,0.5544294281862675,1e-07,up
7.6,0.4701220411807298,1e-07,up
7.8,0.5654807575047015,1e-07,up
8.0,0.527976132929325,1e-07,up
8.0,0.5138689083978533,1e-07,down
7.8,0.5367636140435933,1e-07,down
7.6,0.46631712839007367,1e-07,down
7.4,0.6062131226062774,1e-07,down
7.2,0.5652144078630953,1e-07,down
7.0,0.6406282112002372,1e-07,down
6.8,0.3993460349738597,1e-07,down
6.6,0.4418205944821238,1e-07,down
6.4,0.4963522013276815,1e-07,down
6.2,0.5653791166841983,1e-07,down
6.0,0.2631879691034555,1e-07,down
5.8,0.3684223918244242,1e-07,down
5.6,0.491123080253601,1e-07,down
5.4,0.46259894594550127,1e-07,down
5.2,0.5025078691542147,1e-07,down
5.0,0.4515858590602875,1e-07,down
4.8,0.5514081809669732,1e-07,down
4.6,0.1209004446864128,1e-07,down
4.4,0.3729251502081751,1e-07,down
4.2,0.5788201708346604,1e-07,down
4.0,0.09146199375391004,1e-07,down
3.8,0.19905244838446373,1e-07,down
3.6,0.42161914519965643,1e-07,down
3.4,0.42371968738734717,1e-07,down
3.2,-0.015499204397201543,1e-07,down
3.0,0.32848359644412983,1e-07,down
2.8,0.44938293006271113,1e-07,down
2.6,0.39805611781775946,1e-07,down
2.4,0.4512708596885204,1e-07,down
2.2,0.3863610215485095,1e-07,down
2.0,0.12271863128989932,1e-07,down
1.8,0.2922295853495598,1e-07,down
1.6,0.045046711340546594,1e-07,down
1.4,0.2352179456502199,1e-07,down
1.2,0.4811961776576935,1e-07,down
1.0,0.45232738181948656,1e-07,down
0.8,-0.07775034569203854,1e-07,down
0.6,0.2534844949841499,1e-07,down
0.4,0.4172615576535462,1e-07,down
0.2,0.42355975136160845,1e-07,down
-0.0,0.032313056290149675,1e-07,down
-0.0,0.032313056290149675,1e-07,up
0.2,0.13138965889811513,1e-07,up
0.4,0.20604376955452602,1e-07,up
0.6,0.28371556475758547,1e-07,up
0.8,-0.02860720455646515,1e-07,up
1.0,0.17155322059988973,1e-07,up
1.2,0.3813384193927049,1e-07,up
1.4,0.10192463174462316,1e-07,up
1.6,0.1311487406492233,1e-07,up
1.8,0.24100366979837412,1e-07,up
2.0,0.35195121169090265,1e-07,up
2.2,0.3909255913458764,1e-07,up
2.4,0.35541689582169045,1e-07,up
2.6,0.3786830282770096,1e-07,up
2.8,0.36807885672897095,1e-07,up
3.0,0.40122928656637663,1e-07,up
3.2,0.2539069452323019,1e-07,up
3.4,0.4486705288290977,1e-07,up
3.6,0.3395117493346333,1e-07,up
3.8,0.011228106915950777,1e-07,up
4.0,0.17783406609669325,1e-07,up
4.2,0.45262305345386256,1e-07,up
4.4,0.3039052886888384,1e-07,up
4.6,0.4621141497045754,1e-07,up
4.8,0.13915301114320752,1e-07,up
5.0,0.288392886519432,1e-07,up
5.2,0.12230559438467024,1e-07,up
5.4,0.4206185583025216,1e-07,up
5.6,0.358728657476604,1e-07,up
5.8,0.4564862251281738,1e-07,up
6.0,0.5293825343251227,1e-07,up
6.2,0.2501934394240379,1e-07,up
6.4,0.4024582989513873,1e-07,up
6.6,0.570041462779045,1e-07,up
6.8,0.6165050789713858,1e-07,up
7.0,0.4080014713108539,1e-07,up
7.2,0.45534571073949326,1e-07,up
7.4,0.5803000330924987,1e-07,up
7.6,0.45518850203370664,1e-07,up
7.8,0.4562661480158567,1e-07,up
8.0,0.5400197051931171,1e-07,up
8.0,0.49777151271700854,1e-07,down
7.8,0.5147482007741927,1e-07,down
7.6,0.5434551207581534,1e-07,down
7.4,0.45836350321769703,1e-07,down
7.2,0.5957915224134921,1e-07,down
7.0,0.44980660080909723,1e-07,down
6.8,0.5835837926715611,1e-07,down
6.6,0.39455719664692873,1e-07,down
6.4,0.38795804604887957,1e-07,down
6.2,0.32367815077304835,1e-07,down
6.0,0.5554833086207508,1e-07,down
5.8,0.27490702923387283,1e-07,down
5.6,0.3380246656015514,1e-07,down
5.4,0.2379765212535858,1e-07,down
5.2,0.22570534422993657,1e-07,down
5.0,0.4829835952259599,1e-07,down
4.8,0.387674578174483,1e-07,down
4.6,0.16785723343491551,1e-07,down
4.4,0.2516983933746814,1e-07,down
4.2,0.5058807266177608,1e-07,down
4.0,0.4080882733687758,1e-07,down
3.8,0.1046556420624256,1e-07,down
3.6,0.32178795337676996,1e-07,down
3.4,0.42158194771036495,1e-07,down
3.2,0.4708164969924837,1e-07,down
3.0,0.18172078952193257,1e-07,down
2.8,0.40307230874896044,1e-07,down
2.6,0.44094479177147144,1e-07,down
2.4,0.14926753565669057,1e-07,down
2.2,0.3229203363880515,1e-07,down
2.0,0.24863856285810465,1e-07,down
1.8,0.3314099842682481,1e-07,down
1.6,0.4508001217618584,1e-07,down
1.4,0.4374395105987786,1e-07,down
1.2,-0.030101070180535313,1e-07,down
1.0,0.2267806879244744,1e-07,down
0.8,0.38715679664164776,1e-07,down
0.6,0.10887194948736574,1e-07,down
0.4,0.3064808920025825,1e-07,down
0.2,0.5636502699926494,1e-07,down
-0.0,0.49552439525723446,1e-07,down
-0.0,0.49552439525723446,1e-07,up
0.2,0.513851549476385,1e-07,up
0.4,0.46552821574732656,1e-07,up
0.6,0.4935017470270395,1e-07,up
0.8,0.5003479868173598,1e-07,up
1.0,0.05050623975694178,1e-07,up
1.2,0.1879454859299585,1e-07,up
1.4,0.15800525620579714,1e-07,up
1.6,0.23098096065223214,1e-07,up
1.8,0.13436515629291532,1e-07,up
2.0,0.400675562879769,1e-07,up
2.2,0.06132312864065168,1e-07,up
2.4,0.41157834883779276,1e-07,up
2.6,0.054516160860657664,1e-07,up
2.8,0.402331119403243,1e-07,up
3.0,0.6235840646550058,1e-07,up
3.2,0.12959379702806467,1e-07,up
3.4,0.23772840201854697,1e-07,up
3.6,0.3481093123555183,1e-07,up
3.8,0.45334126427769655,1e-07,up
4.0,0.18702214770019052,1e-07,up
4.2,0.2776920432224869,1e-07,up
4.4,0.3221911793807521,1e-07,up
4.6,0.30592267308384175,1e-07,up
4.8,0.3717645960859954,1e-07,up
5.0,0.4167234338819979,1e-07,up
5.2,0.2778528789058327,1e-07,up
5.4,0.30448129167780275,1e-07,up
5.6,0.3391812713816761,1e-07,up
5.8,0.3589972052723169,1e-07,up
6.0,0.30529724620282644,1e-07,up
6.2,0.24720653891563407,1e-07,up
6.4,0.46923519903793925,1e-07,up
6.6,0.4151245020329951,1e-07,up
6.8,0.3669603876769542,1e-07,up
7.0,0.5900319777429103,1e-07,up
7.2,0.4501482248306274,1e-07,up
7.4,0.44078711513429875,1e-07,up
7.6,0.4178254287689923,1e-07,up
7.8,0.44473314657807345,1e-07,up
8.0,0.5288332207128404,1e-07,up
8.0,0.4904613196849822,1e-07,down
7.8,0.47840905562043184,1e-07,down
7.6,0.470863252878189,1e-07,down
7.4,0.685659363400191,1e-07,down
7.2,0.5781845729798077,1e-07,down
7.0,0.4562897980213165,1e-07,down
6.8,0.6336985686793923,1e-07,down
6.6,0.5781714427284895,1e-07,down
6.4,0.6420119488611816,1e-07,down
6.2,0.47943973774090404,1e-07,down
6.0,0.5072216703556477,1e-07,down
5.8,0.36699011549353594,1e-07,down
5.6,0.5162659087218343,1e-07,down
5.4,0.32630599010735745,1e-07,down
5.2,0.21267267689108846,1e-07,down
5.0,0.41829252429306496,1e-07,down
4.8,0.36473775049671525,1e-07,down
4.6,0.30468378262594337,1e-07,down
4.4,0.21381529420614237,1e-07,down
4.2,0.18763009458780286,1e-07,down
4.0,0.2073746770620346,1e-07,down
3.8,0.4558313605375587,1e-07,down
3.6,0.3140118829905986,1e-07,down
3.4,0.22197519242763517,1e-07,down
3.2,0.16224753856658936,1e-07,down
3.0,0.5276477271690964,1e-07,down
2.8,0.30400670319795603,1e-07,down
2.6,0.44201805815100664,1e-07,down
2.4,0.22644510399550197,1e-07,down
2.2,0.16768773831427095,1e-07,down
2.0,0.17532757576555008,1e-07,down
1.8,0.23910042829811567,1e-07,down
1.6,0.314493553712964,1e-07,down
1.4,0.4387064082548021,1e-07,down
1.2,0.45993870496749867,1e-07,down
1.0,0.1965839061886072,1e-07,down
0.8,0.393366053700447,1e-07,down
0.6,0.1913734209956601,1e-07,down
0.4,0.05229657795280217,1e-07,down
0.2,0.25289785210043186,1e-07,down
-0.0,0.46184253133833403,1e-07,down
-0.0,0.46184253133833403,1e-07,up
0.2,0.08205059356987474,1e-07,up
0.4,0.2775899787084199,1e-07,up
0.6,0.1445338539779186,1e-07,up
0.8,0.088075740262866,1e-07,up
1.0,0.14262832421809432,1e-07,up
1.2,0.19432977028191087,1e-07,up
1.4,0.12398702418431638,1e-07,up
1.6,0.16760629974305627,1e-07,up
1.8,0.17331849504262206,1e-07,up
2.0,0.1504404470324516,1e-07,up
2.2,0.11898309737443923,1e-07,up
2.4,0.0284881517291069,1e-07,up
2.6,0.11193341761827467,1e-07,up
2.8,0.4192963149398565,1e-07,up
3.0,0.29454322345554823,1e-07,up
3.2,0.058955635875463465,1e-07,up
3.4,0.17200705222785467,1e-07,up
3.6,0.33083212748169893,1e-07,up
3.8,0.20997897116467354,1e-07,up
4.0,0.1749790888279676,1e-07,up
4.2,0.33116266364231695,1e-07,up
4.4,0.24096450256183738,1e-07,up
4.6,0.44861045386642207,1e-07,up
4.8,0.25180822657421226,1e-07,up
5.0,0.367453378625214,1e-07,up
5.2,0.40182865038514126,1e-07,up
5.4,0.5020091272890567,1e-07,up
5.6,0.3489445522427558,1e-07,up
5.8,0.3841814324259757,1e-07,up
6.0,0.29222778975963587,1e-07,up
6.2,0.5368523265933617,1e-07,up
6.4,0.43032006802968675,1e-07,up
6.6,0.39726210758090014,1e-07,up
6.8,0.5818250456359236,1e-07,up
7.0,0.45997427031397814,1e-07,up
7.2,0.39285328239202494,1e-07,up
7.4,0.5065052397549151,1e-07,up
7.6,0.5904123708605765,1e-07,up
7.8,0.5992015104275196,1e-07,up
8.0,0.4424421787261962,1e-07,up
8.0,0.4633202850818633,1e-07,down
7.8,0.4371030670590698,1e-07,down
7.6,0.5021889619529246,1e-07,down
7.4,0.44318791478872294,1e-07,down
7.2,0.5923693263321183,1e-07,down
7.0,0.44534740503877396,1e-07,down
6.8,0.43921243562363077,1e-07,down
6.6,0.45659145113313565,1e-07,down
6.4,0.3841563519090413,1e-07,down
6.2,0.4507502224296331,1e-07,down
6.0,0.3716505945194512,1e-07,down
5.8,0.37528529949486245,1e-07,down
5.6,0.5535977650433778,1e-07,down
5.4,0.594872596208006,1e-07,down
5.2,0.26032303180545563,1e-07,down
5.0,0.4221512507647275,1e-07,down
4.8,0.4264617599546909,1e-07,down
4.6,0.18123088032007212,1e-07,down
4.4,0.3855249434709548,1e-07,down
4.2,0.4305009602103382,1e-07,down
4.0,0.19587144395336503,1e-07,down
3.8,0.3278007134795189,1e-07,down
3.6,0.33099078387022013,1e-07,down
3.4,0.4521367056295275,1e-07,down
3.2,0.5225457658525555,1e-07,down
3.0,0.1316461525857448,1e-07,down
2.8,0.14485994747519723,1e-07,down
2.6,0.3518559192307293,1e-07,down
2.4,0.6144188009202479,1e-07,down
2.2,0.15545662678778166,1e-07,down
2.0,0.1405646376078948,1e-07,down
1.8,0.3415297977626323,1e-07,down
1.6,-0.05012093484401702,1e-07,down
1.4,0.17698369361460206,1e-07,down
1.2,0.12434036564081904,1e-07,down
1.0,0.14518614253029224,1e-07,down
0.8,0.06037881202064452,1e-07,down
0.6,0.2079216260462999,1e-07,down
0.4,0.5192295815795659,1e-07,down
0.2,0.13887883163988587,1e-07,down
-0.0,0.44208775833249087,1e-07,down
-0.0,0.44208775833249087,1e-07,up
0.2,0.5437895245850085,1e-07,up
0.4,-0.14130514487624168,1e-07,up
0.6,0.2086241357028484,1e-07,up
0.8,-0.16052055731415746,1e-07,up
1.0,0.09903761185705658,1e-07,up
1.2,0.4526760559529065,1e-07,up
1.4,0.3776486851274966,1e-07,up
1.6,-0.10952203813940285,1e-07,up
1.8,0.17352943867444987,1e-07,up
2.0,0.07237788103520869,1e-07,up
2.2,0.32504061423242087,1e-07,up
2.4,0.023226834833621965,1e-07,up
2.6,0.3354845116846263,1e-07,up
2.8,0.615872839000076,1e-07,up
3.0,0.05163222062401472,1e-07,up
3.2,0.21008941438049072,1e-07,up
3.4,0.4287233122449833,1e-07,up
3.6,0.32697745412588114,1e-07,up
3.8,0.17457047849893567,1e-07,up
4.0,0.2683157408609986,1e-07,up
4.2,0.3367097135633229,1e-07,up
4.4,0.18461903394199905,1e-07,up
4.6,0.39238438708707685,1e-07,up
4.8,0.23914789327682226,1e-07,up
5.0,0.4355745390057563,1e-07,up
5.2,0.24088664550799868,1e-07,up
5.4,0.31896556634455914,1e-07,up
5.6,0.3092167093418538,1e-07,up
5.8,0.4655617270618676,1e-07,up
6.0,0.33899191766977305,1e-07,up
6.2,0.603851931169629,1e-07,up
6.4,0.35224857646971935,1e-07,up
6.6,0.5584217719733714,1e-07,up
6.8,0.3241107910871505,1e-07,up
7.0,0.6047469060868024,1e-07,up
7.2,0.4483075831085443,1e-07,up
7.4,0.4157194365398026,1e-07,up
7.6,0.5249892696738242,1e-07,up
7.8,0.4429146721959113,1e-07,up
8.0,0.4952718140557408,1e-07,up
8.0,0.48892466537654394,1e-07,down
7.8,0.553239420056343,1e-07,down
7.6,0.44193401932716364,1e-07,down
7.4,0.41239785403013224,1e-07,down
7.2,0.567374653648585,1e-07,down
7.0,0.5344466529786586,1e-07,down
6.8,0.5415032170712947,1e-07,down
6.6,0.3553982363082468,1e-07,down
6.4,0.3832082063890993,1e-07,down
6.2,0.5021640509366988,1e-07,down
6.0,0.2767446711659431,1e-07,down
5.8,0.327495664358139,1e-07,down
5.6,0.18874190002679822,1e-07,down
5.4,0.5006310674361883,1e-07,down
5.2,0.28771696798503393,1e-07,down
5.0,0.26384905911982054,1e-07,down
4.8,0.26155321160331363,1e-07,down
4.6,0.23688346147537226,1e-07,down
4.4,0.21969545911997554,1e-07,down
4.2,0.1570594888180494,1e-07,down
4.0,0.20091768912971014,1e-07,down
3.8,0.13691966235637662,1e-07,down
3.6,0.21826560609042642,1e-07,down
3.4,0.5874307360500096,1e-07,down
3.2,0.32274982612580055,1e-07,down
3.0,0.4710789453238248,1e-07,down
2.8,0.16770853288471693,1e-07,down
2.6,0.20010559330694372,1e-07,down
2.4,0.22247490752488372,1e-07,down
2.2,0.49016182497143734,1e-07,down
2.0,0.2368414485827088,1e-07,down
1.8,0.16217045608209443,1e-07,down
1.6,0.23812165204435584,1e-07,down
1.4,0.38889095932245255,1e-07,down
1.2,0.4135717879980802,1e-07,down
1.0,0.5146501106210052,1e-07,down
0.8,0.11743793636560439,1e-07,down
0.6,0.4095060090767219,1e-07,down
0.4,0.5590729657560586,1e-07,down
0.2,-0.02317935507744551,1e-07,down
-0.0,0.40203138068318367,1e-07,down
-0.0,0.40203138068318367,1e-07,up
0.2,-0.07367784599773584,1e-07,up
0.4,0.27325974847190077,1e-07,up
0.6,0.5782289262861012,1e-07,up
0.8,0.47724607214331616,1e-07,up
1.0,0.08468161523342131,1e-07,up
1.2,0.4258223194628953,1e-07,up
1.4,0.03303552977740763,1e-07,up
1.6,0.4126484338194131,1e-07,up
1.8,0.7172926124185323,1e-07,up
2.0,0.4717439897358417,1e-07,up
2.2,0.04529735259711741,1e-07,up
2.4,0.3311784137040376,1e-07,up
2.6,0.09796621464192865,1e-07,up
2.8,0.29579614731483156,1e-07,up
3.0,0.1059933481737971,1e-07,up
3.2,0.2828770382329821,1e-07,up
3.4,0.27178230509161944,1e-07,up
3.6,0.15544502064585683,1e-07,up
3.8,0.2945482172071933,1e-07,up
4.0,0.517195152118802,1e-07,up
4.2,0.5245679300278424,1e-07,up
4.4,0.4869399741291999,1e-07,up
4.6,0.47669146127009293,1e-07,up
4.8,0.11222314462065694,1e-07,up
5.0,0.328825857490301,1e-07,up
5.2,0.3708688989281654,1e-07,up
5.4,0.28267802298068995,1e-07,up
5.6,0.5147700505331158,1e-07,up
5.8,0.24023481924086806,1e-07,up
6.0,0.4186352416872977,1e-07,up
6.2,0.43876778101548547,1e-07,up
6.4,0.49595147743821133,1e-07,up
6.6,0.5354522382840513,1e-07,up
6.8,0.39771394245326513,1e-07,up
7.0,0.43355991132557387,1e-07,up
7.2,0.5861675068736075,1e-07,up
7.4,0.37101981788873667,1e-07,up
7.6,0.42105036228895176,1e-07,up
7.8,0.4403870403766631,1e-07,up
8.0,0.5142714716494082,1e-07,up
8.0,0.4582820273935794,1e-07,down
7.8,0.4539323225617407,1e-07,down
7.6,0.493002351373434,1e-07,down
7.4,0.4130350053310394,1e-07,down
7.2,0.4130030497908591,1e-07,down
7.0,0.42652560770511616,1e-07,down
6.8,0.36310803145170206,1e-07,down
6.6,0.4992685803445055,1e-07,down
6.4,0.374128115363419,1e-07,down
6.2,0.3294492810964584,1e-07,down
6.0,0.39096467755734915,1e-07,down
5.8,0.3656589635647833,1e-07,down
5.6,0.2680661100894212,1e-07,down
5.4,0.4060428477823733,1e-07,down
5.2,0.30617339909076685,1e-07,down
5.0,0.21366087347269055,1e-07,down
4.8,0.3999736011028289,1e-07,down
4.6,0.1887508165091276,1e-07,down
4.4,0.4198967479169368,1e-07,down
4.2,0.19744564592838282,1e-07,down
4.0,0.3445601402781903,1e-07,down
3.8,0.3787857331335544,1e-07,down
3.6,0.34327293292153627,1e-07,down
3.4,0.3868758529424667,1e-07,down
3.2,0.4019562900066375,1e-07,down
3.0,0.4283935539424419,1e-07,down
2.8,0.46231528557837004,1e-07,down
2.6,0.21307381149381396,1e-07,down
2.4,0.3622159324586391,1e-07,down
2.2,0.19225227087736124,1e-07,down
2.0,0.5882161427289246,1e-07,down
1.8,0.21036085486412046,1e-07,down
1.6,0.33177052903920407,1e-07,down
1.4,0.35706699639558787,1e-07,down
1.2,0.6442540418356656,1e-07,down
1.0,0.529671385884285,1e-07,down
0.8,0.11099192706751636,1e-07,down
0.6,0.21081985719501967,1e-07,down
0.4,0.2734736064448952,1e-07,down
0.2,0.3501790985465049,1e-07,down
-0.0,0.16930620372295377,1e-07,down
-0.0,0.16930620372295377,1e-07,up
0.2,0.25144547969102854,1e-07,up
0.4,0.1734395697712898,1e-07,up
0.6,0.18235126137733454,1e-07,up
0.8,0.5880565531551837,1e-07,up
1.0,0.44464743789285416,1e-07,up
1.2,0.1786097756121307,1e-07,up
1.4,0.1334891649894416,1e-07,up
1.6,0.30365014448761934,1e-07,up
1.8,0.12178573384881017,1e-07,up
2.0,0.14812831953167913,1e-07,up
2.2,0.3659821823239326,1e-07,up
2.4,0.25840927497483784,1e-07,up
2.6,0.34388653188943863,1e-07,up
2.8,0.1329296864569187,1e-07,up
3.0,0.2861570063978433,1e-07,up
3.2,0.16033840551972386,1e-07,up
3.4,0.2790143340826034,1e-07,up
3.6,0.44938146695494646,1e-07,up
3.8,0.13571461290121076,1e-07,up
4.0,0.2891830466687679,1e-07,up
4.2,0.15922011435031888,1e-07,up
4.4,0.20357342809438705,1e-07,up
4.6,0.36057435721158976,1e-07,up
4.8,0.17994420975446698,1e-07,up
5.0,0.4062329810112714,1e-07,up
5.2,0.23808844201266763,1e-07,up
5.4,0.3027287460863589,1e-07,up
5.6,0.4486372885294258,1e-07,up
5.8,0.465165976434946,1e-07,up
6.0,0.2964866049587726,1e-07,up
6.2,0.31675345823168755,1e-07,up
6.4,0.3415101803839206,1e-07,up
6.6,0.5148882754147052,1e-07,up
6.8,0.4096845465246587,1e-07,up
7.0,0.4883608613163232,1e-07,up
7.2,0.3921054899692535,1e-07,up
7.4,0.46253259852528567,1e-07,up
7.6,0.4456451460719108,1e-07,up
7.8,0.5080706076696514,1e-07,up
8.0,0.45343132968991984,1e-07,up
8.0,0.4417169769440078,1e-07,down
7.8,0.4940441828221082,1e-07,down
7.6,0.4158316180109977,1e-07,down
7.4,0.5232418263331055,1e-07,down
7.2,0.5099129430018364,1e-07,down
7.0,0.44761906564235676,1e-07,down
6.8,0.524240194587037,1e-07,down
6.6,0.47913585789501656,1e-07,down
6.4,0.3669935837388038,1e-07,down
6.2,0.49289461411535734,1e-07,down
6.0,0.4886033590883016,1e-07,down
5.8,0.558741355780512,1e-07,down
5.6,0.46974167414009566,1e-07,down
5.4,0.6123380851931869,1e-07,down
5.2,0.29426324134692544,1e-07,down
5.0,0.4983127713203429,1e-07,down
4.8,0.5633552968502044,1e-07,down
4.6,0.304606189019978,1e-07,down
4.4,0.17329715541563923,1e-07,down
4.2,0.34097418608143915,1e-07,down
4.0,0.6320707127451896,1e-07,down
3.8,0.5064644459635018,1e-07,down
3.6,0.5446889623999595,1e-07,down
3.4,0.07665267586708066,1e-07,down
3.2,0.3201197832822799,1e-07,down
3.0,0.06315565109252928,1e-07,down
2.8,0.3956273570656776,1e-07,down
2.6,0.36419156193733215,1e-07,down
2.4,0.20940619427710766,1e-07,down
2.2,0.2430690675973892,1e-07,down
2.0,0.3623817935585975,1e-07,down
1.8,0.2418629666790366,1e-07,down
1.6,0.39227364584803576,1e-07,down
1.4,0.4010413708165287,1e-07,down
1.2,0.3536101821810006,1e-07,down
1.0,0.14982517063617704,1e-07,down
0.8,0.4212438575923442,1e-07,down
0.6,0.39374676602892567,1e-07,down
0.4,-0.03779869526624679,1e-07,down
0.2,0.27222135663032526,1e-07,down
-0.0,0.5150746144354342,1e-07,down
-0.0,0.5150746144354342,1e-07,up
0.2,0.4179060487076639,1e-07,up
0.4,0.4982554353773593,1e-07,up
0.6,0.4262997154146432,1e-07,up
0.8,0.34148220624774683,1e-07,up
1.0,0.32102884433697904,1e-07,up
1.2,0.1252115927636623,1e-07,up
1.4,0.20195853803306812,1e-07,up
1.6,0.23122599034104493,1e-07,up
1.8,0.1259360051626572,1e-07,up
2.0,0.2226332342252135,1e-07,up
2.2,0.1252376390621066,1e-07,up
2.4,0.23705414403229946,1e-07,up
2.6,0.24547444283962244,1e-07,up
2.8,0.3536605797708034,1e-07,up
3.0,0.16469656489789483,1e-07,up
3.2,0.2489583344358834,1e-07,up
3.4,0.1401057948824018,1e-07,up
3.6,0.35769262164831156,1e-07,up
3.8,0.2831850806251168,1e-07,up
4.0,0.3527491372078656,1e-07,up
4.2,0.25527753680944437,1e-07,up
4.4,0.22565274685621256,1e-07,up
4.6,0.40788047853857273,1e-07,up
4.8,0.3518734090030192,1e-07,up
5.0,0.3508980050683021,1e-07,up
5.2,0.4891876317560673,1e-07,up
5.4,0.25763787329196924,1e-07,up
5.6,0.4230741299688815,1e-07,up
5.8,0.5429186080582439,1e-07,up
6.0,0.49056037701666344,1e-07,up
6.2,0.638898465782404,1e-07,up
6.4,0.5967790214344858,1e-07,up
6.6,0.33214506506919855,1e-07,up
6.8,0.6274109091609715,1e-07,up
7.0,0.38528901152312744,1e-07,up
7.2,0.49061114341020573,1e-07,up
7.4,0.4308224972337483,1e-07,up
7.6,0.48730680532753456,1e-07,up
7.8,0.4525901414453982,1e-07,up
8.0,0.4464110471308231,1e-07,up
8.0,0.4829718358814715,1e-07,down
7.8,0.4793494381010531,1e-07,down
7.6,0.44624085724353785,1e-07,down
7.4,0.4821729436516761,1e-07,down
7.2,0.4721749164164066,1e-07,down
7.0,0.46862884983420355,1e-07,down
6.8,0.606048366986215,1e-07,down
6.6,0.394825416849926,1e-07,down
6.4,0.40733340289443726,1e-07,down
6.2,0.32636984298005695,1e-07,down
6.0,0.33730916585773224,1e-07,down
5.8,0.5088391159661113,1e-07,down
5.6,0.37384384591132397,1e-07,down
5.4,0.5152784239035099,1e-07,down
5.2,0.31839996203780174,1e-07,down
5.0,0.42528408393263806,1e-07,down
4.8,0.2659640025813132,1e-07,down
4.6,0.5204177168197929,1e-07,down
4.4,0.49379783822223533,1e-07,down
4.2,0.5293547948822378,1e-07,down
4.0,0.5453742500394582,1e-07,down
3.8,0.06126679480075835,1e-07,down
3.6,0.33311719913035626,1e-07,down
3.4,0.5466621965169906,1e-07,down
3.2,0.5543481558561324,1e-07,down
3.0,0.5714544439688324,1e-07,down
2.8,0.5452185310423373,1e-07,down
2.6,0.5794507227838038,1e-07,down
2.4,0.5232172925025224,1e-07,down
2.2,0.009103059768676754,1e-07,down
2.0,0.23897069878876204,1e-07,down
1.8,0.19743904890492556,1e-07,down
1.6,0.27880098923924373,1e-07,down
1.4,0.2573501765727996,1e-07,down
1.2,0.16148220328614116,1e-07,down
1.0,0.5442335475236176,1e-07,down
0.8,0.08922471478581426,1e-07,down
0.6,0.20665565412491554,1e-07,down
0.4,0.29224912077188486,1e-07,down
0.2,0.41781268350314343,1e-07,down
-0.0,0.039707902818918214,1e-07,down
-0.0,0.039707902818918214,1e-07,up
0.2,0.2969078198075294,1e-07,up
0.4,-0.0028940476477146287,1e-07,up
0.6,0.04658068530261515,1e-07,up
0.8,0.14495529420673844,1e-07,up
1.0,0.24405007250607008,1e-07,up
1.2,0.2786934729665517,1e-07,up
1.4,0.2987704928964376,1e-07,up
1.6,0.0006767809391021681,1e-07,up
1.8,0.24587912671267984,1e-07,up
2.0,0.037607163190841654,1e-07,up
2.2,0.2848371937870979,1e-07,up
2.4,0.4054910726845264,1e-07,up
2.6,0.29201780259609217,1e-07,up
2.8,0.46823772601783265,1e-07,up
3.0,0.3262237533926963,1e-07,up
3.2,0.47985585499554867,1e-07,up
3.4,0.4606144819408654,1e-07,up
3.6,0.4342231702757999,1e-07,up
3.8,0.06682965531945227,1e-07,up
4.0,0.420095121487975,1e-07,up
4.2,0.5105492118746041,1e-07,up
4.4,0.011167619377374646,1e-07,up
4.6,0.3591158594936132,1e-07,up
4.8,0.11481087282299993,1e-07,up
5.0,0.3297217600047588,1e-07,up
5.2,0.14485495164990422,1e-07,up
5.4,0.3736859709024429,1e-07,up
5.6,0.7340628015808761,1e-07,up
5.8,0.2029288969933986,1e-07,up
6.0,0.3606504946947097,1e-07,up
6.2,0.4676000047475099,1e-07,up
6.4,0.3050699047744273,1e-07,up
6.6,0.6119049747940152,1e-07,up
6.8,0.5647913655266165,1e-07,up
7.0,0.6293462775647639,1e-07,up
7.2,0.4362594471313059,1e-07,up
7.4,0.5509690912440418,1e-07,up
7.6,0.5756474249064921,1e-07,up
7.8,0.4886210681870579,1e-07,up
8.0,0.5040391637012361,1e-07,up
8.0,0.4582056812942027,1e-07,down
7.8,0.4452259019017219,1e-07,down
7.6,0.5653442819602786,1e-07,down
7.4,0.5054769050329923,1e-07,down
7.2,0.39001031219959253,1e-07,down
7.0,0.3595771938562392,1e-07,down
6.8,0.507642077282071,1e-07,down
6.6,0.3507528905756771,1e-07,down
6.4,0.3073894116096198,1e-07,down
6.2,0.2874255306087434,1e-07,down
6.0,0.3419545950891915,1e-07,down
5.8,0.5112511046463623,1e-07,down
5.6,0.4182340193074196,1e-07,down
5.4,0.34166693501174444,1e-07,down
5.2,0.43972166860476125,1e-07,down
5.0,0.3324005524627864,1e-07,down
4.8,0.2398905716836452,1e-07,down
4.6,0.2281526997685432,1e-07,down
4.4,0.1433034241199493,1e-07,down
4.2,0.2830012515187263,1e-07,down
4.0,0.4834192059934138,1e-07,down
3.8,0.4578569382429122,1e-07,down
3.6,0.40759073849767447,1e-07,down
3.4,0.08136706787627189,1e-07,down
3.2,0.40821137279272074,1e-07,down
3.0,0.33386104553937906,1e-07,down
2.8,0.1946166157722473,1e-07,down
2.6,0.31621635705232615,1e-07,down
2.4,0.2403789162635803,1e-07,down
2.2,0.27453152835369105,1e-07,down
2.0,0.20369707047939295,1e-07,down
1.8,0.2564690560102462,1e-07,down
1.6,0.34562466293573374,1e-07,down
1.4,0.6298837214708327,1e-07,down
1.2,0.6258740178309379,1e-07,down
1.0,0.7591814892366527,1e-07,down
0.8,0.6965759582817553,1e-07,down
0.6,-0.12425864115357399,1e-07,down
0.4,0.47788843512535084,1e-07,down
0.2,-0.09609030559659004,1e-07,down
-0.0,0.4837953485548495,1e-07,down
-0.0,0.4837953485548495,1e-07,up
0.2,-0.13099722564220428,1e-07,up
0.4,0.47021013498306263,1e-07,up
0.6,-0.1610655169934034,1e-07,up
0.8,0.0982999168336391,1e-07,up
1.0,0.43679544702172274,1e-07,up
1.2,-0.1274851900525391,1e-07,up
1.4,-0.011879244819283503,1e-07,up
1.6,0.46344516798853863,1e-07,up
1.8,0.5953918173909186,1e-07,up
2.0,-0.09915597084909676,1e-07,up
2.2,0.08071584254503246,1e-07,up
2.4,0.48413942940533156,1e-07,up
2.6,-0.11658224090933798,1e-07,up
2.8,0.40128146484494204,1e-07,up
3.0,0.6932948007015509,1e-07,up
3.2,0.5538269747048615,1e-07,up
3.4,-0.13145435974001882,1e-07,up
3.6,0.42247444018721575,1e-07,up
3.8,-0.06568901985883713,1e-07,up
4.0,0.09408755972981449,1e-07,up
4.2,0.434158943593502,1e-07,up
4.4,-0.02161378785967827,1e-07,up
4.6,0.12247048690915104,1e-07,up
4.8,0.4377357400953769,1e-07,up
5.0,0.019505079835653295,1e-07,up
5.2,0.38103577867150296,1e-07,up
5.4,0.2982995323836803,1e-07,up
5.6,0.35212511941790575,1e-07,up
5.8,0.4224885813891887,1e-07,up
6.0,0.4533968083560466,1e-07,up
6.2,0.49786555208265776,1e-07,up
6.4,0.41741585731506337,1e-07,up
6.6,0.5384994120540795,1e-07,up
6.8,0.5483833895996212,1e-07,up
7.0,0.5211933976970612,1e-07,up
7.2,0.4975243899971246,1e-07,up
7.4,0.40171716362237925,1e-07,up
7.6,0.5297828186303376,1e-07,up
7.8,0.4860765188932418,1e-07,up
8.0,0.5066706618526949,1e-07,up
8.0,0.48824284225702275,1e-07,down
7.8,0.5647565908730029,1e-07,down
7.6,0.5475726388394832,1e-07,down
7.4,0.4683705940842628,1e-07,down
7.2,0.43826930969953526,1e-07,down
7.0,0.40260114893317217,1e-07,down
6.8,0.6183459777384995,1e-07,down
6.6,0.5429110224358736,1e-07,down
6.4,0.23708888888359064,1e-07,down
6.2,0.35542547330260266,1e-07,down
6.0,0.24946798384189597,1e-07,down
5.8,0.3386340104043483,1e-07,down
5.6,0.32290908414870495,1e-07,down
5.4,0.347142532467842,1e-07,down
5.2,0.2349052801728248,1e-07,down
5.0,0.2813108786940574,1e-07,down
4.8,0.4978568758815526,1e-07,down
4.6,0.363882329314947,1e-07,down
4.4,0.44019739702343935,1e-07,down
4.2,0.47416948527097696,1e-07,down
4.0,0.44018707238137716,1e-07,down
3.8,0.21449463255703446,1e-07,down
3.6,0.24354584142565722,1e-07,down
3.4,0.2837073300033807,1e-07,down
3.2,0.402244210243225,1e-07,down
3.0,0.15573964267969131,1e-07,down
2.8,0.29269503988325585,1e-07,down
2.6,0.29460845142602915,1e-07,down
2.4,0.17282940447330472,1e-07,down
2.2,0.3439106564037501,1e-07,down
2.0,0.3462171964347362,1e-07,down
1.8,0.4724517576396464,1e-07,down
1.6,0.12191670294851062,1e-07,down
1.4,0.29327720217406744,1e-07,down
1.2,0.4157576579600572,1e-07,down
1.0,0.019904412329196916,1e-07,down
0.8,0.15957494266331193,1e-07,down
0.6,0.19187820702791208,1e-07,down
0.4,0.09520468115806577,1e-07,down
0.2,0.4724464919418096,1e-07,down
-0.0,0.17755160806700584,1e-07,down
-0.0,0.17755160806700584,1e-07,up
0.2,0.30300198495388025,1e-07,up
0.4,-0.0021105259656906215,1e-07,up
0.6,0.2430079728364944,1e-07,up
0.8,0.2834844887256622,1e-07,up
1.0,0.26599051803350443,1e-07,up
1.2,0.018889389932155602,1e-07,up
1.4,0.17538354545831678,1e-07,up
1.6,0.023536972701549523,1e-07,up
1.8,0.24064271897077555,1e-07,up
2.0,0.06208936870098113,1e-07,up
2.2,0.2527013793587684,1e-07,up
2.4,0.5222590751945971,1e-07,up
2.6,0.3708826191723346,1e-07,up
2.8,0.49095101282000536,1e-07,up
3.0,0.37244173884391785,1e-07,up
3.2,0.1982343271374702,1e-07,up
3.4,0.34392763860523695,1e-07,up
3.6,0.36925296112895006,1e-07,up
3.8,0.36573724634945387,1e-07,up
4.0,0.25937587767839426,1e-07,up
4.2,0.3829039894044398,1e-07,up
4.4,0.2228481732308864,1e-07,up
4.6,0.3129672873765229,1e-07,up
4.8,0.19522193074226377,1e-07,up
5.0,0.2184884711168706,1e-07,up
5.2,0.27102077472954983,1e-07,up
5.4,0.24167367070913312,1e-07,up
5.6,0.29527494683861727,1e-07,up
5.8,0.3627522252500056,1e-07,up
6.0,0.45344329869840283,1e-07,up
6.2,0.2579406385775655,1e-07,up
6.4,0.3814061768352985,1e-07,up
6.6,0.39717027917504305,1e-07,up
6.8,0.5655651576817035,1e-07,up
7.0,0.5696450229734181,1e-07,up
7.2,0.3634830377995967,1e-07,up
7.4,0.5310180727392434,1e-07,up
7.6,0.5545347901061176,1e-07,up
7.8,0.45370919257402414,1e-07,up
8.0,0.4290658477693795,1e-07,up
8.0,0.5348689351230859,1e-07,down
7.8,0.5200058915652334,1e-07,down
7.6,0.483212137594819,1e-07,down
7.4,0.554630247876048,1e-07,down
7.2,0.42318392917513836,1e-07,down
7.0,0.3770787604153155,1e-07,down
6.8,0.3825852349400519,1e-07,down
6.6,0.37399036064743985,1e-07,down
6.4,0.6858983524143694,1e-07,down
6.2,0.4514237344264983,1e-07,down
6.0,0.46748923137783993,1e-07,down
5.8,0.471696926280856,1e-07,down
5.6,0.2144326455891132,1e-07,down
5.4,0.45013455662410695,1e-07,down
5.2,0.5289060920476912,1e-07,down
5.0,0.189204198308289,1e-07,down
4.8,0.39020569299464103,1e-07,down
4.6,0.3493128707632422,1e-07,down
4.4,0.3763070618733763,1e-07,down
4.2,0.31756014376878733,1e-07,down
4.0,0.206304058432579,1e-07,down
3.8,0.15650793910026548,1e-07,down
3.6,0.45720579568296665,1e-07,down
3.4,0.41122137475758785,1e-07,down
3.2,0.08347943797707555,1e-07,down
3.0,0.19196657021529967,1e-07,down
2.8,0.31764728203415865,1e-07,down
2.6,0.2891534264199435,1e-07,down
2.4,0.33167525636963546,1e-07,down
2.2,0.10981757057015783,1e-07,down
2.0,0.34639957733452315,1e-07,down
1.8,0.26028576772660017,1e-07,down
1.6,0.3259184956550597,1e-07,down
1.4,0.42657750658690924,1e-07,down
1.2,0.15406182222068307,1e-07,down
1.0,0.16366244154050943,1e-07,down
0.8,0.48341413028538216,1e-07,down
0.6,0.07866168767213821,1e-07,down
0.4,0.3665368631482124,1e-07,down
0.2,0.2819003574550151,1e-07,down
-0.0,0.13915798068046567,1e-07,down
-0.0,0.13915798068046567,1e-07,up
0.2,0.1559590473771095,1e-07,up
0.4,0.12327338010072704,1e-07,up
0.6,0.27176668262109155,1e-07,up
0.8,0.2190073728561401,1e-07,up
1.0,0.17298670927993948,1e-07,up
1.2,0.10345020424574612,1e-07,up
1.4,0.18681827187538144,1e-07,up
1.6,0.2308837324380874,1e-07,up
1.8,0.20252173021435735,1e-07,up
2.0,0.2361876051872968,1e-07,up
2.2,0.10858231689780949,1e-07,up
2.4,0.0556865045800805,1e-07,up
2.6,0.31289106048643583,1e-07,up
2.8,0.2403839826583862,1e-07,up
3.0,0.21910533402115104,1e-07,up
3.2,0.33775983285158867,1e-07,up
3.4,0.3758810514118522,1e-07,up
3.6,0.11242366116493938,1e-07,up
3.8,0.2835927228443324,1e-07,up
4.0,0.32919069705530996,1e-07,up
4.2,0.4635375984944402,1e-07,up
4.4,0.3095116168260574,1e-07,up
4.6,0.535241562873125,1e-07,up
4.8,0.4230278823524713,1e-07,up
5.0,0.2597016096115112,1e-07,up
5.2,0.38313557300716633,1e-07,up
5.4,0.36761476472020144,1e-07,up
5.6,0.5805784966796635,1e-07,up
5.8,0.5111222090199589,1e-07,up
6.0,0.7362118093296884,1e-07,up
6.2,0.3993667796021327,1e-07,up
6.4,0.5332972658798097,1e-07,up
6.6,0.5863228570669888,1e-07,up
6.8,0.6384196989238262,1e-07,up
7.0,0.5038072802126407,1e-07,up
7.2,0.6428578868508337,1e-07,up
7.4,0.4782141484320163,1e-07,up
7.6,0.4482651269063353,1e-07,up
7.8,0.5540753318928181,1e-07,up
8.0,0.5550866536796092,1e-07,up
8.0,0.5163236670196055,1e-07,down
7.8,0.5752196760586229,1e-07,down
7.6,0.4589708345010876,1e-07,down
7.4,0.5938768014311789,1e-07,down
7.2,0.5895568248815833,1e-07,down
7.0,0.5037387944757937,1e-07,down
6.8,0.40788400359451765,1e-07,down
6.6,0.4432954899966716,1e-07,down
6.4,0.3678969349712133,1e-07,down
6.2,0.615998351946473,1e-07,down
6.0,0.37013110890984524,1e-07,down
5.8,0.3513101898133754,1e-07,down
5.6,0.5042994818650185,1e-07,down
5.4,0.29422180168330664,1e-07,down
5.2,0.38858089782297606,1e-07,down
5.0,0.2627774965949356,1e-07,down
4.8,0.3341963021084665,1e-07,down
4.6,0.3462665333645417,1e-07,down
4.4,0.25238999817520374,1e-07,down
4.2,0.17146284179762003,1e-07,down
4.0,0.36343498714268196,1e-07,down
3.8,0.3109321296215057,1e-07,down
3.6,0.41576028428971756,1e-07,down
3.4,0.29665411636233324,1e-07,down
3.2,0.3602839075028896,1e-07,down
3.0,0.2763688554987311,1e-07,down
2.8,0.47010303614661086,1e-07,down
2.6,0.16584912687540052,1e-07,down
2.4,0.26992635801434517,1e-07,down
2.2,0.1029500253498554,1e-07,down
2.0,0.5217785872519015,1e-07,down
1.8,0.3725875560194254,1e-07,down
1.6,0.43545096460729826,1e-07,down
1.4,0.35982698202133173,1e-07,down
1.2,0.3691563615575432,1e-07,down
1.0,0.35019730404019345,1e-07,down
0.8,0.4805587520822882,1e-07,down
0.6,0.487916350364685,1e-07,down
0.4,0.24777324195019898,1e-07,down
0.2,0.5191089324653148,1e-07,down
-0.0,0.13988832943141458,1e-07,down
-0.0,0.13988832943141458,1e-07,up
0.2,0.3084636107087135,1e-07,up
0.4,0.0023147016763687047,1e-07,up
0.6,0.07836314104497431,1e-07,up
0.8,0.10880209878087041,1e-07,up
1.0,0.287947442382574,1e-07,up
1.2,0.0031285360455512957,1e-07,up
1.4,0.1056101433932781,1e-07,up
1.6,0.07938465848565097,1e-07,up
1.8,0.15443510655313725,1e-07,up
2.0,0.06378962472081182,1e-07,up
2.2,0.30666255392134184,1e-07,up
2.4,-0.011349610984325407,1e-07,up
2.6,0.248603681102395,1e-07,up
2.8,0.1887461664155125,1e-07,up
3.0,0.24619471188634628,1e-07,up
3.2,0.23439746722579,1e-07,up
3.4,0.2855029474012553,1e-07,up
3.6,0.42305846326053137,1e-07,up
3.8,0.06752860359847544,1e-07,up
4.0,0.24855739064514631,1e-07,up
4.2,0.2687683566473424,1e-07,up
4.4,0.21410697698593134,1e-07,up
4.6,0.39500426501035685,1e-07,up
4.8,0.5336129888892174,1e-07,up
5.0,0.603092923760414,1e-07,up
5.2,0.12735565751790998,1e-07,up
5.4,0.3351920526474714,1e-07,up
5.6,0.5791010372340678,1e-07,up
5.8,0.14793701167218382,1e-07,up
6.0,0.45549157541245217,1e-07,up
6.2,0.6261487118899821,1e-07,up
6.4,0.3140736985951662,1e-07,up
6.6,0.520495906472206,1e-07,up
6.8,0.5283314143307507,1e-07,up
7.0,0.515443218871951,1e-07,up
7.2,0.5371525958180426,1e-07,up
7.4,0.5317919962108134,1e-07,up
7.6,0.5466311648488044,1e-07,up
7.8,0.466102463658899,1e-07,up
8.0,0.46506757941097004,1e-07,up
8.0,0.44519630074501026,1e-07,down
7.8,0.4423432238399982,1e-07,down
7.6,0.41209872812032694,1e-07,down
7.4,0.4398020468652247,1e-07,down
7.2,0.38780281692743296,1e-07,down
7.0,0.43641516938805575,1e-07,down
6.8,0.6234948614437598,1e-07,down
6.6,0.5430697612464427,1e-07,down
6.4,0.5369414091110228,1e-07,down
6.2,0.4611895065754651,1e-07,down
6.0,0.48236588388681406,1e-07,down
5.8,0.5174049101769923,1e-07,down
5.6,0.513194566592574,1e-07,down
5.4,0.12862629443407056,1e-07,down
5.2,0.4083523713052272,1e-07,down
5.0,0.5010568220168351,1e-07,down
4.8,0.4360235333442687,1e-07,down
4.6,0.4986956436187028,1e-07,down
4.4,0.4229979589581489,1e-07,down
4.2,0.4396794997155666,1e-07,down
4.0,0.4213000796735286,1e-07,down
3.8,0.46464218012988556,1e-07,down
3.6,0.11545048281550405,1e-07,down
3.4,0.2609081352129578,1e-07,down
3.2,0.29727621190249914,1e-07,down
3.0,0.2342121228575706,1e-07,down
2.8,0.22394898906350133,1e-07,down
2.6,0.01842298544943332,1e-07,down
2.4,0.2663055382727179,1e-07,down
2.2,-0.01973239809740335,1e-07,down
2.0,0.21134033205453304,1e-07,down
1.8,0.1762754805386066,1e-07,down
1.6,0.2735506054013967,1e-07,down
1.4,0.04214815609157084,1e-07,down
1.2,0.15665082633495325,1e-07,down
1.0,0.3817501766607165,1e-07,down
0.8,-0.05311804241500794,1e-07,down
0.6,0.36223709769546986,1e-07,down
0.4,-0.03626367915421725,1e-07,down
0.2,0.36501459218561644,1e-07,down
-0.0,0.29800754319876427,1e-07,down
-0.0,0.29800754319876427,1e-07,up
0.2,0.23329301178455347,1e-07,up
0.4,0.17005882856028617,1e-07,up
0.6,0.12312402576208112,1e-07,up
0.8,0.17049781384412196,1e-07,up
1.0,0.16366375004872677,1e-07,up
1.2,0.10387771623209117,1e-07,up
1.4,0.20477308100089425,1e-07,up
1.6,0.1604214087128639,1e-07,up
1.8,0.2534243691625306,1e-07,up
2.0,0.14055149146588516,1e-07,up
2.2,0.15310091339051723,1e-07,up
2.4,0.3052953658625483,1e-07,up
2.6,0.30399773968383664,1e-07,up
2.8,0.132525494787842,1e-07,up
3.0,0.2396744536235928,1e-07,up
3.2,0.03455354925245045,1e-07,up
3.4,0.1381550896912813,1e-07,up
3.6,0.15972392819821832,1e-07,up
3.8,0.01922316756099462,1e-07,up
4.0,0.10475058376323429,1e-07,up
4.2,0.17270263144746417,1e-07,up
4.4,0.1653306297957897,1e-07,up
4.6,0.14789506280794737,1e-07,up
4.8,0.27810217626392836,1e-07,up
5.0,0.29702283418737346,1e-07,up
5.2,0.37247827090322966,1e-07,up
5.4,0.33906537573784584,1e-07,up
5.6,0.22573993820697066,1e-07,up
5.8,0.3351917918771505,1e-07,up
6.0,0.38809706363826985,1e-07,up
6.2,0.3523834627121686,1e-07,up
6.4,0.4715480059385299,1e-07,up
6.6,0.27806840464472765,1e-07,up
6.8,0.44356282986700524,1e-07,up
7.0,0.47465974884107703,1e-07,up
7.2,0.5375505434349178,1e-07,up
7.4,0.4764002170413732,1e-07,up
7.6,0.5267373733222483,1e-07,up
7.8,0.512735436670482,1e-07,up
8.0,0.46327347029000515,1e-07,up
8.0,0.4742625355720519,1e-07,down
7.8,0.5232704415684565,1e-07,down
7.6,0.4458798673003911,1e-07,down
7.4,0.48624111735261966,1e-07,down
7.2,0.4133433233946561,1e-07,down
7.0,0.42452721484005446,1e-07,down
6.8,0.5599654186517,1e-07,down
6.6,0.4466023945715278,1e-07,down
6.4,0.5869016144424676,1e-07,down
6.2,0.29240122437477106,1e-07,down
6.0,0.4614185541868209,1e-07,down
5.8,0.491560524329543,1e-07,down
5.6,0.21658803708851332,1e-07,down
5.4,0.3271138775744475,1e-07,down
5.2,0.6269273179932496,1e-07,down
5.0,0.568378334864974,1e-07,down
4.8,0.24453870952129356,1e-07,down
4.6,0.42284264415502537,1e-07,down
4.4,0.37900925427675236,1e-07,down
4.2,0.6445989059284327,1e-07,down
4.0,0.07357808016240594,1e-07,down
3.8,0.34116017073392857,1e-07,down
3.6,0.3218339374288916,1e-07,down
3.4,0.42195937037467945,1e-07,down
3.2,0.3344904482364654,1e-07,down
3.0,0.15828010439872736,1e-07,down
2.8,0.24813604354858396,1e-07,down
2.6,0.16832844913005823,1e-07,down
2.4,0.30634106695652,1e-07,down
2.2,0.5764628620818256,1e-07,down
2.0,0.1466957405209541,1e-07,down
1.8,0.34567005932331074,1e-07,down
1.6,0.24292790144681922,1e-07,down
1.4,0.37005858402699227,1e-07,down
1.2,0.0391741208732128,1e-07,down
1.0,0.27969236299395556,1e-07,down
0.8,0.025091763585805876,1e-07,down
0.6,0.35565072298049916,1e-07,down
0.4,0.35645292699337,1e-07,down
0.2,0.45424997061491007,1e-07,down
-0.0,0.40839515626430506,1e-07,down
-0.0,0.40839515626430506,1e-07,up
0.2,0.062348410487174974,1e-07,up
0.4,0.3106330186128616,1e-07,up
0.6,0.0904535353183746,1e-07,up
0.8,0.2942185774445533,1e-07,up
1.0,0.3677096515893935,1e-07,up
1.2,0.19505640119314188,1e-07,up
1.4,0.37211893498897547,1e-07,up
1.6,0.1540110036730766,1e-07,up
1.8,0.4239961057901382,1e-07,up
2.0,0.4070923104882239,1e-07,up
2.2,0.531253119930625,1e-07,up
2.4,0.43904522061347956,1e-07,up
2.6,0.50237681530416,1e-07,up
2.8,0.4774351641535758,1e-07,up
3.0,0.12353874742984769,1e-07,up
3.2,0.33966692537069315,1e-07,up
3.4,0.35067452490329737,1e-07,up
3.6,0.33652489632368077,1e-07,up
3.8,0.3346186280250548,1e-07,up
4.0,0.30693705379962916,1e-07,up
4.2,0.41035815142095083,1e-07,up
4.4,0.07153496146202086,1e-07,up
4.6,0.33312618732452387,1e-07,up
4.8,0.2290367074310779,1e-07,up
5.0,0.30614666827023024,1e-07,up
5.2,0.5069125443696975,1e-07,up
5.4,0.2507603242993354,1e-07,up
5.6,0.4446468278765678,1e-07,up
5.8,0.4964462760835885,1e-07,up
6.0,0.5803483314812182,1e-07,up
6.2,0.5803255885839461,1e-07,up
6.4,0.26153880730271334,1e-07,up
6.6,0.36884385789744556,1e-07,up
6.8,0.5975613854825496,1e-07,up
7.0,0.5739911952987312,1e-07,up
7.2,0.3574655652046203,1e-07,up
7.4,0.4688767448533325,1e-07,up
7.6,0.43212322425097216,1e-07,up
7.8,0.4994287304580211,1e-07,up
8.0,0.5042363200336694,1e-07,up
8.0,0.4994371786597184,1e-07,down
7.8,0.6287283282727001,1e-07,down
7.6,0.5071150828152895,1e-07,down
7.4,0.4985664300620555,1e-07,down
7.2,0.46725159510970105,1e-07,down
7.0,0.6784486770629882,1e-07,down
6.8,0.496133096050471,1e-07,down
6.6,0.4559896951541304,1e-07,down
6.4,0.42239171639084805,1e-07,down
6.2,0.35996817797422404,1e-07,down
6.0,0.3583683911710977,1e-07,down
5.8,0.31439721584320063,1e-07,down
5.6,0.3177401507273316,1e-07,down
5.4,0.4870311096310615,1e-07,down
5.2,0.4335544034838676,1e-07,down
5.0,0.4845720715820788,1e-07,down
4.8,0.48605853319168085,1e-07,down
4.6,0.12327572517096994,1e-07,down
4.4,0.26282721105962986,1e-07,down
4.2,0.26668539643287653,1e-07,down
4.0,0.40412817895412434,1e-07,down
3.8,0.32053551543503994,1e-07,down
3.6,0.19787225592881438,1e-07,down
3.4,0.581550020724535,1e-07,down
3.2,0.46880898997187603,1e-07,down
3.0,0.5765561331063508,1e-07,down
2.8,0.4722548965364694,1e-07,down
2.6,0.5945643121376633,1e-07,down
2.4,0.4393328148871659,1e-07,down
2.2,0.19737131148576734,1e-07,down
2.0,0.5901878722943364,1e-07,down
1.8,0.5146477036178111,1e-07,down
1.6,0.5164479035884141,1e-07,down
1.4,0.5415862882509827,1e-07,down
1.2,0.0918379798531532,1e-07,down
1.0,0.3564178850501775,1e-07,down
0.8,0.5364253250882028,1e-07,down
0.6,0.5792979840189217,1e-07,down
0.4,0.09844684600830077,1e-07,down
0.2,0.42502979934215535,1e-07,down
-0.0,0.13040478155016896,1e-07,down
-0.0,0.13040478155016896,1e-07,up
0.2,0.1507212548749521,1e-07,up
0.4,0.2054029908031225,1e-07,up
0.6,0.30106454226188356,1e-07,up
0.8,0.11842224560678004,1e-07,up
1.0,0.1319140142295509,1e-07,up
1.2,0.12373587011825292,1e-07,up
1.4,0.0346941123716533,1e-07,up
1.6,0.2710165620082989,1e-07,up
1.8,0.4821681771427392,1e-07,up
2.0,-0.01438160240650177,1e-07,up
2.2,0.2862443285994231,1e-07,up
2.4,0.3929120323155075,1e-07,up
2.6,0.3867533029988407,1e-07,up
2.8,0.12422180175781246,1e-07,up
3.0,0.22118038218468422,1e-07,up
3.2,0.15332179889082906,1e-07,up
3.4,0.12290016561746596,1e-07,up
3.6,0.3619907414540648,1e-07,up
3.8,0.2685540756210684,1e-07,up
4.0,0.339285360649228,1e-07,up
4.2,0.3137376066297292,1e-07,up
4.4,0.5281887017190455,1e-07,up
4.6,0.1735042948275804,1e-07,up
4.8,0.30237885937094683,1e-07,up
5.0,0.3302827692823484,1e-07,up
5.2,0.5118875764310359,1e-07,up
5.4,0.19941965118050572,1e-07,up
5.6,0.24368359893560407,1e-07,up
5.8,0.27841547131538386,1e-07,up
6.0,0.27872699499130243,1e-07,up
6.2,0.4909405894577502,1e-07,up
6.4,0.39764990808907885,1e-07,up
6.6,0.42321878764778365,1e-07,up
6.8,0.4020535871386527,1e-07,up
7.0,0.6454856097698211,1e-07,up
7.2,0.5019497759640216,1e-07,up
7.4,0.4710596688091754,1e-07,up
7.6,0.6099994275718926,1e-07,up
7.8,0.545038848184049,1e-07,up
8.0,0.47893569245934475,1e-07,up
8.0,0.43748723156750197,1e-07,down
7.8,0.4010116048157214,1e-07,down
7.6,0.42838331684470166,1e-07,down
7.4,0.5550011917948722,1e-07,down
7.2,0.39044459443539375,1e-07,down
7.0,0.3660247512161731,1e-07,down
6.8,0.5116807632148265,1e-07,down
6.6,0.3301792107522487,1e-07,down
6.4,0.4764442024752497,1e-07,down
6.2,0.27841401472687716,1e-07,down
6.0,0.2668810207396745,1e-07,down
5.8,0.46563791297376145,1e-07,down
5.6,0.17075832723639903,1e-07,down
5.4,0.29113447078270827,1e-07,down
5.2,0.28060498554259533,1e-07,down
5.0,0.04830292612314223,1e-07,down
4.8,0.26637036912143225,1e-07,down
4.6,0.05128096602857111,1e-07,down
4.4,0.27551963366568083,1e-07,down
4.2,0.238412968814373,1e-07,down
4.0,0.2831206247210502,1e-07,down
3.8,0.3410451188683509,1e-07,down
3.6,0.10646014288067815,1e-07,down
3.4,0.1589097026735544,1e-07,down
3.2,0.24201209843158716,1e-07,down
3.0,0.03803513944149016,1e-07,down
2.8,0.2843466065824031,1e-07,down
2.6,0.3307666351029183,1e-07,down
2.4,0.3872969783842563,1e-07,down
2.2,0.4510198337957262,1e-07,down
2.0,0.040444041136652224,1e-07,down
1.8,0.18021626397967333,1e-07,down
1.6,0.2974765952676534,1e-07,down
1.4,0.2718463465571403,1e-07,down
1.2,0.37047125349636184,1e-07,down
1.0,0.45048187673091883,1e-07,down
0.8,0.41764017753303045,1e-07,down
0.6,0.5304136909544468,1e-07,down
0.4,-0.07287643756717443,1e-07,down
0.2,0.3675225712358951,1e-07,down
-0.0,0.6656482256948947,1e-07,down
-0.0,0.6656482256948947,1e-07,up
0.2,-0.06063424795866013,1e-07,up
0.4,0.5252450816333293,1e-07,up
0.6,-0.1431890639942139,1e-07,up
0.8,-0.05382035195361824,1e-07,up
1.0,0.4335087276995181,1e-07,up
1.2,-0.14819476380944252,1e-07,up
1.4,-0.14337946008890867,1e-07,up
1.6,0.4250831906683742,1e-07,up
1.8,0.5171691011637449,1e-07,up
2.0,0.3988092113286256,1e-07,up
2.2,-0.1516485592583194,1e-07,up
2.4,0.34278414864093065,1e-07,up
2.6,0.5357339121401309,1e-07,up
2.8,0.4625450950115918,1e-07,up
3.0,0.5590724684298037,1e-07,up
3.2,-0.04017254523932935,1e-07,up
3.4,-0.008992364397272476,1e-07,up
3.6,0.09356277994811532,1e-07,up
3.8,0.014270929619669902,1e-07,up
4.0,0.11282703094184396,1e-07,up
4.2,0.11142744123935697,1e-07,up
4.4,0.23568446561694142,1e-07,up
4.6,0.3545258957892655,1e-07,up
4.8,0.271321227774024,1e-07,up
5.0,0.03298193216323852,1e-07,up
5.2,0.2367892079055309,1e-07,up
5.4,0.3808524240739643,1e-07,up
5.6,0.257335883565247,1e-07,up
5.8,0.3822886105626821,1e-07,up
6.0,0.45322527363896364,1e-07,up
6.2,0.20398509502410886,1e-07,up
6.4,0.38019603118300427,1e-07,up
6.6,0.4498852519318461,1e-07,up
6.8,0.48702530097216357,1e-07,up
7.0,0.3459342382848262,1e-07,up
7.2,0.5471471827477216,1e-07,up
7.4,0.41130689531564707,1e-07,up
7.6,0.5085740014910697,1e-07,up
7.8,0.40471133450046176,1e-07,up
8.0,0.47957423550542433,1e-07,up
8.0,0.531921999529004,1e-07,down
7.8,0.5112054012715815,1e-07,down
7.6,0.4921947605907916,1e-07,down
7.4,0.48931520432233794,1e-07,down
7.2,0.4785519316792487,1e-07,down
7.0,0.5095287188887595,1e-07,down
6.8,0.648538278415799,1e-07,down
6.6,0.598915338050574,1e-07,down
6.4,0.418286595493555,1e-07,down
6.2,0.5242122309282421,1e-07,down
6.0,0.6652953589800744,1e-07,down
5.8,0.40706996619701374,1e-07,down
5.6,0.47908383980393404,1e-07,down
5.4,0.6154786534607409,1e-07,down
5.2,0.37678802013397206,1e-07,down
5.0,0.49200578592717636,1e-07,down
4.8,0.247179077938199,1e-07,down
4.6,0.2474938770756125,1e-07,down
4.4,0.2299824137007817,1e-07,down
4.2,0.12711920030415055,1e-07,down
4.0,0.22427798807621,1e-07,down
3.8,0.06938378419727086,1e-07,down
3.6,0.49165144748985756,1e-07,down
3.4,0.5215701535344123,1e-07,down
3.2,0.3353629077319055,1e-07,down
3.0,0.07419452350586651,1e-07,down
2.8,0.315469718305394,1e-07,down
2.6,0.5537123144604265,1e-07,down
2.4,0.26090226322412485,1e-07,down
2.2,0.23275973089039323,1e-07,down
2.0,0.4260022714734077,1e-07,down
1.8,0.2488389536738395,1e-07,down
1.6,0.26859733462333674,1e-07,down
1.4,0.23830713331699366,1e-07,down
1.2,0.1589955538511276,1e-07,down
1.0,0.5398968569934367,1e-07,down
0.8,0.318964852951467,1e-07,down
0.6,0.41040455456823105,1e-07,down
0.4,0.26640128716826433,1e-07,down
0.2,0.3414206411689519,1e-07,down
-0.0,0.23176597151905293,1e-07,down
-0.0,0.23176597151905293,1e-07,up
0.2,0.0705666746944189,1e-07,up
0.4,0.30684781039599324,1e-07,up
0.6,0.31873832456767554,1e-07,up
0.8,0.28953740373253817,1e-07,up
1.0,0.2146674776449799,1e-07,up
1.2,0.16427685855887827,1e-07,up
1.4,0.33290142752230156,1e-07,up
1.6,0.21905023243743924,1e-07,up
1.8,0.18823812343180177,1e-07,up
2.0,0.29611881077289576,1e-07,up
2.2,0.30800268985331053,1e-07,up
2.4,0.30028877872973675,1e-07,up
2.6,0.38273731991648663,1e-07,up
2.8,0.2786006182432174,1e-07,up
3.0,0.14832553174346683,1e-07,up
3.2,0.1906272643245756,1e-07,up
3.4,0.17678359505953264,1e-07,up
3.6,0.37058254424482573,1e-07,up
3.8,0.2098525166511535,1e-07,up
4.0,0.2186498530209064,1e-07,up
4.2,0.28074812889099116,1e-07,up
4.4,0.3577635902911424,1e-07,up
4.6,0.22394950222223992,1e-07,up
4.8,0.22707518469542262,1e-07,up
5.0,0.5001547746360301,1e-07,up
5.2,0.4264598339796066,1e-07,up
5.4,0.4453917336650192,1e-07,up
5.6,0.5797108570113777,1e-07,up
5.8,0.3429483175277709,1e-07,up
6.0,0.41929009370505804,1e-07,up
6.2,0.5608889386057853,1e-07,up
6.4,0.4504376202821731,1e-07,up
6.6,0.5709881475195288,1e-07,up
6.8,0.36313122697174544,1e-07,up
7.0,0.4465466123074292,1e-07,up
7.2,0.6369905695319175,1e-07,up
7.4,0.4391396641731261,1e-07,up
7.6,0.47801479697227467,1e-07,up
7.8,0.44482503458857525,1e-07,up
8.0,0.5522217891411855,1e-07,up
8.0,0.4896623138338327,1e-07,down
7.8,0.5354370847344397,1e-07,down
7.6,0.4602518696337938,1e-07,down
7.4,0.4836793141439556,1e-07,down
7.2,0.47640262357890595,1e-07,down
7.0,0.664587603881955,1e-07,down
6.8,0.5013595409691333,1e-07,down
6.6,0.36881433427333826,1e-07,down
6.4,0.38885826990008343,1e-07,down
6.2,0.5349687058478593,1e-07,down
6.0,0.486311936751008,1e-07,down
5.8,0.35883407201617945,1e-07,down
5.6,0.3654992752708494,1e-07,down
5.4,0.36439086496829987,1e-07,down
5.2,0.4054139626678079,1e-07,down
5.0,0.23783605638891456,1e-07,down
4.8,0.4813919398002326,1e-07,down
4.6,0.46788055123761285,1e-07,down
4.4,0.2290913803153671,1e-07,down
4.2,0.319169376976788,1e-07,down
4.0,0.6003681179136037,1e-07,down
3.8,0.2118745446205139,1e-07,down
3.6,0.3771584127098321,1e-07,down
3.4,0.3663837835192679,1e-07,down
3.2,0.28298449481371785,1e-07,down
3.0,0.40006809681653965,1e-07,down
2.8,0.5938475760631262,1e-07,down
2.6,0.5265614222735165,1e-07,down
2.4,0.07024713605642316,1e-07,down
2.2,0.36939530633389944,1e-07,down
2.0,0.036428788676857934,1e-07,down
1.8,0.44463061355054373,1e-07,down
1.6,-0.06453338358551264,1e-07,down
1.4,0.16816288046538824,1e-07,down
1.2,0.042381170671433196,1e-07,down
1.0,0.43959285691380495,1e-07,down
0.8,-0.15809334628283978,1e-07,down
0.6,0.42846328392624844,1e-07,down
0.4,0.6975924968719481,1e-07,down
0.2,0.6768500804901121,1e-07,down
-0.0,-0.15585348661988974,1e-07,down
-0.0,-0.15585348661988974,1e-07,up
0.2,0.4626426137983798,1e-07,up
0.4,0.6684090197086332,1e-07,up
0.6,0.530399926006794,1e-07,up
0.8,-0.2355604879558086,1e-07,up
1.0,0.4213420562446117,1e-07,up
1.2,0.693648226559162,1e-07,up
1.4,0.4866378307342529,1e-07,up
1.6,0.7029162347316741,1e-07,up
1.8,0.532695323228836,1e-07,up
2.0,0.6852503716945648,1e-07,up
2.2,0.5432211160659789,1e-07,up
2.4,-0.14154711551964283,1e-07,up
2.6,0.0398799134418368,1e-07,up
2.8,-0.0672021731734276,1e-07,up
3.0,-0.017938198521733305,1e-07,up
3.2,-0.0799577459692955,1e-07,up
3.4,0.13583404198288915,1e-07,up
3.6,0.0469129020348191,1e-07,up
3.8,0.37517778575420374,1e-07,up
4.0,0.6981013724580406,1e-07,up
4.2,-0.014277241309173405,1e-07,up
4.4,0.15096455905586476,1e-07,up
4.6,0.5404283292591572,1e-07,up
4.8,0.6832711379975079,1e-07,up
5.0,0.03920379141345619,1e-07,up
5.2,0.5368216410279273,1e-07,up
5.4,0.5841842964291571,1e-07,up
5.6,0.607702562585473,1e-07,up
5.8,0.546552141662687,1e-07,up
6.0,0.547026477754116,1e-07,up
6.2,0.3694008253514766,1e-07,up
6.4,0.4124450329691171,1e-07,up
6.6,0.6099810823798179,1e-07,up
6.8,0.39532774500548834,1e-07,up
7.0,0.406097887083888,1e-07,up
7.2,0.6359402360394596,1e-07,up
7.4,0.48859827965497965,1e-07,up
7.6,0.49010444432497013,1e-07,up
7.8,0.469319239258766,1e-07,up
8.0,0.5597103312611579,1e-07,up
8.0,0.48018089821562165,1e-07,down
7.8,0.44661020580679167,1e-07,down
7.6,0.5237126825377344,1e-07,down
7.4,0.45264929160475725,1e-07,down
7.2,0.4766415264457463,1e-07,down
7.0,0.5328064393252133,1e-07,down
6.8,0.5306574963033198,1e-07,down
6.6,0.4776798542588948,1e-07,down
6.4,0.3238274715840816,1e-07,down
6.2,0.5527031212113797,1e-07,down
6.0,0.3115311870351433,1e-07,down
5.8,0.4306813343428074,1e-07,down
5.6,0.48568804375827307,1e-07,down
5.4,0.3481216272339224,1e-07,down
5.2,0.4651985373347997,1e-07,down
5.0,0.4153939648531377,1e-07,down
4.8,0.2111076116561889,1e-07,down
4.6,0.28780787438154215,1e-07,down
4.4,0.25607296079397196,1e-07,down
4.2,0.3491414254531263,1e-07,down
4.0,0.24567950190976257,1e-07,down
3.8,0.2632951252162456,1e-07,down
3.6,0.30456575565040106,1e-07,down
3.4,0.2318000346422195,1e-07,down
3.2,0.1563869901001453,1e-07,down
3.0,0.2521736398339271,1e-07,down
2.8,0.23037411272525782,1e-07,down
2.6,0.32994166016578663,1e-07,down
2.4,0.4456057474017142,1e-07,down
2.2,0.06948481965810058,1e-07,down
2.0,0.2940180860459804,1e-07,down
1.8,0.04981142189353703,1e-07,down
1.6,0.3186370804905891,1e-07,down
1.4,-0.038288490846753113,1e-07,down
1.2,0.2773816031403839,1e-07,down
1.0,0.018493523821234696,1e-07,down
0.8,0.3733094045892357,1e-07,down
0.6,0.2519757188856601,1e-07,down
0.4,0.23090866208076474,1e-07,down
0.2,0.11147666908800599,1e-07,down
-0.0,0.12010433059185742,1e-07,down
-0.0,0.12010433059185742,1e-07,up
0.2,0.13995268195867536,1e-07,up
0.4,0.2931938841938972,1e-07,up
0.6,0.07909126952290532,1e-07,up
0.8,0.23652594536542887,1e-07,up
1.0,0.25472000241279596,1e-07,up
1.2,0.2954840958118438,1e-07,up
1.4,0.3359289476647972,1e-07,up
1.6,0.14045934751629827,1e-07,up
1.8,0.16016343099545335,1e-07,up
2.0,0.3324936293065547,1e-07,up
2.2,0.1671643108129501,1e-07,up
2.4,0.2886846829205751,1e-07,up
2.6,0.3062997758388519,1e-07,up
2.8,0.26936778519302607,1e-07,up
3.0,0.35723417717963457,1e-07,up
3.2,0.17113349586725232,1e-07,up
3.4,0.34088346292264754,1e-07,up
3.6,0.3283901363611221,1e-07,up
3.8,0.23101642727851862,1e-07,up
4.0,0.16010644286870954,1e-07,up
4.2,0.4070183329749852,1e-07,up
4.4,0.24618033785372967,1e-07,up
4.6,0.21678926236927507,1e-07,up
4.8,0.2995422929525375,1e-07,up
5.0,0.39444205351173867,1e-07,up
5.2,0.5058813146315514,1e-07,up
5.4,0.2801970718428492,1e-07,up
5.6,0.27267344528809184,1e-07,up
5.8,0.43330766260623926,1e-07,up
6.0,0.47992835752665985,1e-07,up
6.2,0.3649726164294406,1e-07,up
6.4,0.33569885487668205,1e-07,up
6.6,0.48709531128406514,1e-07,up
6.8,0.5320379063487052,1e-07,up
7.0,0.38742683269083494,1e-07,up
7.2,0.4279601294547319,1e-07,up
7.4,0.43843275308609,1e-07,up
7.6,0.4664168749004602,1e-07,up
7.8,0.5272428765892981,1e-07,up
8.0,0.4459496410563587,1e-07,up
8.0,0.4990717992186545,1e-07,down
7.8,0.5936421286314725,1e-07,down
7.6,0.4817001223564147,1e-07,down
7.4,0.49331235140562046,1e-07,down
7.2,0.6163785369135437,1e-07,down
7.0,0.6632292829453944,1e-07,down
6.8,0.427588254213333,1e-07,down
6.6,0.5629417579621075,1e-07,down
6.4,0.40734022390097374,1e-07,down
6.2,0.3209578605019487,1e-07,down
6.0,0.4284364525228738,1e-07,down
5.8,0.44750342145562166,1e-07,down
5.6,0.2795874401926994,1e-07,down
5.4,0.3809353634715079,1e-07,down
5.2,0.46116050472483033,1e-07,down
5.0,0.17168101551942525,1e-07,down
4.8,0.30779634957434604,1e-07,down
4.6,0.6179652586579322,1e-07,down
4.4,0.17040722258388993,1e-07,down
4.2,0.41795986145734776,1e-07,down
4.0,0.12066331878304479,1e-07,down
3.8,0.3365348484367131,1e-07,down
3.6,0.31703891232609743,1e-07,down
3.4,0.12645501457154748,1e-07,down
3.2,0.2683673072606325,1e-07,down
3.0,0.15206319093704218,1e-07,down
2.8,0.35684522241353983,1e-07,down
2.6,0.20385241881012914,1e-07,down
2.4,0.18385102599859238,1e-07,down
2.2,0.23404460400342936,1e-07,down
2.0,0.19099323451519007,1e-07,down
1.8,0.4257433544844388,1e-07,down
1.6,0.35981455910950894,1e-07,down
1.4,0.43095584237016726,1e-07,down
1.2,0.16118784528225658,1e-07,down
1.0,0.25440285541117186,1e-07,down
0.8,0.2557044811546802,1e-07,down
0.6,0.07307475060224532,1e-07,down
0.4,0.35923967673443247,1e-07,down
0.2,0.38770112860947836,1e-07,down
-0.0,0.2847703341394662,1e-07,down
-0.0,0.2847703341394662,1e-07,up
0.2,0.0918879136443138,1e-07,up
0.4,0.12608639150857923,1e-07,up
0.6,0.10370997339487074,1e-07,up
0.8,0.10634645074605939,1e-07,up
1.0,0.3467083182185887,1e-07,up
1.2,0.2895389068871736,1e-07,up
1.4,-0.021269798278808597,1e-07,up
1.6,0.23755012196488673,1e-07,up
1.8,0.3273364906053757,1e-07,up
2.0,0.3540763854980468,1e-07,up
2.2,0.03280811384320258,1e-07,up
2.4,0.23995927814394233,1e-07,up
2.6,0.2252212367020547,1e-07,up
2.8,0.07696696370840071,1e-07,up
3.0,0.20657593326177445,1e-07,up
3.2,0.0813857978209853,1e-07,up
3.4,0.1308726866263896,1e-07,up
3.6,0.2446341509930789,1e-07,up
3.8,0.2462014383781934,1e-07,up
4.0,0.062064304947853075,1e-07,up
4.2,0.20125206606462595,1e-07,up
4.4,0.4068924970924853,1e-07,up
4.6,0.08039398118853566,1e-07,up
4.8,0.2953109014779329,1e-07,up
5.0,0.3037074822932481,1e-07,up
5.2,0.18107960792258376,1e-07,up
5.4,0.3071919390931725,1e-07,up
5.6,0.21702847955748436,1e-07,up
5.8,0.45990444812923653,1e-07,up
6.0,0.3395675159990787,1e-07,up
6.2,0.35555243492126454,1e-07,up
6.4,0.605630338191986,1e-07,up
6.6,0.35433298931457097,1e-07,up
6.8,0.5001607388257979,1e-07,up
7.0,0.4446333199739455,1e-07,up
7.2,0.6242670640349387,1e-07,up
7.4,0.6276979226386173,1e-07,up
7.6,0.4216059520840644,1e-07,up
7.8,0.4670624807476996,1e-07,up
8.0,0.5403993437066673,1e-07,up
8.0,0.4932716381736099,1e-07,down
7.8,0.435018341988325,1e-07,down
7.6,0.4907053653150796,1e-07,down
7.4,0.42495723441243166,1e-07,down
7.2,0.5664453962817787,1e-07,down
7.0,0.5084505546838044,1e-07,down
6.8,0.6047265352681278,1e-07,down
6.6,0.5786190247163175,1e-07,down
6.4,0.355490494519472,1e-07,down
6.2,0.37877994403243054,1e-07,down
6.0,0.2505049183964729,1e-07,down
5.8,0.49933960847556585,1e-07,down
5.6,0.3992923446930944,1e-07,down
5.4,0.2900290745310485,1e-07,down
5.2,0.2420341004617512,1e-07,down
5.0,0.2538939472287893,1e-07,down
4.8,0.24068809673190114,1e-07,down
4.6,0.18003017455339426,1e-07,down
4.4,0.3619242198765277,1e-07,down
4.2,0.2592352889478206,1e-07,down
4.0,0.2521874755620956,1e-07,down
3.8,0.21812944114208216,1e-07,down
3.6,0.44332730770111073,1e-07,down
3.4,0.2681335913948714,1e-07,down
3.2,0.16347885597497222,1e-07,down
3.0,0.2486422639340162,1e-07,down
2.8,0.14323660125955937,1e-07,down
2.6,0.30825475975871075,1e-07,down
2.4,0.2508037984371185,1e-07,down
2.2,0.46335261594504107,1e-07,down
2.0,0.12410466978326437,1e-07,down
1.8,0.42661796174070327,1e-07,down
1.6,0.11441418994218108,1e-07,down
1.4,0.5038138730451464,1e-07,down
1.2,0.5382512193173169,1e-07,down
1.0,0.07053221762180327,1e-07,down
0.8,0.20845523476600644,1e-07,down
0.6,-0.05612370371818541,1e-07,down
0.4,0.3592641092836856,1e-07,down
0.2,0.37297277804464096,1e-07,down
-0.0,0.12117832014337179,1e-07,down
-0.0,0.12117832014337179,1e-07,up
0.2,0.17497049830853936,1e-07,up
0.4,-0.008794212713837632,1e-07,up
0.6,0.28721313783898944,1e-07,up
0.8,0.42052860651165236,1e-07,up
1.0,0.028705788776278492,1e-07,up
1.2,0.1709191109985113,1e-07,up
1.4,0.2394698671996593,1e-07,up
1.6,0.02983245067298411,1e-07,up
1.8,0.25291180144995445,1e-07,up
2.0,0.03947438858449458,1e-07,up
2.2,0.15152781840879467,1e-07,up
2.4,0.26306916167959565,1e-07,up
2.6,0.03288138844072818,1e-07,up
2.8,0.2596653368673287,1e-07,up
3.0,0.08219076506793498,1e-07,up
3.2,0.21519679948687548,1e-07,up
3.4,0.06793410889804362,1e-07,up
3.6,0.30449641868472094,1e-07,up
3.8,0.3335196869447826,1e-07,up
4.0,0.17855642735958097,1e-07,up
4.2,0.3332293108105659,1e-07,up
4.4,0.21553283929824824,1e-07,up
4.6,0.2747283726930618,1e-07,up
4.8,0.23914082534611222,1e-07,up
5.0,0.2619881853461265,1e-07,up
5.2,0.28388011083006853,1e-07,up
5.4,0.3951902172993868,1e-07,up
5.6,0.44436977632722113,1e-07,up
5.8,0.503810062073171,1e-07,up
6.0,0.5298208058811723,1e-07,up
6.2,0.516294959001243,1e-07,up
6.4,0.4232936736079864,1e-07,up
6.6,0.38683303166180844,1e-07,up
6.8,0.39260252984240646,1e-07,up
7.0,0.5435073152184485,1e-07,up
7.2,0.5390104509424417,1e-07,up
7.4,0.5423376597464084,1e-07,up
7.6,0.4313159883022308,1e-07,up
7.8,0.5397822932573034,1e-07,up
8.0,0.4751629121601581,1e-07,up
8.0,0.4766572769731282,1e-07,down
7.8,0.5009152675047516,1e-07,down
7.6,0.5320736505091189,1e-07,down
7.4,0.44685810059309,1e-07,down
7.2,0.44298224151134485,1e-07,down
7.0,0.4344713240861892,1e-07,down
6.8,0.5351822674274443,1e-07,down
6.6,0.3367362413555383,1e-07,down
6.4,0.3372848369181155,1e-07,down
6.2,0.6327450443059205,1e-07,down
6.0,0.46091087300737843,1e-07,down
5.8,0.2586396355181932,1e-07,down
5.6,0.4737673997879028,1e-07,down
5.4,0.2934150472283363,1e-07,down
5.2,0.4046357292681932,1e-07,down
5.0,0.5324588404037057,1e-07,down
4.8,0.29366362467408175,1e-07,down
4.6,0.364215537905693,1e-07,down
4.4,0.2499514371156692,1e-07,down
4.2,0.32836966216564173,1e-07,down
4.0,0.3232592428103089,1e-07,down
3.8,0.4645172422751784,1e-07,down
3.6,0.1911303214728832,1e-07,down
3.4,0.21129915304481978,1e-07,down
3.2,0.36212558485567564,1e-07,down
3.0,0.13452723808586595,1e-07,down
2.8,0.26046481123194093,1e-07,down
2.6,0.5225022956728934,1e-07,down
2.4,0.5146515693049877,1e-07,down
2.2,0.11676489561796187,1e-07,down
2.0,0.4258397156372666,1e-07,down
1.8,0.5641561709344386,1e-07,down
1.6,0.1634808965027332,1e-07,down
1.4,0.27877940796315664,1e-07,down
1.2,0.3147344887256622,1e-07,down
1.0,0.10548045299947259,1e-07,down
0.8,0.29849294200539583,1e-07,down
0.6,0.7434901371598243,1e-07,down
0.4,0.5465506874024867,1e-07,down
0.2,0.6390975788235663,1e-07,down
-0.0,0.10967346001416442,1e-07,down
-0.0,0.10967346001416442,1e-07,up
0.2,0.35750959068536753,1e-07,up
0.4,0.005502335727214813,1e-07,up
0.6,0.27392312511801714,1e-07,up
0.8,0.11630472913384435,1e-07,up
1.0,0.22503959387540814,1e-07,up
1.2,0.08819995820522306,1e-07,up
1.4,0.23109290748834604,1e-07,up
1.6,0.5189586877822875,1e-07,up
1.8,0.4691403079777955,1e-07,up
2.0,0.5353907328099011,1e-07,up
2.2,0.04645763942971824,1e-07,up
2.4,0.16286762244999403,1e-07,up
2.6,0.33094966039061546,1e-07,up
2.8,0.4422716246917843,1e-07,up
3.0,0.4733259484637528,1e-07,up
3.2,0.542010742239654,1e-07,up
3.4,0.16722570359706876,1e-07,up
3.6,0.30882332101464266,1e-07,up
3.8,0.3595262197777628,1e-07,up
4.0,0.3117921501398086,1e-07,up
4.2,0.21130533143877978,1e-07,up
4.4,0.4129299651831388,1e-07,up
4.6,0.4664806884247809,1e-07,up
4.8,0.13509403355419633,1e-07,up
5.0,0.3282357305288314,1e-07,up
5.2,0.5399981066584586,1e-07,up
5.4,0.3108921498060226,1e-07,up
5.6,0.40181613340973843,1e-07,up
5.8,0.25411959737539286,1e-07,up
6.0,0.49224302917718876,1e-07,up
6.2,0.5240489225834607,1e-07,up
6.4,0.5846142843365668,1e-07,up
6.6,0.5487072216346859,1e-07,up
6.8,0.3989081606268882,1e-07,up
7.0,0.556107874817826,1e-07,up
7.2,0.5787326451390981,1e-07,up
7.4,0.42900950834155077,1e-07,up
7.6,0.4258799813687801,1e-07,up
7.8,0.4592958651483058,1e-07,up
8.0,0.5035034529864787,1e-07,up
8.0,0.4279111810028552,1e-07,down
7.8,0.48651765612885345,1e-07,down
7.6,0.4353434639051555,1e-07,down
7.4,0.4417600538581609,1e-07,down
7.2,0.5263942852616309,1e-07,down
7.0,0.5433640666306018,1e-07,down
6.8,0.59522663988173,1e-07,down
6.6,0.5221775695681571,1e-07,down
6.4,0.5514182243496178,1e-07,down
6.2,0.5120408423244952,1e-07,down
6.0,0.5474020689725874,1e-07,down
5.8,0.3022257145494222,1e-07,down
5.6,0.3769790841033681,1e-07,down
5.4,0.33397745154798025,1e-07,down
5.2,0.3584975814446807,1e-07,down
5.0,0.26492017670534546,1e-07,down
4.8,0.4367897920310496,1e-07,down
4.6,0.2473752815276384,1e-07,down
4.4,0.3163756495341658,1e-07,down
4.2,0.2223231643438339,1e-07,down
4.0,0.39570156857371325,1e-07,down
3.8,0.3775748349726199,1e-07,down
3.6,0.3689185859402641,1e-07,down
3.4,0.3412618096917867,1e-07,down
3.2,0.22334473207592961,1e-07,down
3.0,0.349077648774255,1e-07,down
2.8,0.5058439821004866,1e-07,down
2.6,0.20142775797285137,1e-07,down
2.4,0.35302741068881,1e-07,down
2.2,0.3661649306304752,1e-07,down
2.0,0.2080942974425852,1e-07,down
1.8,0.45344479242339725,1e-07,down
1.6,0.36563588306307787,1e-07,down
1.4,0.4397409348748624,1e-07,down
1.2,0.3657303657382726,1e-07,down
1.0,0.27005961257964367,1e-07,down
0.8,0.37883273139595985,1e-07,down
0.6,0.10832609981298445,1e-07,down
0.4,0.2783240093849599,1e-07,down
0.2,0.3062527794390916,1e-07,down
-0.0,0.2952712518163025,1e-07,down
-0.0,0.2952712518163025,1e-07,up
0.2,0.23897468298673624,1e-07,up
0.4,0.164781853556633,1e-07,up
0.6,0.16557143069803712,1e-07,up
0.8,0.3318696999922394,1e-07,up
1.0,0.27474227099446574,1e-07,up
1.2,0.12965511158108708,1e-07,up
1.4,0.2777785044163465,1e-07,up
1.6,0.20113403908908364,1e-07,up
1.8,0.2989876959472894,1e-07,up
2.0,0.21140326908789572,1e-07,up
2.2,0.34820886887609953,1e-07,up
2.4,0.1610576249659061,1e-07,up
2.6,0.18827486410737032,1e-07,up
2.8,0.2972628776915371,1e-07,up
3.0,0.13611218717414886,1e-07,up
3.2,0.2906804867088794,1e-07,up
3.4,0.24754980579018587,1e-07,up
3.6,0.2178595326840877,1e-07,up
3.8,0.21751286089420316,1e-07,up
4.0,0.4909803001210093,1e-07,up
4.2,0.3071395922452211,1e-07,up
4.4,0.2803130485117435,1e-07,up
4.6,0.21258044615387914,1e-07,up
4.8,0.4027284495532512,1e-07,up
5.0,0.46145637938752765,1e-07,up
5.2,0.23677665367722506,1e-07,up
5.4,0.42654852569103235,1e-07,up
5.6,0.21156900376081464,1e-07,up
5.8,0.4498232817277312,1e-07,up
6.0,0.2964730928651988,1e-07,up
6.2,0.49379693809896696,1e-07,up
6.4,0.3925345875322818,1e-07,up
6.6,0.5354959465330466,1e-07,up
6.8,0.4076920198276638,1e-07,up
7.0,0.4051077579206321,1e-07,up
7.2,0.41471935342997307,1e-07,up
7.4,0.4076609881594776,1e-07,up
7.6,0.4997922107577323,1e-07,up
7.8,0.4215637743473052,1e-07,up
8.0,0.4239999763667583,1e-07,up
8.0,0.5136239052517338,1e-07,down
7.8,0.402224252000451,1e-07,down
7.6,0.5456648636609315,1e-07,down
7.4,0.4517913376912474,1e-07,down
7.2,0.5611196532845496,1e-07,down
7.0,0.42559813521802414,1e-07,down
6.8,0.5568518377840518,1e-07,down
6.6,0.42768906801939005,1e-07,down
6.4,0.6348810112103819,1e-07,down
6.2,0.4237677436321973,1e-07,down
6.0,0.3663208037614822,1e-07,down
5.8,0.6373414900153874,1e-07,down
5.6,0.4521220587193965,1e-07,down
5.4,0.4143375856801867,1e-07,down
5.2,0.33874999731779093,1e-07,down
5.0,0.5056385565549134,1e-07,down
4.8,0.13626975566148752,1e-07,down
4.6,0.41650394396856416,1e-07,down
4.4,0.3675202233716845,1e-07,down
4.2,0.20098549313843247,1e-07,down
4.0,0.39101631380617613,1e-07,down
3.8,0.2817756431177258,1e-07,down
3.6,0.48656824883073563,1e-07,down
3.4,0.3912018993869423,1e-07,down
3.2,0.3544081300497054,1e-07,down
3.0,0.14121238514780995,1e-07,down
2.8,0.43514173198491324,1e-07,down
2.6,0.1694494057446718,1e-07,down
2.4,0.21889493986964226,1e-07,down
2.2,0.3313090549781918,1e-07,down
2.0,0.3089726269245147,1e-07,down
1.8,0.4728430109098553,1e-07,down
1.6,0.1872891373932361,1e-07,down
1.4,0.3554987488314509,1e-07,down
1.2,0.19817234762012956,1e-07,down
1.0,0.3000906543093151,1e-07,down
0.8,0.32871164754033083,1e-07,down
0.6,0.32427031267434353,1e-07,down
0.4,0.2023213170468807,1e-07,down
0.2,0.27110147476196284,1e-07,down
-0.0,0.21462726593017573,1e-07,down
-0.0,0.21462726593017573,1e-07,up
0.2,0.308256572112441,1e-07,up
0.4,0.28656030399724836,1e-07,up
0.6,0.27462978009134525,1e-07,up
0.8,0.3821550477296113,1e-07,up
1.0,0.3052988508716225,1e-07,up
1.2,0.31648014113306994,1e-07,up
1.4,0.2438216684386134,1e-07,up
1.6,0.2719283374026417,1e-07,up
1.8,0.12006503157317636,1e-07,up
2.0,0.18414814502466467,1e-07,up
2.2,0.27823360636830324,1e-07,up
2.4,0.10232825018465516,1e-07,up
2.6,0.2055768873542547,1e-07,up
2.8,0.15738688595592973,1e-07,up
3.0,0.2507340498268604,1e-07,up
3.2,0.2305633910000324,1e-07,up
3.4,0.31396866962313646,1e-07,up
3.6,0.2740254877135157,1e-07,up
3.8,0.17880201712250707,1e-07,up
4.0,0.36159338336437935,1e-07,up
4.2,0.38704747814335855,1e-07,up
4.4,0.335838618222624,1e-07,up
4.6,0.4321985440328716,1e-07,up
4.8,0.3204878251999616,1e-07,up
5.0,0.4916883828118443,1e-07,up
5.2,0.44893712922930706,1e-07,up
5.4,0.5629039891064166,1e-07,up
5.6,0.6278595440089703,1e-07,up
5.8,0.327051555737853,1e-07,up
6.0,0.5294419024139642,1e-07,up
6.2,0.5504941046237944,1e-07,up
6.4,0.29817947372794146,1e-07,up
6.6,0.5021628325339406,1e-07,up
6.8,0.41035994142293925,1e-07,up
7.0,0.6095059476792811,1e-07,up
7.2,0.3916326537728309,1e-07,up
7.4,0.5081704594194888,1e-07,up
7.6,0.48909869976341713,1e-07,up
7.8,0.5225603720173239,1e-07,up
8.0,0.44341613166034216,1e-07,up
8.0,0.47697234153747553,1e-07,down
7.8,0.45843412727117533,1e-07,down
7.6,0.5339100826531648,1e-07,down
7.4,0.521400924772024,1e-07,down
7.2,0.407941922545433,1e-07,down
7.0,0.4255205020308494,1e-07,down
6.8,0.5040027545765041,1e-07,down
6.6,0.5332934074103831,1e-07,down
6.4,0.3752843812108039,1e-07,down
6.2,0.38615053892135615,1e-07,down
6.0,0.3613604083657264,1e-07,down
5.8,0.27013005968183273,1e-07,down
5.6,0.28672746848314995,1e-07,down
5.4,0.361597117036581,1e-07,down
5.2,0.25881636887788767,1e-07,down
5.0,0.3687366778030991,1e-07,down
4.8,0.2581175789237022,1e-07,down
4.6,0.38137120753526677,1e-07,down
4.4,0.18287154287099835,1e-07,down
4.2,0.39212241396307934,1e-07,down
4.0,0.27317350730299944,1e-07,down
3.8,0.5314618796110152,1e-07,down
3.6,0.2730204630643129,1e-07,down
3.4,0.14460387965664265,1e-07,down
3.2,0.20909759227652097,1e-07,down
3.0,0.26404748484492296,1e-07,down
2.8,0.24100740067660803,1e-07,down
2.6,0.23791541764512653,1e-07,down
2.4,0.2962658498436212,1e-07,down
2.2,0.08730869682040064,1e-07,down
2.0,0.24075482320040462,1e-07,down
1.8,0.3425024902098811,1e-07,down
1.6,0.3462796621024608,1e-07,down
1.4,0.33474789187312126,1e-07,down
1.2,0.4294564686715602,1e-07,down
1.0,0.40627067349851126,1e-07,down
0.8,0.46847698278725136,1e-07,down
0.6,0.08447472937405108,1e-07,down
0.4,0.27763803675770754,1e-07,down
0.2,0.12228310853242871,1e-07,down
-0.0,0.29935659468173975,1e-07,down
-0.0,0.29935659468173975,1e-07,up
0.2,0.5009440695866942,1e-07,up
0.4,0.4663569387048482,1e-07,up
0.6,-0.004179686307907108,1e-07,up
0.8,0.2087015341967344,1e-07,up
1.0,0.3261971697211265,1e-07,up
1.2,0.06502543902024625,1e-07,up
1.4,0.25119072385132307,1e-07,up
1.6,0.29822458326816553,1e-07,up
1.8,0.08969829417765139,1e-07,up
2.0,0.25035500898957247,1e-07,up
2.2,0.443869805894792,1e-07,up
2.4,0.34968667756766075,1e-07,up
2.6,0.40198690118268127,1e-07,up
2.8,0.024033168330788602,1e-07,up
3.0,0.14133223518729207,1e-07,up
3.2,0.2234597167698666,1e-07,up
3.4,0.31717215524986375,1e-07,up
3.6,0.03409081976860761,1e-07,up
3.8,0.32895758934319014,1e-07,up
4.0,0.06129542272537945,1e-07,up
4.2,0.33026900514960283,1e-07,up
4.4,0.3192887948825955,1e-07,up
4.6,0.018605701625347134,1e-07,up
4.8,0.37275187857449044,1e-07,up
5.0,0.2626497242599725,1e-07,up
5.2,0.2527745701372623,1e-07,up
5.4,0.23469963669776914,1e-07,up
5.6,0.439534815493971,1e-07,up
5.8,0.25777781382203097,1e-07,up
6.0,0.3318034037947654,1e-07,up
6.2,0.38284383341670025,1e-07,up
6.4,0.3829526677727698,1e-07,up
6.6,0.4675649311393499,1e-07,up
6.8,0.3288893140852451,1e-07,up
7.0,0.556346796452999,1e-07,up
7.2,0.5378312543034552,1e-07,up
7.4,0.555604051798582,1e-07,up
7.6,0.4486200734972953,1e-07,up
7.8,0.4435749426484107,1e-07,up
8.0,0.4254329688847064,1e-07,up
8.0,0.4409650824964046,1e-07,down
7.8,0.4327636808156966,1e-07,down
7.6,0.4296238869428634,1e-07,down
7.4,0.5185065465047954,1e-07,down
7.2,0.5346224047243594,1e-07,down
7.0,0.38320535421371454,1e-07,down
6.8,0.4373101368546485,1e-07,down
6.6,0.46539774630218733,1e-07,down
6.4,0.5041811168193816,1e-07,down
6.2,0.5336131565272807,1e-07,down
6.0,0.5563599076122044,1e-07,down
5.8,0.22381930798292154,1e-07,down
5.6,0.3576811477541923,1e-07,down
5.4,0.27516463398933405,1e-07,down
5.2,0.36464365385472763,1e-07,down
5.0,0.30095651908777643,1e-07,down
4.8,0.4945242442190646,1e-07,down
4.6,0.40053606871515507,1e-07,down
4.4,0.4763481467962264,1e-07,down
4.2,0.4182161688804626,1e-07,down
4.0,0.4245847389101981,1e-07,down
3.8,0.4192366143688559,1e-07,down
3.6,0.4611972272396087,1e-07,down
3.4,0.12206547707319257,1e-07,down
3.2,0.3797122556716203,1e-07,down
3.0,0.3038885816931724,1e-07,down
2.8,0.45971226971596474,1e-07,down
2.6,0.11743159964680669,1e-07,down
2.4,0.399888414889574,1e-07,down
2.2,0.40175623260438437,1e-07,down
2.0,-0.012742916122078897,1e-07,down
1.8,0.16426016017794606,1e-07,down
1.6,0.09977236948907374,1e-07,down
1.4,0.1531652472913265,1e-07,down
1.2,0.3535340912640094,1e-07,down
1.0,-0.01997964084148407,1e-07,down
0.8,0.3521520793437957,1e-07,down
0.6,-0.0695575624704361,1e-07,down
0.4,0.1728903451003134,1e-07,down
0.2,0.1940610895399004,1e-07,down
-0.0,0.38358928263187403,1e-07,down
-0.0,0.38358928263187403,1e-07,up
0.2,0.4375352912466041,1e-07,up
0.4,0.4825296634808182,1e-07,up
0.6,0.40118871070444573,1e-07,up
0.8,0.5426639169454573,1e-07,up
1.0,0.38714890927076334,1e-07,up
1.2,-0.1909103281795978,1e-07,up
1.4,-0.08944967808201909,1e-07,up
1.6,0.3910941211506724,1e-07,up
1.8,-0.12169602327048779,1e-07,up
2.0,-0.04978670179843903,1e-07,up
2.2,0.3472072705626487,1e-07,up
2.4,-0.12408552691340446,1e-07,up
2.6,0.11225417442619796,1e-07,up
2.8,0.05863850191235539,1e-07,up
3.0,-0.033999985083937645,1e-07,up
3.2,0.42324302904307837,1e-07,up
3.4,0.619128543883562,1e-07,up
3.6,-0.07154746539890766,1e-07,up
3.8,0.4429906010627746,1e-07,up
4.0,0.5693524722009896,1e-07,up
4.2,0.5706125913420691,1e-07,up
4.4,0.5561190024018287,1e-07,up
4.6,0.6993473228067159,1e-07,up
4.8,0.5489793363958596,1e-07,up
5.0,-0.04996104538440705,1e-07,up
5.2,0.11522943899035451,1e-07,up
5.4,0.39162475895136584,1e-07,up
5.6,0.5676460647955536,1e-07,up
5.8,0.5291485050693153,1e-07,up
6.0,0.5558280386030673,1e-07,up
6.2,0.25797522813081736,1e-07,up
6.4,0.4042378147132694,1e-07,up
6.6,0.4117484712041914,1e-07,up
6.8,0.30658548139035696,1e-07,up
7.0,0.3545241105603053,1e-07,up
7.2,0.37347053270786995,1e-07,up
7.4,0.41391847562044853,1e-07,up
7.6,0.43844247795641417,1e-07,up
7.8,0.4930138960480689,1e-07,up
8.0,0.47602613270282734,1e-07,up
8.0,0.49347386043518776,1e-07,down
7.8,0.4809802710078655,1e-07,down
7.6,0.4598213601857423,1e-07,down
7.4,0.4717847770079969,1e-07,down
7.2,0.6022619437426328,1e-07,down
7.0,0.6033189315348862,1e-07,down
6.8,0.4367634574882685,1e-07,down
6.6,0.5558790285140275,1e-07,down
6.4,0.5811536544933915,1e-07,down
6.2,0.3095877300947904,1e-07,down
6.0,0.3149899402633309,1e-07,down
5.8,0.3103340957313775,1e-07,down
5.6,0.2885863380506634,1e-07,down
5.4,0.26695861201733345,1e-07,down
5.2,0.49654396157711733,1e-07,down
5.0,0.3397789597511291,1e-07,down
4.8,0.4251728858798742,1e-07,down
4.6,0.242332296911627,1e-07,down
4.4,0.36502166464924807,1e-07,down
4.2,0.20828296244144437,1e-07,down
4.0,0.2913060709834098,1e-07,down
3.8,0.2728027328848838,1e-07,down
3.6,0.3148374855518341,1e-07,down
3.4,0.4443023651838302,1e-07,down
3.2,0.503515345044434,1e-07,down
3.0,0.1809180825948715,1e-07,down
2.8,0.3993006160017102,1e-07,down
2.6,0.37234474718570704,1e-07,down
2.4,0.15696702897548673,1e-07,down
2.2,0.1445098593831062,1e-07,down
2.0,0.1304945647716522,1e-07,down
1.8,0.36325759626924986,1e-07,down
1.6,0.2800536751747131,1e-07,down
1.4,0.2620964497327804,1e-07,down
1.2,0.5273315495578571,1e-07,down
1.0,0.3733121640980243,1e-07,down
0.8,0.5126807466149329,1e-07,down
0.6,0.39884357899427403,1e-07,down
0.4,0.43539416417479504,1e-07,down
0.2,0.11431297799572346,1e-07,down
-0.0,0.4140953966416418,1e-07,down
-0.0,0.4140953966416418,1e-07,up
0.2,0.3081694617867469,1e-07,up
0.4,0.24797397293150422,1e-07,up
0.6,0.10146089526824652,1e-07,up
0.8,0.20430431747809047,1e-07,up
1.0,0.348858730867505,1e-07,up
1.2,0.29410856706090266,1e-07,up
1.4,0.08704429259523747,1e-07,up
1.6,0.2795341610908508,1e-07,up
1.8,0.26414850354194636,1e-07,up
2.0,0.3074131738394498,1e-07,up
2.2,0.08597256006032691,1e-07,up
2.4,0.4431911204010247,1e-07,up
2.6,0.2907849624752998,1e-07,up
2.8,0.46315432339906687,1e-07,up
3.0,0.16917474911315364,1e-07,up
3.2,0.35112819913774723,1e-07,up
3.4,0.43768697697669257,1e-07,up
3.6,0.5477323562372475,1e-07,up
3.8,0.12415978172793982,1e-07,up
4.0,0.26074551907368,1e-07,up
4.2,0.21096889022737736,1e-07,up
4.4,0.4261456634849309,1e-07,up
4.6,0.40536009613424534,1e-07,up
4.8,0.43130999431014055,1e-07,up
5.0,0.23765788972377774,1e-07,up
5.2,0.45059484243392933,1e-07,up
5.4,0.34305495861917723,1e-07,up
5.6,0.29847185220569367,1e-07,up
5.8,0.42124351300299157,1e-07,up
6.0,0.3472327142953872,1e-07,up
6.2,0.28915763646364206,1e-07,up
6.4,0.5742078572511672,1e-07,up
6.6,0.588097471743822,1e-07,up
6.8,0.45645523071289057,1e-07,up
7.0,0.48391596972942347,1e-07,up
7.2,0.5644323425367473,1e-07,up
7.4,0.5208166167140006,1e-07,up
7.6,0.5361935887485741,1e-07,up
7.8,0.5352997528389095,1e-07,up
8.0,0.5302608311176299,1e-07,up
8.0,0.4982304768636822,1e-07,down
7.8,0.4476620256900787,1e-07,down
7.6,0.5776747576892375,1e-07,down
7.4,0.5182714485563337,1e-07,down
7.2,0.5759713128209113,1e-07,down
7.0,0.45298229809850443,1e-07,down
6.8,0.4112501582130789,1e-07,down
6.6,0.37938504107296456,1e-07,down
6.4,0.6207160353660582,1e-07,down
6.2,0.6110903248190879,1e-07,down
6.0,0.30010317964479327,1e-07,down
5.8,0.4264143637847154,1e-07,down
5.6,0.28925742208957667,1e-07,down
5.4,0.24681277945637697,1e-07,down
5.2,0.46765216253697867,1e-07,down
5.0,0.2860402637161314,1e-07,down
4.8,0.47801992204040283,1e-07,down
4.6,0.44669049791991705,1e-07,down
4.4,0.2790827204007655,1e-07,down
4.2,0.33883020095527167,1e-07,down
4.0,0.2594878636300563,1e-07,down
3.8,0.17907286062836644,1e-07,down
3.6,0.2798467613756656,1e-07,down
3.4,0.2157833501696586,1e-07,down
3.2,0.27553709596395487,1e-07,down
3.0,0.2762366281822323,1e-07,down
2.8,0.26084394240751857,1e-07,down
2.6,0.3689882075414061,1e-07,down
2.4,0.34579924866557116,1e-07,down
2.2,0.19189606839790938,1e-07,down
2.0,0.3639794858172535,1e-07,down
1.8,0.20585007220506665,1e-07,down
1.6,0.40057737194001664,1e-07,down
1.4,0.38536530360579485,1e-07,down
1.2,0.35785421449691057,1e-07,down
1.0,0.375028216280043,1e-07,down
0.8,0.3718717787414789,1e-07,down
0.6,0.47548675443977106,1e-07,down
0.4,0.4484824622049927,1e-07,down
0.2,0.44382518716156477,1e-07,down
-0.0,0.032537046819925294,1e-07,down
-0.0,0.032537046819925294,1e-07,up
0.2,0.3788003646768629,1e-07,up
0.4,0.49088493455201376,1e-07,up
0.6,0.061027252115309225,1e-07,up
0.8,0.015529399388469738,1e-07,up
1.0,0.10823496617376803,1e-07,up
1.2,0.3486873082583769,1e-07,up
1.4,0.024982649832963937,1e-07,up
1.6,0.2841803063638508,1e-07,up
1.8,0.07026543933898209,1e-07,up
2.0,0.08437224477529522,1e-07,up
2.2,0.1796320579014718,1e-07,up
2.4,0.030380062758922563,1e-07,up
2.6,0.25652707787230605,1e-07,up
2.8,0.18658535275608298,1e-07,up
3.0,0.24599964474327857,1e-07,up
3.2,0.41190461628139013,1e-07,up
3.4,0.16049740649759764,1e-07,up
3.6,0.43939987849444145,1e-07,up
3.8,0.4988994539598933,1e-07,up
4.0,0.09351767413318154,1e-07,up
4.2,0.3882546192035078,1e-07,up
4.4,0.6265604365617036,1e-07,up
4.6,0.594862198922783,1e-07,up
4.8,0.6123441159725188,1e-07,up
5.0,0.65512203797698,1e-07,up
5.2,0.1703793182969093,1e-07,up
5.4,0.4269002107903361,1e-07,up
5.6,0.3998875319957732,1e-07,up
5.8,0.4506324026733636,1e-07,up
6.0,0.42608143435791124,1e-07,up
6.2,0.3196362312883138,1e-07,up
6.4,0.5328662947285919,1e-07,up
6.6,0.41903472417470755,1e-07,up
6.8,0.5033272067084907,1e-07,up
7.0,0.35188123956322664,1e-07,up
7.2,0.42687390372157086,1e-07,up
7.4,0.4438461419194936,1e-07,up
7.6,0.44101623632013787,1e-07,up
7.8,0.4211894217878579,1e-07,up
8.0,0.4180315155535935,1e-07,up
8.0,0.4786585979163646,1e-07,down
7.8,0.4769182882737367,1e-07,down
7.6,0.5730990229640155,1e-07,down
7.4,0.5301707070320844,1e-07,down
7.2,0.5152754597365855,1e-07,down
7.0,0.5020912811160086,1e-07,down
6.8,0.6808683155395555,1e-07,down
6.6,0.4003614308312534,1e-07,down
6.4,0.38650247314944863,1e-07,down
6.2,0.3486438114196061,1e-07,down
6.0,0.6525254407897592,1e-07,down
5.8,0.34290128201246256,1e-07,down
5.6,0.30637684464454645,1e-07,down
5.4,0.23581203073263163,1e-07,down
5.2,0.22827505320310587,1e-07,down
5.0,0.23763094842433927,1e-07,down
4.8,0.5207255594432353,1e-07,down
4.6,0.32927406579256047,1e-07,down
4.4,0.43980579078197474,1e-07,down
4.2,0.28269565303344274,1e-07,down
4.0,0.29996915906667704,1e-07,down
3.8,0.2692215591669082,1e-07,down
3.6,0.6689165085554122,1e-07,down
3.4,0.20971274562180037,1e-07,down
3.2,0.25059778615832323,1e-07,down
3.0,0.23874016106128687,1e-07,down
2.8,0.424936419352889,1e-07,down
2.6,0.5136759430170058,1e-07,down
2.4,0.36584751028567547,1e-07,down
2.2,0.04218574054539202,1e-07,down
2.0,0.2855039313435554,1e-07,down
1.8,0.25433494150638575,1e-07,down
1.6,0.2538957148790359,1e-07,down
1.4,0.3077352643013,1e-07,down
1.2,0.22755940258502957,1e-07,down
1.0,0.30736121535301203,1e-07,down
0.8,0.050878666341304765,1e-07,down
0.6,0.1825614385306835,1e-07,down
0.4,0.48973950743675226,1e-07,down
0.2,0.3950239829719066,1e-07,down
-0.0,0.5407451093196868,1e-07,down
-0.0,0.5407451093196868,1e-07,up
0.2,0.09350775182247159,1e-07,up
0.4,0.1746161580085754,1e-07,up
0.6,0.3980973586440086,1e-07,up
0.8,0.33117524534463877,1e-07,up
1.0,0.3377715721726417,1e-07,up
1.2,0.1581519395112991,1e-07,up
1.4,0.21371597051620478,1e-07,up
1.6,0.16458866000175476,1e-07,up
1.8,0.29050554335117335,1e-07,up
2.0,0.2531976774334907,1e-07,up
2.2,0.2978927865624427,1e-07,up
2.4,0.09441938996315001,1e-07,up
2.6,0.2426057010889053,1e-07,up
2.8,0.3301058560609817,1e-07,up
3.0,0.34442824870347966,1e-07,up
3.2,0.1653119325637817,1e-07,up
3.4,0.2740401923656463,1e-07,up
3.6,0.38693908788263787,1e-07,up
3.8,0.2974857306107878,1e-07,up
4.0,0.37188380956649775,1e-07,up
4.2,0.422117955982685,1e-07,up
4.4,0.38120398670434946,1e-07,up
4.6,0.4890018831938504,1e-07,up
4.8,0.25660501606762404,1e-07,up
5.0,0.4776620529592036,1e-07,up
5.2,0.5150276292115449,1e-07,up
5.4,0.2776194512844085,1e-07,up
5.6,0.40847774851135904,1e-07,up
5.8,0.24866716470569367,1e-07,up
6.0,0.46626875177025784,1e-07,up
6.2,0.4700322002172469,1e-07,up
6.4,0.437613486777991,1e-07,up
6.6,0.5440535037778317,1e-07,up
6.8,0.6790292263031005,1e-07,up
7.0,0.45817510993219907,1e-07,up
7.2,0.6561233345419167,1e-07,up
7.4,0.6211433131247758,1e-07,up
7.6,0.46492352057248343,1e-07,up
7.8,0.43749782536178816,1e-07,up
8.0,0.5339565051253884,1e-07,up
8.0,0.5217288527637719,1e-07,down
7.8,0.4759012274444102,1e-07,down
7.6,0.5806233957409858,1e-07,down
7.4,0.5553712639957665,1e-07,down
7.2,0.5056878589093684,1e-07,down
7.0,0.3817140758037566,1e-07,down
6.8,0.3556552436202764,1e-07,down
6.6,0.34714572504162783,1e-07,down
6.4,0.32865671813488,1e-07,down
6.2,0.5353857083246111,1e-07,down
6.0,0.40000037476420397,1e-07,down
5.8,0.32570414245128626,1e-07,down
5.6,0.3873492740094661,1e-07,down
5.4,0.3694244902580976,1e-07,down
5.2,0.27510682772845024,1e-07,down
5.0,0.3950403779745101,1e-07,down
4.8,0.3321998501196503,1e-07,down
4.6,0.40580548066645855,1e-07,down
4.4,0.27707824856042856,1e-07,down
4.2,0.20427911705337462,1e-07,down
4.0,0.3249731343239546,1e-07,down
3.8,0.3289516903460025,1e-07,down
3.6,0.3230308475904166,1e-07,down
3.4,0.20179035793989894,1e-07,down
3.2,0.2745186407119035,1e-07,down
3.0,0.36603884212672705,1e-07,down
2.8,0.41885302774608124,1e-07,down
2.6,0.34585969243198633,1e-07,down
2.4,0.5969832902774214,1e-07,down
2.2,0.46710017882287497,1e-07,down
2.0,0.4823728024493902,1e-07,down
1.8,0.04958841577172278,1e-07,down
1.6,0.1933785937726497,1e-07,down
1.4,0.2872690372169017,1e-07,down
1.2,0.2335391300730407,1e-07,down
1.0,0.025179399512126104,1e-07,down
0.8,0.2524635068839416,1e-07,down
0.6,0.4993805363774299,1e-07,down
0.4,0.08809694880619642,1e-07,down
0.2,0.18137931078672406,1e-07,down
-0.0,0.22334979660809035,1e-07,down
-0.0,0.22334979660809035,1e-07,up
0.2,0.14419850613921878,1e-07,up
0.4,0.08806767966598271,1e-07,up
0.6,0.29537684656679625,1e-07,up
0.8,0.32056452520191664,1e-07,up
1.0,-0.06545522063970564,1e-07,up
1.2,0.027752522379159913,1e-07,up
1.4,0.08464651741087435,1e-07,up
1.6,0.23131853342056272,1e-07,up
1.8,-0.04982168413698673,1e-07,up
2.0,0.12039778707548973,1e-07,up
2.2,0.08149211108684538,1e-07,up
2.4,0.20429207012057302,1e-07,up
2.6,0.32357801962643856,1e-07,up
2.8,-0.04718953697010874,1e-07,up
3.0,0.21870245179161424,1e-07,up
3.2,0.4356804601848125,1e-07,up
3.4,0.34494130685925484,1e-07,up
3.6,0.40475052222609514,1e-07,up
3.8,0.008259560912847507,1e-07,up
4.0,0.35519828088581556,1e-07,up
4.2,0.06562345288693903,1e-07,up
4.4,0.31733404286205763,1e-07,up
4.6,0.03292222786694764,1e-07,up
4.8,0.31668553687632084,1e-07,up
5.0,0.5389259681105613,1e-07,up
5.2,0.19427844695746893,1e-07,up
5.4,0.383550762431696,1e-07,up
5.6,0.545501086860895,1e-07,up
5.8,0.22849375009536738,1e-07,up
6.0,0.31258910149335856,1e-07,up
6.2,0.2996171005070209,1e-07,up
6.4,0.6053914446383714,1e-07,up
6.6,0.5433575119823216,1e-07,up
6.8,0.48331825854256744,1e-07,up
7.0,0.43375615589320654,1e-07,up
7.2,0.5630850754678248,1e-07,up
7.4,0.5285902954638003,1e-07,up
7.6,0.6042381636798381,1e-07,up
7.8,0.43105260375887144,1e-07,up
8.0,0.5246176213549915,1e-07,up
8.0,0.4768989887088536,1e-07,down
7.8,0.47172628343105305,1e-07,down
7.6,0.47151731327176083,1e-07,down
7.4,0.4432564452290534,1e-07,down
7.2,0.44085566699504847,1e-07,down
7.0,0.42042707651853556,1e-07,down
6.8,0.6018068408593534,1e-07,down
6.6,0.5495857312344014,1e-07,down
6.4,0.3282228112220763,1e-07,down
6.2,0.4909862298518418,1e-07,down
6.0,0.4178302057553082,1e-07,down
5.8,0.5454205591231582,1e-07,down
5.6,0.27069292403757567,1e-07,down
5.4,0.32861507870256895,1e-07,down
5.2,0.3255029269494116,1e-07,down
5.0,0.1479915492236614,1e-07,down
4.8,0.28968817600980395,1e-07,down
4.6,0.16702457889914507,1e-07,down
4.4,0.24365768209099767,1e-07,down
4.2,0.1482841297984123,1e-07,down
4.0,0.45850490406155575,1e-07,down
3.8,0.30016935802996153,1e-07,down
3.6,0.20931166689842934,1e-07,down
3.4,0.3007162939757108,1e-07,down
3.2,0.25511016417294735,1e-07,down
3.0,0.28056148625910277,1e-07,down
2.8,0.18371647037565703,1e-07,down
2.6,0.3829241795465349,1e-07,down
2.4,0.21406133286654944,1e-07,down
2.2,0.3629201520234346,1e-07,down
2.0,0.35131643153727043,1e-07,down
1.8,0.15471066720783705,1e-07,down
1.6,0.28310146508738393,1e-07,down
1.4,0.4388291798532008,1e-07,down
1.2,0.2563714832067489,1e-07,down
1.0,0.32872189796762535,1e-07,down
0.8,0.42949236743152136,1e-07,down
0.6,0.20273534581065175,1e-07,down
0.4,0.2631119098514318,1e-07,down
0.2,0.5105063912924378,1e-07,down
-0.0,0.21192423254251475,1e-07,down
-0.0,0.21192423254251475,1e-07,up
0.2,0.23409087210893625,1e-07,up
0.4,0.4819002309814095,1e-07,up
0.6,0.21265781065449113,1e-07,up
0.8,0.18480557203292844,1e-07,up
1.0,0.21900031343102452,1e-07,up
1.2,0.014313377439975735,1e-07,up
1.4,0.1930010169744491,1e-07,up
1.6,0.5552783161401748,1e-07,up
1.8,0.06346973963081835,1e-07,up
2.0,0.2831012019887566,1e-07,up
2.2,0.22457579756155607,1e-07,up
2.4,0.4949182402342557,1e-07,up
2.6,0.06943213380873202,1e-07,up
2.8,0.23076761141419408,1e-07,up
3.0,0.4647998251020907,1e-07,up
3.2,0.19918335229158396,1e-07,up
3.4,0.3017117697745561,1e-07,up
3.6,0.23633324727416033,1e-07,up
3.8,0.2500318095553666,1e-07,up
4.0,0.418787766713649,1e-07,up
4.2,0.3970693284645676,1e-07,up
4.4,0.549144385382533,1e-07,up
4.6,0.15853125741705296,1e-07,up
4.8,0.40740328468382353,1e-07,up
5.0,0.14133041538298127,1e-07,up
5.2,0.4279577231500297,1e-07,up
5.4,0.27052870579063887,1e-07,up
5.6,0.350059738382697,1e-07,up
5.8,0.3920268528163432,1e-07,up
6.0,0.35979885456617916,1e-07,up
6.2,0.5496851844945921,1e-07,up
6.4,0.6137394160032271,1e-07,up
6.6,0.5729336133226751,1e-07,up
6.8,0.34783957153558726,1e-07,up
7.0,0.415453940629959,1e-07,up
7.2,0.5832358952611684,1e-07,up
7.4,0.48698679357767094,1e-07,up
7.6,0.45203092641895626,1e-07,up
7.8,0.5273234050255268,1e-07,up
8.0,0.44967696256935585,1e-07,up
8.0,0.48654959164559836,1e-07,down
7.8,0.5395479481667279,1e-07,down
7.6,0.5654633287340401,1e-07,down
7.4,0.5814262572675942,1e-07,down
7.2,0.45119207212701434,1e-07,down
7.0,0.5755574814975261,1e-07,down
6.8,0.6083668051287531,1e-07,down
6.6,0.39543860964477057,1e-07,down
6.4,0.448305245488882,1e-07,down
6.2,0.6019446220016106,1e-07,down
6.0,0.27333834022283543,1e-07,down
5.8,0.38768078386783594,1e-07,down
5.6,0.5831958637572824,1e-07,down
5.4,0.4715920574963092,1e-07,down
5.2,0.4963161357445642,1e-07,down
5.0,0.3199804536998271,1e-07,down
4.8,0.31628613499924535,1e-07,down
4.6,0.4496744330972432,1e-07,down
4.4,0.4823441097978502,1e-07,down
4.2,0.218451552093029,1e-07,down
4.0,0.28181010996922845,1e-07,down
3.8,0.13101755268871781,1e-07,down
3.6,0.4402632229030132,1e-07,down
3.4,0.40181865822523827,1e-07,down
3.2,0.4466443806886672,1e-07,down
3.0,0.1505072098225355,1e-07,down
2.8,0.37175039201974863,1e-07,down
2.6,0.38294649287126953,1e-07,down
2.4,0.156787040643394,1e-07,down
2.2,0.35334337688982476,1e-07,down
2.0,0.3584294132888316,1e-07,down
1.8,0.2747883796691894,1e-07,down
1.6,0.4130572620779275,1e-07,down
1.4,0.2554682261543348,1e-07,down
1.2,0.24625585111789403,1e-07,down
1.0,0.1978377969935536,1e-07,down
0.8,0.40318703372031445,1e-07,down
0.6,0.332519294694066,1e-07,down
0.4,0.3721983060240745,1e-07,down
0.2,0.28508326876908535,1e-07,down
-0.0,0.2796609513461589,1e-07,down
-0.0,0.2796609513461589,1e-07,up
0.2,0.26577960234135384,1e-07,up
0.4,0.2214974020607769,1e-07,up
0.6,0.19968363642692563,1e-07,up
0.8,0.04446303099393844,1e-07,up
1.0,0.12816292978823182,1e-07,up
1.2,0.2565864389762282,1e-07,up
1.4,0.1207822653086623,1e-07,up
1.6,0.21415626187808806,1e-07,up
1.8,0.1576193859800696,1e-07,up
2.0,0.2714219223707914,1e-07,up
2.2,0.25197478150948877,1e-07,up
2.4,0.2542117573320865,1e-07,up
2.6,0.2457190234563313,1e-07,up
2.8,0.3213863614946603,1e-07,up
3.0,0.245622718706727,1e-07,up
3.2,0.19274135306477544,1e-07,up
3.4,0.32884404528886074,1e-07,up
3.6,0.2971079922281205,1e-07,up
3.8,0.3453821339644491,1e-07,up
4.0,0.16743431519716975,1e-07,up
4.2,0.35711451526731247,1e-07,up
4.4,0.29188541229814285,1e-07,up
4.6,0.3297674432396889,1e-07,up
4.8,0.1596567102242261,1e-07,up
5.0,0.4188819788396358,1e-07,up
5.2,0.37213152926415194,1e-07,up
5.4,0.5012227019760757,1e-07,up
5.6,0.15155783854424948,1e-07,up
5.8,0.28008460113778705,1e-07,up
6.0,0.41798804688733066,1e-07,up
6.2,0.4282020928803831,1e-07,up
6.4,0.5625035520642996,1e-07,up
6.6,0.5525959748774766,1e-07,up
6.8,0.59771940857172,1e-07,up
7.0,0.537749983370304,1e-07,up
7.2,0.5754692484624683,1e-07,up
7.4,0.5712094716727733,1e-07,up
7.6,0.4621800801251083,1e-07,up
7.8,0.5762113463133572,1e-07,up
8.0,0.5384745821356772,1e-07,up
8.0,0.47625454119406635,1e-07,down
7.8,0.5765512911602854,1e-07,down
7.6,0.45202945545315737,1e-07,down
7.4,0.4722618535161017,1e-07,down
7.2,0.6211832240223883,1e-07,down
7.0,0.4863484036177396,1e-07,down
6.8,0.4373643938452005,1e-07,down
6.6,0.6444735936820505,1e-07,down
6.4,0.4463116321712732,1e-07,down
6.2,0.4899457432329654,1e-07,down
6.0,0.2574180774390697,1e-07,down
5.8,0.3509057275950908,1e-07,down
5.6,0.233952946960926,1e-07,down
5.4,0.3251457270234823,1e-07,down
5.2,0.33588184975087637,1e-07,down
5.0,0.42456636391580094,1e-07,down
4.8,0.308692829683423,1e-07,down
4.6,0.45106672542169685,1e-07,down
4.4,0.3383236490190028,1e-07,down
4.2,0.3172476976178586,1e-07,down
4.0,0.3641642786096781,1e-07,down
3.8,0.3010677185375243,1e-07,down
3.6,0.3936114348471164,1e-07,down
3.4,0.30012760963290924,1e-07,down
3.2,0.4158871499821543,1e-07,down
3.0,0.15910066105425355,1e-07,down
2.8,0.27188215916976327,1e-07,down
2.6,0.276525629684329,1e-07,down
2.4,0.25559527985751623,1e-07,down
2.2,0.27382867410778994,1e-07,down
2.0,0.3930024588480591,1e-07,down
1.8,0.17185560427606103,1e-07,down
1.6,0.3372353548184036,1e-07,down
1.4,0.13799276202917096,1e-07,down
1.2,0.413134794216603,1e-07,down
1.0,0.3028787449002265,1e-07,down
0.8,0.14580054208636284,1e-07,down
0.6,0.3654845356941223,1e-07,down
0.4,0.44137281645089377,1e-07,down
0.2,0.5109564922749995,1e-07,down
-0.0,0.19842103123664853,1e-07,down
-0.0,0.19842103123664853,1e-07,up
0.2,0.20444072503596541,1e-07,up
0.4,0.23372452287003395,1e-07,up
0.6,0.14831902901642022,1e-07,up
0.8,0.10826852824538945,1e-07,up
1.0,0.15553564927540717,1e-07,up
1.2,0.2850010846741497,1e-07,up
1.4,0.20638420176692304,1e-07,up
1.6,0.33848627231782297,1e-07,up
1.8,0.17333000851795075,1e-07,up
2.0,0.3968247579177841,1e-07,up
2.2,0.14951091306284067,1e-07,up
2.4,0.16734927101060745,1e-07,up
2.6,0.2636501723900437,1e-07,up
2.8,0.2272009160369634,1e-07,up
3.0,0.3852769415825605,1e-07,up
3.2,0.32831196114420885,1e-07,up
3.4,0.3968141749501228,1e-07,up
3.6,0.19802555255591864,1e-07,up
3.8,0.23029360547661779,1e-07,up
4.0,0.2745217606425285,1e-07,up
4.2,0.2692042216658592,1e-07,up
4.4,0.26541516277939076,1e-07,up
4.6,0.26807675929740066,1e-07,up
4.8,0.5157775841653346,1e-07,up
5.0,0.17066297866404054,1e-07,up
5.2,0.3001678511500358,1e-07,up
5.4,0.36800416652113194,1e-07,up
5.6,0.26466998737305397,1e-07,up
5.8,0.4766650914680212,1e-07,up
6.0,0.48789733834564675,1e-07,up
6.2,0.19963493896648282,1e-07,up
6.4,0.4979546358808874,1e-07,up
6.6,0.46219108439981926,1e-07,up
6.8,0.37707082927227015,1e-07,up
7.0,0.42458863556385035,1e-07,up
7.2,0.44791747629642475,1e-07,up
7.4,0.5991266258060931,1e-07,up
7.6,0.5725922752171754,1e-07,up
7.8,0.452280856668949,1e-07,up
8.0,0.4524914696812629,1e-07,up
8.0,0.4889968701172619,1e-07,down
7.8,0.4194298489019274,1e-07,down
7.6,0.45255543291568745,1e-07,down
7.4,0.41365059278905386,1e-07,down
7.2,0.42971695214509953,1e-07,down
7.0,0.36322742799529806,1e-07,down
6.8,0.5130436718463897,1e-07,down
6.6,0.48900237306952465,1e-07,down
6.4,0.39062350243329996,1e-07,down
6.2,0.3628491330891847,1e-07,down
6.0,0.5367473606020211,1e-07,down
5.8,0.4023822899907827,1e-07,down
5.6,0.1762845357879996,1e-07,down
5.4,0.35777718201279635,1e-07,down
5.2,0.2518681418150663,1e-07,down
5.0,0.18384656589478252,1e-07,down
4.8,0.48257965967059124,1e-07,down
4.6,0.32313122600316996,1e-07,down
4.4,0.35160518437623967,1e-07,down
4.2,0.33770890906453127,1e-07,down
4.0,0.20033705420792097,1e-07,down
3.8,0.32486091926693905,1e-07,down
3.6,0.37168282549828285,1e-07,down
3.4,0.33296474069356913,1e-07,down
3.2,0.4759188154712318,1e-07,down
3.0,0.4424894340336322,1e-07,down
2.8,0.47419666871428484,1e-07,down
2.6,0.08722196891903876,1e-07,down
2.4,0.44787967950105656,1e-07,down
2.2,0.7395331654697656,1e-07,down
2.0,0.1740322615951299,1e-07,down
1.8,0.5382481552660464,1e-07,down
1.6,0.05544568970799444,1e-07,down
1.4,0.06500505656003948,1e-07,down
1.2,0.5150403706356882,1e-07,down
1.0,-0.13244022615253923,1e-07,down
0.8,0.13547322340309614,1e-07,down
0.6,0.06707953102886674,1e-07,down
0.4,0.09005868504755195,1e-07,down
0.2,0.15363096073269839,1e-07,down
-0.0,0.47141004074364895,1e-07,down
-0.0,0.47141004074364895,1e-07,up
0.2,0.5506406873464583,1e-07,up
0.4,0.11498736590147014,1e-07,up
0.6,0.46674194931983937,1e-07,up
0.8,0.8480047509074209,1e-07,up
1.0,0.5702237202785909,1e-07,up
1.2,-0.12594849430024624,1e-07,up
1.4,0.43247285671532154,1e-07,up
1.6,-0.11508115008473396,1e-07,up
1.8,0.4760882169939577,1e-07,up
2.0,-0.04965654946863653,1e-07,up
2.2,0.19358427263796324,1e-07,up
2.4,0.11318948492407796,1e-07,up
2.6,0.2903944421559571,1e-07,up
2.8,0.17863170837517822,1e-07,up
3.0,0.4995362404733895,1e-07,up
3.2,0.6302903089672326,1e-07,up
3.4,0.6947911456227301,1e-07,up
3.6,0.6395018761977552,1e-07,up
3.8,0.6400519907474518,1e-07,up
4.0,0.6865104548633097,1e-07,up
4.2,0.027308274060487744,1e-07,up
4.4,0.32813915796577925,1e-07,up
4.6,0.525159847922623,1e-07,up
4.8,0.1040475061163306,1e-07,up
5.0,0.5337572190910577,1e-07,up
5.2,0.6473672371357678,1e-07,up
5.4,0.15375579148530955,1e-07,up
5.6,0.276829607784748,1e-07,up
5.8,0.3696512132883072,1e-07,up
6.0,0.40073634497821325,1e-07,up
6.2,0.4744143858551978,1e-07,up
6.4,0.371690603904426,1e-07,up
6.6,0.369092239649035,1e-07,up
6.8,0.37613891623914236,1e-07,up
7.0,0.43324977904558176,1e-07,up
7.2,0.5202088002115487,1e-07,up
7.4,0.4660994820296764,1e-07,up
7.6,0.4314479194581508,1e-07,up
7.8,0.47528837248682965,1e-07,up
8.0,0.523156496696174,1e-07,up
8.0,0.4888185188174247,1e-07,down
7.8,0.4680995736271142,1e-07,down
7.6,0.5215978696942328,1e-07,down
7.4,0.5660174701770301,1e-07,down
7.2,0.5755363535135983,1e-07,down
7.0,0.47571226954460133,1e-07,down
6.8,0.583427091129124,1e-07,down
6.6,0.39024880155920977,1e-07,down
6.4,0.5275590978562831,1e-07,down
6.2,0.36403836309909815,1e-07,down
6.0,0.3658829033374785,1e-07,down
5.8,0.4859047837089746,1e-07,down
5.6,0.36371826846152533,1e-07,down
5.4,0.22545134648680684,1e-07,down
5.2,0.4055714979767799,1e-07,down
5.0,0.3540593497455119,1e-07,down
4.8,0.44567423313856114,1e-07,down
4.6,0.3676346242427825,1e-07,down
4.4,0.3514367267489432,1e-07,down
4.2,0.17007808759808535,1e-07,down
4.0,0.2652197033166885,1e-07,down
3.8,0.5613636150956153,1e-07,down
3.6,0.5769867827184497,1e-07,down
3.4,0.4496975690126418,1e-07,down
3.2,0.45334830880165095,1e-07,down
3.0,0.15355572104454038,1e-07,down
2.8,0.2559747248888015,1e-07,down
2.6,0.19824537634849548,1e-07,down
2.4,0.13608087599277494,1e-07,down
2.2,0.20681285858154294,1e-07,down
2.0,0.6517436765134333,1e-07,down
1.8,0.4771253466606139,1e-07,down
1.6,0.6303721964359283,1e-07,down
1.4,0.4816159531474113,1e-07,down
1.2,-0.010018557310104368,1e-07,down
1.0,0.3331053107976913,1e-07,down
0.8,0.5712477061897515,1e-07,down
0.6,0.09399273071903733,1e-07,down
0.4,0.4728641267865895,1e-07,down
0.2,0.032844504341483116,1e-07,down
-0.0,0.46866208687424654,1e-07,down
-0.0,0.46866208687424654,1e-07,up
0.2,-0.07062129676342009,1e-07,up
0.4,0.2217847667634487,1e-07,up
0.6,0.19385849591344592,1e-07,up
0.8,0.109003871679306,1e-07,up
1.0,0.20944313984364266,1e-07,up
1.2,0.07248751819133757,1e-07,up
1.4,0.2024785336107015,1e-07,up
1.6,0.03868202865123748,1e-07,up
1.8,0.3226642161607742,1e-07,up
2.0,0.6312067219987512,1e-07,up
2.2,-0.10378442797809838,1e-07,up
2.4,0.4222484324127435,1e-07,up
2.6,-0.1433800123631954,1e-07,up
2.8,0.12830786779522893,1e-07,up
3.0,0.06739384867250915,1e-07,up
3.2,0.3057798463851213,1e-07,up
3.4,0.6604301445186137,1e-07,up
3.6,-0.03737904876470565,1e-07,up
3.8,0.32351428270339955,1e-07,up
4.0,0.4571399260312318,1e-07,up
4.2,0.5887444093823432,1e-07,up
4.4,0.06419618427753446,1e-07,up
4.6,0.16409813240170473,1e-07,up
4.8,0.2639729902148246,1e-07,up
5.0,0.37413147836923594,1e-07,up
5.2,0.2660600990056991,1e-07,up
5.4,0.3906442448496818,1e-07,up
5.6,0.27514499425888056,1e-07,up
5.8,0.37132095173001284,1e-07,up
6.0,0.4401878342032432,1e-07,up
6.2,0.41364696621894825,1e-07,up
6.4,0.29195144772529596,1e-07,up
6.6,0.4661148777231573,1e-07,up
6.8,0.5546927228569983,1e-07,up
7.0,0.43949117511510843,1e-07,up
7.2,0.4166185483336448,1e-07,up
7.4,0.5477984733879565,1e-07,up
7.6,0.4420715542510151,1e-07,up
7.8,0.46385198831558216,1e-07,up
8.0,0.48732062429189676,1e-07,up
8.0,0.5097232740372418,1e-07,down
7.8,0.5753967966884374,1e-07,down
7.6,0.5647919438779353,1e-07,down
7.4,0.5707756560295819,1e-07,down
7.2,0.45140090712811787,1e-07,down
7.0,0.5798924076370894,1e-07,down
6.8,0.6413228474557399,1e-07,down
6.6,0.60310941375792,1e-07,down
6.4,0.3517983183264732,1e-07,down
6.2,0.48393049603328103,1e-07,down
6.0,0.4458588762208819,1e-07,down
5.8,0.5634374488145112,1e-07,down
5.6,0.2683266177773475,1e-07,down
5.4,0.47141724196262647,1e-07,down
5.2,0.3338169809430837,1e-07,down
5.0,0.3151404075324534,1e-07,down
4.8,0.29963441565632815,1e-07,down
4.6,0.5079901199787854,1e-07,down
4.4,0.30045550689101214,1e-07,down
4.2,0.2420762106776237,1e-07,down
4.0,0.23752959072589871,1e-07,down
3.8,0.20368882641196248,1e-07,down
3.6,0.4065921725705265,1e-07,down
3.4,0.2544594437349587,1e-07,down
3.2,0.17386689502745864,1e-07,down
3.0,0.30315872398205096,1e-07,down
2.8,0.3243064566049724,1e-07,down
2.6,0.3055027415975928,1e-07,down
2.4,0.26539171859621996,1e-07,down
2.2,0.42375477263703937,1e-07,down
2.0,0.31426697038114065,1e-07,down
1.8,0.33639258518815035,1e-07,down
1.6,0.32925542723387474,1e-07,down
1.4,0.02408748213201761,1e-07,down
1.2,0.22192769497632978,1e-07,down
1.0,0.19704052805900568,1e-07,down
0.8,0.32198909297585476,1e-07,down
0.6,0.20829638093709943,1e-07,down
0.4,0.17081994190812105,1e-07,down
0.2,0.26713897287845606,1e-07,down
-0.0,-0.05051226168870926,1e-07,down
-0.0,-0.05051226168870926,1e-07,up
0.2,0.28043613955378527,1e-07,up
0.4,-0.03662522882223129,1e-07,up
0.6,0.2846225462853908,1e-07,up
0.8,-0.053680602461099625,1e-07,up
1.0,0.2333133071660995,1e-07,up
1.2,0.3809263966977596,1e-07,up
1.4,0.02638732269406317,1e-07,up
1.6,0.30779425706714386,1e-07,up
1.8,0.32310197036713356,1e-07,up
2.0,-0.02460176683962345,1e-07,up
2.2,0.15218070708215234,1e-07,up
2.4,0.02748868055641649,1e-07,up
2.6,0.2956864051520824,1e-07,up
2.8,-0.04534460231661796,1e-07,up
3.0,0.1858221925795078,1e-07,up
3.2,0.39397153630852694,1e-07,up
3.4,0.1446025213226676,1e-07,up
3.6,0.32955205440521235,1e-07,up
3.8,0.4236229788511991,1e-07,up
4.0,0.03276330698281525,1e-07,up
4.2,0.43732864013873035,1e-07,up
4.4,0.1558810770511627,1e-07,up
4.6,0.3085891809314489,1e-07,up
4.8,0.2795108780264854,1e-07,up
5.0,0.38103588577359904,1e-07,up
5.2,0.38151484727859486,1e-07,up
5.4,0.5630103321745991,1e-07,up
5.6,0.6673093053977934,1e-07,up
5.8,0.5014785015955566,1e-07,up
6.0,0.28021088242530817,1e-07,up
6.2,0.524625590071082,1e-07,up
6.4,0.47951722703874106,1e-07,up
6.6,0.346010711044073,1e-07,up
6.8,0.5514615718275307,1e-07,up
7.0,0.6261722713243215,1e-07,up
7.2,0.6363918893039225,1e-07,up
7.4,0.6029218391049652,1e-07,up
7.6,0.40272254869341845,1e-07,up
7.8,0.49887991137802595,1e-07,up
8.0,0.5113350898027419,1e-07,up
8.0,0.5195173360407351,1e-07,down
7.8,0.5806230790913104,1e-07,down
7.6,0.4731715396046638,1e-07,down
7.4,0.522609308362007,1e-07,down
7.2,0.6367573551833628,1e-07,down
7.0,0.4475157884880899,1e-07,down
6.8,0.4327384138014167,1e-07,down
6.6,0.36594459228217596,1e-07,down
6.4,0.5717494226992129,1e-07,down
6.2,0.3866776153445243,1e-07,down
6.0,0.3158792778849601,1e-07,down
5.8,0.3215691074728965,1e-07,down
5.6,0.21117477118968958,1e-07,down
5.4,0.39882929692976166,1e-07,down
5.2,0.32076781988143915,1e-07,down
5.0,0.22569632530212397,1e-07,down
4.8,0.3160375878214835,1e-07,down
4.6,0.1359714977443218,1e-07,down
4.4,0.19668485410511488,1e-07,down
4.2,0.3211489245295524,1e-07,down
4.0,0.27695107460021967,1e-07,down
3.8,0.39375422149896616,1e-07,down
3.6,0.11590534448623654,1e-07,down
3.4,0.24036791920661923,1e-07,down
3.2,0.13306446000933647,1e-07,down
3.0,0.059534057974815355,1e-07,down
2.8,0.23644953221082682,1e-07,down
2.6,0.21752421557903287,1e-07,down
2.4,0.3686890825629234,1e-07,down
2.2,0.5082641351036726,1e-07,down
2.0,0.12912383303046224,1e-07,down
1.8,0.21837870031595225,1e-07,down
1.6,0.1741090416908264,1e-07,down
1.4,0.5730117969214915,1e-07,down
1.2,0.3364061657339334,1e-07,down
1.0,0.35830347239971155,1e-07,down
0.8,0.7017565928399561,1e-07,down
0.6,0.36146269366145134,1e-07,down
0.4,0.41861765831708897,1e-07,down
0.2,0.528772048652172,1e-07,down
-0.0,0.040938057354651364,1e-07,down
-0.0,0.040938057354651364,1e-07,up
0.2,0.3628893820568918,1e-07,up
0.4,0.04113136697560548,1e-07,up
0.6,0.3746016323566436,1e-07,up
0.8,0.3642585892230271,1e-07,up
1.0,0.3707056236453354,1e-07,up
1.2,0.07068308629095553,1e-07,up
1.4,0.0434836521744728,1e-07,up
1.6,0.20729464665055272,1e-07,up
1.8,0.3628645986318587,1e-07,up
2.0,0.059005623217672096,1e-07,up
2.2,0.2986593628302216,1e-07,up
2.4,0.02535613719373941,1e-07,up
2.6,0.10362371429800986,1e-07,up
2.8,0.16627181088551873,1e-07,up
3.0,0.3004122064448893,1e-07,up
3.2,0.08344158995896576,1e-07,up
3.4,0.2671832405030727,1e-07,up
3.6,0.1309834765270352,1e-07,up
3.8,0.25083503872156143,1e-07,up
4.0,0.4232023777440189,1e-07,up
4.2,0.0458766222000122,1e-07,up
4.4,0.15613003750331697,1e-07,up
4.6,0.2351036258041858,1e-07,up
4.8,0.1041283197700977,1e-07,up
5.0,0.21321665495634076,1e-07,up
5.2,0.3788903355598449,1e-07,up
5.4,0.569269461557269,1e-07,up
5.6,0.525742330122739,1e-07,up
5.8,0.47070982865989197,1e-07,up
6.0,0.4530573589727282,1e-07,up
6.2,0.2734174579381942,1e-07,up
6.4,0.36747153103351593,1e-07,up
6.6,0.3215943127870559,1e-07,up
6.8,0.5775788156315683,1e-07,up
7.0,0.41453559137880797,1e-07,up
7.2,0.610209329985082,1e-07,up
7.4,0.5254124253988265,1e-07,up
7.6,0.6383726476924493,1e-07,up
7.8,0.4650263218209147,1e-07,up
8.0,0.484067209472414,1e-07,up
8.0,0.5572149076033384,1e-07,down
7.8,0.5828167218714951,1e-07,down
7.6,0.6345729716122149,1e-07,down
7.4,0.6188973789103328,1e-07,down
7.2,0.6053051305934786,1e-07,down
7.0,0.42606001836247737,1e-07,down
6.8,0.5975283887237309,1e-07,down
6.6,0.44514522328972805,1e-07,down
6.4,0.5261403722688555,1e-07,down
6.2,0.3966703712940215,1e-07,down
6.0,0.4011743019800632,1e-07,down
5.8,0.32943655923008913,1e-07,down
5.6,0.5489840330556034,1e-07,down
5.4,0.45904829911887635,1e-07,down
5.2,0.2538588689640164,1e-07,down
5.0,0.3626518389210105,1e-07,down
4.8,0.44787464849650854,1e-07,down
4.6,0.5584507575258612,1e-07,down
4.4,0.4349173316732049,1e-07,down
4.2,0.14612325280904767,1e-07,down
4.0,0.2630703896284103,1e-07,down
3.8,0.4969996036961674,1e-07,down
3.6,0.3782874587923287,1e-07,down
3.4,0.34116144655854436,1e-07,down
3.2,0.28626481024548406,1e-07,down
3.0,0.2784973294474184,1e-07,down
2.8,0.427727274596691,1e-07,down
2.6,0.22482752054929728,1e-07,down
2.4,0.21762405335903165,1e-07,down
2.2,0.41725283116102213,1e-07,down
2.0,0.41018806025385846,1e-07,down
1.8,0.18488344550132746,1e-07,down
1.6,0.5767900310456752,1e-07,down
1.4,0.6121868710033594,1e-07,down
1.2,0.6833965368568895,1e-07,down
1.0,0.7123627737164495,1e-07,down
0.8,0.0704885609447956,1e-07,down
0.6,0.3487109364941715,1e-07,down
0.4,0.343890381976962,1e-07,down
0.2,0.6344184726476668,1e-07,down
-0.0,0.47372806677594775,1e-07,down
-0.0,0.47372806677594775,1e-07,up
0.2,0.5038818649481981,1e-07,up
0.4,0.4830070752650499,1e-07,up
0.6,0.019514001905918107,1e-07,up
0.8,0.21936742961406702,1e-07,up
1.0,0.20763814123347396,1e-07,up
1.2,0.26568289892748,1e-07,up
1.4,0.37353365123271937,1e-07,up
1.6,0.3298538336530327,1e-07,up
1.8,0.1758289268473163,1e-07,up
2.0,0.32591487094759936,1e-07,up
2.2,0.22445044480264184,1e-07,up
2.4,0.26172603294253344,1e-07,up
2.6,0.32131442544050515,1e-07,up
2.8,0.24966854229569432,1e-07,up
3.0,0.2698867563158273,1e-07,up
3.2,0.2506786694284528,1e-07,up
3.4,0.4613705165684222,1e-07,up
3.6,0.31719802226871247,1e-07,up
3.8,0.4290323872119187,1e-07,up
4.0,0.4440838959999382,1e-07,up
4.2,0.2510616346262395,1e-07,up
4.4,0.2590226931497454,1e-07,up
4.6,0.2582906307652592,1e-07,up
4.8,0.3295381031930446,1e-07,up
5.0,0.5323718739673494,1e-07,up
5.2,0.19342976063489908,1e-07,up
5.4,0.4595492929220199,1e-07,up
5.6,0.34746614424511785,1e-07,up
5.8,0.4282587063498794,1e-07,up
6.0,0.425804472528398,1e-07,up
6.2,0.4491091141971992,1e-07,up
6.4,0.5897446833550929,1e-07,up
6.6,0.3170718029141425,1e-07,up
6.8,0.5872423695400356,1e-07,up
7.0,0.5300206544925459,1e-07,up
7.2,0.4089343100786208,1e-07,up
7.4,0.5375791037222369,1e-07,up
7.6,0.5157925477251409,1e-07,up
7.8,0.4941144781187176,1e-07,up
8.0,0.4942491417750715,1e-07,up
8.0,0.48753179050981993,1e-07,down
7.8,0.4096082411706447,1e-07,down
7.6,0.44144909456372255,1e-07,down
7.4,0.4399459473788737,1e-07,down
7.2,0.4907362428493797,1e-07,down
7.0,0.435213932301849,1e-07,down
6.8,0.4617707505822181,1e-07,down
6.6,0.29618859291076655,1e-07,down
6.4,0.4786550607532262,1e-07,down
6.2,0.3738694433122873,1e-07,down
6.0,0.3784193247556686,1e-07,down
5.8,0.4269403351936489,1e-07,down
5.6,0.2843543272465467,1e-07,down
5.4,0.2676426246762275,1e-07,down
5.2,0.21306908130645746,1e-07,down
5.0,0.4551430287538095,1e-07,down
4.8,0.35940767498686904,1e-07,down
4.6,0.1512610502541065,1e-07,down
4.4,0.2906739749014377,1e-07,down
4.2,0.21763593703508374,1e-07,down
4.0,0.20794029161334035,1e-07,down
3.8,0.42031343933194865,1e-07,down
3.6,0.3177210018038749,1e-07,down
3.4,0.11315625905990599,1e-07,down
3.2,0.4340608147904276,1e-07,down
3.0,0.3948530834168195,1e-07,down
2.8,0.4393471158109605,1e-07,down
2.6,0.24953772802837187,1e-07,down
2.4,0.31131092109717423,1e-07,down
2.2,0.3055905769579112,1e-07,down
2.0,0.40613957960158575,1e-07,down
1.8,0.3551459121517836,1e-07,down
1.6,0.5569271817803382,1e-07,down
1.4,0.1760701388120651,1e-07,down
1.2,0.26591006293892855,1e-07,down
1.0,0.2878069765865802,1e-07,down
0.8,0.42055129632353777,1e-07,down
0.6,0.18486496713012454,1e-07,down
0.4,0.4320225869305431,1e-07,down
0.2,0.5619931425899266,1e-07,down
-0.0,0.16229396685957906,1e-07,down
-0.0,0.16229396685957906,1e-07,up
0.2,0.4674318470060824,1e-07,up
0.4,0.2403227710165083,1e-07,up
0.6,0.29181486740708346,1e-07,up
0.8,0.39429578231647605,1e-07,up
1.0,0.10550605133175849,1e-07,up
1.2,0.2545954659581184,1e-07,up
1.4,0.2801619488745927,1e-07,up
1.6,0.22546096891164774,1e-07,up
1.8,0.3536071954295038,1e-07,up
2.0,0.15808380651287735,1e-07,up
2.2,0.23612824268639082,1e-07,up
2.4,0.26302489265799517,1e-07,up
2.6,0.1659884937107563,1e-07,up
2.8,0.31124436482787127,1e-07,up
3.0,0.4935599397867917,1e-07,up
3.2,0.37014194764196867,1e-07,up
3.4,0.48418075218796724,1e-07,up
3.6,0.23135542869567866,1e-07,up
3.8,0.3268310599960387,1e-07,up
4.0,0.4507263037376105,1e-07,up
4.2,0.2750356867909431,1e-07,up
4.4,0.35407738387584675,1e-07,up
4.6,0.2470175921916961,1e-07,up
4.8,0.48174474947154516,1e-07,up
5.0,0.44346140231937153,1e-07,up
5.2,0.21262782067060465,1e-07,up
5.4,0.4776517953723668,1e-07,up
5.6,0.2623472455888986,1e-07,up
5.8,0.47531855851411814,1e-07,up
6.0,0.44640429783612484,1e-07,up
6.2,0.21246033301576966,1e-07,up
6.4,0.3541439610999077,1e-07,up
6.6,0.3474717121571302,1e-07,up
6.8,0.477293737232685,1e-07,up
7.0,0.3784990459680556,1e-07,up
7.2,0.5512267677113413,1e-07,up
7.4,0.4321289916988461,1e-07,up
7.6,0.4217099538072943,1e-07,up
7.8,0.400253799278289,1e-07,up
8.0,0.43790442007593805,1e-07,up
8.0,0.45651935413479794,1e-07,down
7.8,0.5006990910042076,1e-07,down
7.6,0.5219795387238263,1e-07,down
7.4,0.45032502803951496,1e-07,down
7.2,0.5452562852296977,1e-07,down
7.0,0.45459613204002375,1e-07,down
6.8,0.5304286256432532,1e-07,down
6.6,0.6004511658102273,1e-07,down
6.4,0.4760747402906417,1e-07,down
6.2,0.5037798811681568,1e-07,down
6.0,0.591818731278181,1e-07,down
5.8,0.5020952727645634,1e-07,down
5.6,0.14840801851823923,1e-07,down
5.4,0.28932147892192006,1e-07,down
5.2,0.4933546036481857,1e-07,down
5.0,0.16364686936140055,1e-07,down
4.8,0.22146633639931676,1e-07,down
4.6,0.4167549666017293,1e-07,down
4.4,0.3985258108004927,1e-07,down
4.2,0.41480527911335224,1e-07,down
4.0,0.3314023143611848,1e-07,down
3.8,0.12871108204126355,1e-07,down
3.6,0.2625276166945696,1e-07,down
3.4,0.2598397033289075,1e-07,down
3.2,0.24178237468004224,1e-07,down
3.0,0.38065474014729256,1e-07,down
2.8,0.0795831195428036,1e-07,down
2.6,0.19323776010423896,1e-07,down
2.4,0.3235307848080992,1e-07,down
2.2,0.32533301366493095,1e-07,down
2.0,0.2292985692620277,1e-07,down
1.8,0.10519687831401822,1e-07,down
1.6,0.20442514866590497,1e-07,down
1.4,0.008715450763702384,1e-07,down
1.2,0.28872331150341773,1e-07,down
1.0,0.3274597132112831,1e-07,down
0.8,0.27741007879376406,1e-07,down
0.6,-0.04224289127159864,1e-07,down
0.4,0.2112523410469293,1e-07,down
0.2,0.10115884011611341,1e-07,down
-0.0,0.2748227501288056,1e-07,down
-0.0,0.2748227501288056,1e-07,up
0.2,0.40328168496489514,1e-07,up
0.4,0.37029580958187575,1e-07,up
0.6,-0.07121131609892473,1e-07,up
0.8,0.2879305724054575,1e-07,up
1.0,-0.09873597510159016,1e-07,up
1.2,0.07763221487402915,1e-07,up
1.4,-0.0372164398431778,1e-07,up
1.6,0.2378955476451665,1e-07,up
1.8,-0.06888702418655157,1e-07,up
2.0,0.20541604142636058,1e-07,up
2.2,0.31243761070072645,1e-07,up
2.4,-0.029866141267120838,1e-07,up
2.6,0.028111092746257775,1e-07,up
2.8,0.03953238110989331,1e-07,up
3.0,0.1164000150747597,1e-07,up
3.2,0.22031010454520578,1e-07,up
3.4,0.06137894606217741,1e-07,up
3.6,0.16778567526489493,1e-07,up
3.8,0.15557735278707693,1e-07,up
4.0,0.22227554768323893,1e-07,up
4.2,0.09034038148820399,1e-07,up
4.4,0.2452432876452803,1e-07,up
4.6,0.3405507090501486,1e-07,up
4.8,0.3491160478442906,1e-07,up
5.0,0.1712167430669069,1e-07,up
5.2,0.42898242408409704,1e-07,up
5.4,0.21832285821437833,1e-07,up
5.6,0.38125042151659716,1e-07,up
5.8,0.28136593941599125,1e-07,up
6.0,0.4649105556309222,1e-07,up
6.2,0.32000165246427054,1e-07,up
6.4,0.37614534143358463,1e-07,up
6.6,0.38911135261878366,1e-07,up
6.8,0.6044170856475829,1e-07,up
7.0,0.3996923770755529,1e-07,up
7.2,0.5114675993099808,1e-07,up
7.4,0.45177045743912453,1e-07,up
7.6,0.5298472922295331,1e-07,up
7.8,0.5085488818585872,1e-07,up
8.0,0.41432809364050627,1e-07,up
8.0,0.4785757847130298,1e-07,down
7.8,0.4653238058090209,1e-07,down
7.6,0.521442200988531,1e-07,down
7.4,0.4319459134712814,1e-07,down
7.2,0.46866556582972396,1e-07,down
7.0,0.6056482158601283,1e-07,down
6.8,0.3795204088091849,1e-07,down
6.6,0.37522439658641804,1e-07,down
6.4,0.28349371254444117,1e-07,down
6.2,0.5691037792712449,1e-07,down
6.0,0.45772642549127335,1e-07,down
5.8,0.5221703089773654,1e-07,down
5.6,0.260816715657711,1e-07,down
5.4,0.2837917804718017,1e-07,down
5.2,0.296406477689743,1e-07,down
5.0,0.27128764241933817,1e-07,down
4.8,0.5144117176532744,1e-07,down
4.6,0.4834759309887885,1e-07,down
4.4,0.21289315819740293,1e-07,down
4.2,0.2656512111425399,1e-07,down
4.0,0.5001666340976952,1e-07,down
3.8,0.17446380481123921,1e-07,down
3.6,0.30880197277292604,1e-07,down
3.4,0.17574551980942485,1e-07,down
3.2,0.29376263171434397,1e-07,down
3.0,0.603496255353093,1e-07,down
2.8,0.5913535356521605,1e-07,down
2.6,0.5253654234111308,1e-07,down
2.4,0.09690439701080321,1e-07,down
2.2,0.4322363454848527,1e-07,down
2.0,0.31969120737630874,1e-07,down
1.8,0.13786444021388886,1e-07,down
1.6,0.26073512155562634,1e-07,down
1.4,0.4146799016743898,1e-07,down
1.2,0.18914981186389918,1e-07,down
1.0,0.30149455042555917,1e-07,down
0.8,0.1512398514896631,1e-07,down
0.6,0.31816882640123356,1e-07,down
0.4,0.16895524947904048,1e-07,down
0.2,0.2732380433008074,1e-07,down
-0.0,0.1209259945899248,1e-07,down
-0.0,0.1209259945899248,1e-07,up
0.2,0.2525885279756039,1e-07,up
0.4,0.1837159916758537,1e-07,up
0.6,0.3017066628672182,1e-07,up
0.8,0.3976186886429786,1e-07,up
1.0,0.13071402162313459,1e-07,up
1.2,0.2590881262440234,1e-07,up
1.4,0.258116940036416,1e-07,up
1.6,0.36891997233033175,1e-07,up
1.8,0.3599181724712252,1e-07,up
2.0,0.1517677691299468,1e-07,up
2.2,0.2227882286533713,1e-07,up
2.4,0.13246268546208737,1e-07,up
2.6,0.30977882072329516,1e-07,up
2.8,0.3756026634946465,1e-07,up
3.0,0.2697467474499717,1e-07,up
3.2,0.40297698695212597,1e-07,up
3.4,0.34679389931261534,1e-07,up
3.6,0.17385763069614765,1e-07,up
3.8,0.3929846882820129,1e-07,up
4.0,0.3390946509316563,1e-07,up
4.2,0.17684364598244426,1e-07,up
4.4,0.40377003885805596,1e-07,up
4.6,0.35188123956322664,1e-07,up
4.8,0.22753754258155817,1e-07,up
5.0,0.3231492228806019,1e-07,up
5.2,0.35687973536550993,1e-07,up
5.4,0.19788926281034944,1e-07,up
5.6,0.3306974843144416,1e-07,up
5.8,0.35857289656996716,1e-07,up
6.0,0.414503764361143,1e-07,up
6.2,0.4392875358462333,1e-07,up
6.4,0.5810201689600943,1e-07,up
6.6,0.5487522929906844,1e-07,up
6.8,0.5384184420108794,1e-07,up
7.0,0.5319628603756427,1e-07,up
7.2,0.5837977891787886,1e-07,up
7.4,0.5828585866838693,1e-07,up
7.6,0.43663667142391194,1e-07,up
7.8,0.4732447564601897,1e-07,up
8.0,0.4394481517374515,1e-07,up
8.0,0.4626837861724197,1e-07,down
7.8,0.4590063132345676,1e-07,down
7.6,0.6078020343556999,1e-07,down
7.4,0.5992066524922847,1e-07,down
7.2,0.6075135525315999,1e-07,down
7.0,0.4328748174011706,1e-07,down
6.8,0.5149243120104073,1e-07,down
6.6,0.5399486934766172,1e-07,down
6.4,0.3770743124186992,1e-07,down
6.2,0.5404250258579849,1e-07,down
6.0,0.3175464071100577,1e-07,down
5.8,0.40371800400316704,1e-07,down
5.6,0.3677104143425821,1e-07,down
5.4,0.4361159484833478,1e-07,down
5.2,0.328500997275114,1e-07,down
5.0,0.275366798043251,1e-07,down
4.8,0.4535570219159125,1e-07,down
4.6,0.44768103212118143,1e-07,down
4.4,0.2794938832521438,1e-07,down
4.2,0.2618343830108642,1e-07,down
4.0,0.21069780737161634,1e-07,down
3.8,0.47466667927801603,1e-07,down
3.6,0.3251765370368957,1e-07,down
3.4,0.24252326041460034,1e-07,down
3.2,0.20985418558120725,1e-07,down
3.0,0.2959656491875648,1e-07,down
2.8,0.19716651737689966,1e-07,down
2.6,0.23717365413904185,1e-07,down
2.4,0.5848773457109927,1e-07,down
2.2,0.41313770785927767,1e-07,down
2.0,0.6159633530769496,1e-07,down
1.8,0.25445459410548205,1e-07,down
1.6,0.2762254830449819,1e-07,down
1.4,0.3074647448956966,1e-07,down
1.2,0.2603416750207543,1e-07,down
1.0,0.3397376267239451,1e-07,down
0.8,0.04818884469568727,1e-07,down
0.6,0.16188142262399194,1e-07,down
0.4,0.2035681130364537,1e-07,down
0.2,0.038034665805753314,1e-07,down
-0.0,0.19587428076192734,1e-07,down
-0.0,0.19587428076192734,1e-07,up
0.2,0.35827682167291636,1e-07,up
0.4,0.2789070340804755,1e-07,up
0.6,0.2302267819177359,1e-07,up
0.8,0.3005933947861194,1e-07,up
1.0,-0.027374752797186375,1e-07,up
1.2,0.10192878637462853,1e-07,up
1.4,0.16948357596993444,1e-07,up
1.6,0.19893840700387952,1e-07,up
1.8,0.053649966139346354,1e-07,up
2.0,0.14978811703622338,1e-07,up
2.2,0.22701087966561315,1e-07,up
2.4,0.24145566392689938,1e-07,up
2.6,0.31195620913058514,1e-07,up
2.8,0.21191621688194567,1e-07,up
3.0,0.3047012498136609,1e-07,up
3.2,0.05967473983764647,1e-07,up
3.4,0.19449749868363136,1e-07,up
3.6,0.3086279965937137,1e-07,up
3.8,0.27065223269164557,1e-07,up
4.0,0.19574692659080026,1e-07,up
4.2,0.36417869664728636,1e-07,up
4.4,0.1220586150884628,1e-07,up
4.6,0.24715268611907956,1e-07,up
4.8,0.17659648507833478,1e-07,up
5.0,0.3296334445476532,1e-07,up
5.2,0.3230032566934823,1e-07,up
5.4,0.19077540817670519,1e-07,up
5.6,0.4136293828487395,1e-07,up
5.8,0.3576881811022758,1e-07,up
6.0,0.3582622408866881,1e-07,up
6.2,0.3179794773459434,1e-07,up
6.4,0.457554860273376,1e-07,up
6.6,0.43878597393631924,1e-07,up
6.8,0.31595165282487864,1e-07,up
7.0,0.5730330795049666,1e-07,up
7.2,0.41889906651340414,1e-07,up
7.4,0.5357841681689023,1e-07,up
7.6,0.444874744862318,1e-07,up
7.8,0.4339429698884486,1e-07,up
8.0,0.47807947173714627,1e-07,up
8.0,0.48130192887037987,1e-07,down
7.8,0.5879323575645684,1e-07,down
7.6,0.5580080151557921,1e-07,down
7.4,0.4556256148498505,1e-07,down
7.2,0.4780102672521024,1e-07,down
7.0,0.5587968323379754,1e-07,down
6.8,0.5191398225724696,1e-07,down
6.6,0.42140846466645593,1e-07,down
6.4,0.500945477746427,1e-07,down
6.2,0.3186340853571891,1e-07,down
6.0,0.3115878589451313,1e-07,down
5.8,0.30920234322547907,1e-07,down
5.6,0.2592858634889125,1e-07,down
5.4,0.20204562693834302,1e-07,down
5.2,0.3770560901612043,1e-07,down
5.0,0.2956931218504905,1e-07,down
4.8,0.19475929439067835,1e-07,down
4.6,0.4034676402807235,1e-07,down
4.4,0.2689473312348127,1e-07,down
4.2,0.294274441897869,1e-07,down
4.0,0.36543044447898865,1e-07,down
3.8,0.3754745945334434,1e-07,down
3.6,0.25318305101245636,1e-07,down
3.4,0.42913419194519514,1e-07,down
3.2,0.26065789815038437,1e-07,down
3.0,0.3268328215926885,1e-07,down
2.8,0.2312512975186109,1e-07,down
2.6,0.3000873532146215,1e-07,down
2.4,0.24721720349043605,1e-07,down
2.2,0.35923128761351103,1e-07,down
2.0,0.24343799799680704,1e-07,down
1.8,0.4925905875861644,1e-07,down
1.6,0.21587108820676798,1e-07,down
1.4,0.4329235218465327,1e-07,down
1.2,0.22152091190218923,1e-07,down
1.0,0.3687739977613091,1e-07,down
0.8,0.2935771029442548,1e-07,down
0.6,0.5724017610773443,1e-07,down
0.4,0.2535759955644607,1e-07,down
0.2,0.3424917459487914,1e-07,down
-0.0,0.6452977769076822,1e-07,down
-0.0,0.6452977769076822,1e-07,up
0.2,0.09057169221341609,1e-07,up
0.4,0.23942760564386842,1e-07,up
0.6,0.34586634160950774,1e-07,up
0.8,0.31694162404164666,1e-07,up
1.0,0.33719131280668074,1e-07,up
1.2,0.3534565165173261,1e-07,up
1.4,0.37123165838420386,1e-07,up
1.6,0.4128874242305755,1e-07,up
1.8,0.1450763255706988,1e-07,up
2.0,0.2975522326305508,1e-07,up
2.2,0.4634311525151133,1e-07,up
2.4,0.16942112892866132,1e-07,up
2.6,0.4142228234559297,1e-07,up
2.8,0.2112718531861901,1e-07,up
3.0,0.2100975085049867,1e-07,up
3.2,0.10295859118923542,1e-07,up
3.4,0.3067314308136701,1e-07,up
3.6,0.3082237355411052,1e-07,up
3.8,0.19930795952677724,1e-07,up
4.0,0.36552029661834234,1e-07,up
4.2,0.21979695488698775,1e-07,up
4.4,0.36007764190435404,1e-07,up
4.6,0.3539334870874881,1e-07,up
4.8,0.17711023986339566,1e-07,up
5.0,0.4193683508783578,1e-07,up
5.2,0.31777453608810896,1e-07,up
5.4,0.4076611064374446,1e-07,up
5.6,0.26382878795266146,1e-07,up
5.8,0.3912493847310542,1e-07,up
6.0,0.26120201125741,1e-07,up
6.2,0.4465689593926072,1e-07,up
6.4,0.4258070732466876,1e-07,up
6.6,0.5081325974315404,1e-07,up
6.8,0.35842023789882654,1e-07,up
7.0,0.39327640272676934,1e-07,up
7.2,0.540320025756955,1e-07,up
7.4,0.5444197021424769,1e-07,up
7.6,0.4661953598260879,1e-07,up
7.8,0.4526324924081563,1e-07,up
8.0,0.5270114736631512,1e-07,up
8.0,0.4796454925090074,1e-07,down
7.8,0.592118814587593,1e-07,down
7.6,0.44032657076604653,1e-07,down
7.4,0.5223255315795541,1e-07,down
7.2,0.6435015723109245,1e-07,down
7.0,0.4129125140607356,1e-07,down
6.8,0.48974313773214806,1e-07,down
6.6,0.6604782938957213,1e-07,down
6.4,0.6511811986565589,1e-07,down
6.2,0.6307763345539568,1e-07,down
6.0,0.28094525262713427,1e-07,down
5.8,0.4187776930630206,1e-07,down
5.6,0.5158658903092145,1e-07,down
5.4,0.42624830268323416,1e-07,down
5.2,0.4385665329173206,1e-07,down
5.0,0.22975062206387514,1e-07,down
4.8,0.2395594455301761,1e-07,down
4.6,0.2611946843680925,1e-07,down
4.4,0.0823138831183314,1e-07,down
4.2,0.24688225425779817,1e-07,down
4.0,0.036715635622385875,1e-07,down
3.8,0.31474994681775564,1e-07,down
3.6,0.07825994677841662,1e-07,down
3.4,0.24370649829506869,1e-07,down
3.2,0.21062800660729405,1e-07,down
3.0,0.10987918078899381,1e-07,down
2.8,0.22373341023921964,1e-07,down
2.6,0.31145242601633066,1e-07,down
2.4,0.06585745117627083,1e-07,down
2.2,0.13851171452552077,1e-07,down
2.0,-0.0003839549608528631,1e-07,down
1.8,0.23023162130266425,1e-07,down
1.6,-0.012517970986664299,1e-07,down
1.4,0.26288085058331484,1e-07,down
1.2,-0.02059467788785696,1e-07,down
1.0,0.1942540360614657,1e-07,down
0.8,-0.0260355822974816,1e-07,down
0.6,0.2753083701245486,1e-07,down
0.4,0.519559534266591,1e-07,down
0.2,0.07463305070996282,1e-07,down
-0.0,0.40362314321100706,1e-07,down
-0.0,0.40362314321100706,1e-07,up
0.2,0.256227983161807,1e-07,up
0.4,0.25979469344019884,1e-07,up
0.6,0.30127845425158734,1e-07,up
0.8,-0.013411907479166988,1e-07,up
1.0,0.1650955472141504,1e-07,up
1.2,0.07741622161120174,1e-07,up
1.4,0.19361046701669687,1e-07,up
1.6,0.04020671173930167,1e-07,up
1.8,0.22637260425835845,1e-07,up
2.0,-0.04049333930015564,1e-07,up
2.2,0.21904755383729932,1e-07,up
2.4,0.28176651243120426,1e-07,up
2.6,0.2840116508305072,1e-07,up
2.8,0.4097854439169168,1e-07,up
3.0,0.1358005981892347,1e-07,up
3.2,0.3369895577197894,1e-07,up
3.4,0.3269142266362905,1e-07,up
3.6,-0.012702177366008982,1e-07,up
3.8,0.26056605624034995,1e-07,up
4.0,0.3802975639700889,1e-07,up
4.2,0.30451356340199703,1e-07,up
4.4,0.4148231241852044,1e-07,up
4.6,0.3069050083868205,1e-07,up
4.8,0.08224354684352873,1e-07,up
5.0,0.2860003039240837,1e-07,up
5.2,0.20939602889120576,1e-07,up
5.4,0.2946571502834558,1e-07,up
5.6,0.43317787349224085,1e-07,up
5.8,0.20125394500792024,1e-07,up
6.0,0.3663887232542037,1e-07,up
6.2,0.4164410354569554,1e-07,up
6.4,0.5003606025129556,1e-07,up
6.6,0.4132921968121081,1e-07,up
6.8,0.3540749177336692,1e-07,up
7.0,0.47927046567201603,1e-07,up
7.2,0.41942843608558167,1e-07,up
7.4,0.5507014989852904,1e-07,up
7.6,0.5732423830777406,1e-07,up
7.8,0.47519336268305773,1e-07,up
8.0,0.4868795275688171,1e-07,up
8.0,0.46832144260406483,1e-07,down
7.8,0.529980931431055,1e-07,down
7.6,0.42822913767304266,1e-07,down
7.4,0.5690662413835524,1e-07,down
7.2,0.5758363548666238,1e-07,down
7.0,0.5442887619137763,1e-07,down
6.8,0.3980423659086227,1e-07,down
6.6,0.3384263068437576,1e-07,down
6.4,0.3336149305105209,1e-07,down
6.2,0.5297158621251582,1e-07,down
6.0,0.47878314554691304,1e-07,down
5.8,0.5548147233203052,1e-07,down
5.6,0.24151964671909804,1e-07,down
5.4,0.40563160926103586,1e-07,down
5.2,0.36984881479293097,1e-07,down
5.0,0.40456911921501154,1e-07,down
4.8,0.5043478533625602,1e-07,down
4.6,0.5251018777489661,1e-07,down
4.4,0.586861353367567,1e-07,down
4.2,0.5329370219260454,1e-07,down
4.0,0.6115803560242056,1e-07,down
3.8,0.5413897298276423,1e-07,down
3.6,0.03778403811156748,1e-07,down
3.4,0.3871268667280673,1e-07,down
3.2,0.42799561098217953,1e-07,down
3.0,0.6400086432695388,1e-07,down
2.8,0.12584419455379242,1e-07,down
2.6,0.26310154236853117,1e-07,down
2.4,0.3541241846978664,1e-07,down
2.2,0.3472227554302662,1e-07,down
2.0,0.3424238711595534,1e-07,down
1.8,0.38630823232233513,1e-07,down
1.6,0.5328916050493716,1e-07,down
1.4,0.15906051546335215,1e-07,down
1.2,0.4354037605226039,1e-07,down
1.0,0.3108866121619939,1e-07,down
0.8,0.2843548420350998,1e-07,down
0.6,0.2743048234842717,1e-07,down
0.4,0.10944072343409059,1e-07,down
0.2,0.1763038374483585,1e-07,down
-0.0,0.4025007896125316,1e-07,down
-0.0,0.4025007896125316,1e-07,up
0.2,0.06559861078858374,1e-07,up
0.4,0.29377280175685877,1e-07,up
0.6,0.03284794837236404,1e-07,up
0.8,0.20694972807541484,1e-07,up
1.0,0.40355291590094566,1e-07,up
1.2,0.3511668560095131,1e-07,up
1.4,0.024261642247438427,1e-07,up
1.6,0.2879590354859829,1e-07,up
1.8,0.07836857810616492,1e-07,up
2.0,0.27164438506588334,1e-07,up
2.2,0.10920280590653415,1e-07,up
2.4,0.211968878225889,1e-07,up
2.6,0.14758494310081002,1e-07,up
2.8,0.2036989908665418,1e-07,up
3.0,0.1495632994920015,1e-07,up
3.2,0.17540277598891402,1e-07,up
3.4,0.1660373732447624,1e-07,up
3.6,0.1769422851502895,1e-07,up
3.8,0.4176636356860398,1e-07,up
4.0,0.18130816938355562,1e-07,up
4.2,0.46540220212773414,1e-07,up
4.4,0.2623715475201606,1e-07,up
4.6,0.2461846694350242,1e-07,up
4.8,0.37473674863576883,1e-07,up
5.0,0.4297557920217513,1e-07,up
5.2,0.2565415650606155,1e-07,up
5.4,0.505567287094891,1e-07,up
5.6,0.37451924942433834,1e-07,up
5.8,0.5941980928182601,1e-07,up
6.0,0.5528230648487805,1e-07,up
6.2,0.5044305622577666,1e-07,up
6.4,0.5069049196317791,1e-07,up
6.6,0.521116867661476,1e-07,up
6.8,0.3588191717863082,1e-07,up
7.0,0.42501358687877644,1e-07,up
7.2,0.3966845422983169,1e-07,up
7.4,0.4503441601991653,1e-07,up
7.6,0.43320018798112864,1e-07,up
7.8,0.4396759569644927,1e-07,up
8.0,0.40702164173126215,1e-07,up
8.0,0.47857565619051445,1e-07,down
7.8,0.4407956982031464,1e-07,down
7.6,0.5894258888438343,1e-07,down
7.4,0.5849241781979798,1e-07,down
7.2,0.48464666586369265,1e-07,down
7.0,0.5803988389670848,1e-07,down
6.8,0.6331264227628706,1e-07,down
6.6,0.3994188718497752,1e-07,down
6.4,0.48873875662684435,1e-07,down
6.2,0.3221867904067039,1e-07,down
6.0,0.40412752330303187,1e-07,down
5.8,0.30505758896470064,1e-07,down
5.6,0.26182996109127993,1e-07,down
5.4,0.5424285922199487,1e-07,down
5.2,0.5647970028221606,1e-07,down
5.0,0.1850133268162608,1e-07,down
4.8,0.41758299781940866,1e-07,down
4.6,0.5041047176346183,1e-07,down
4.4,0.13935556448996064,1e-07,down
4.2,0.3292355025187134,1e-07,down
4.0,0.41821051808074106,1e-07,down
3.8,0.21168192010372874,1e-07,down
3.6,0.16604471951723096,1e-07,down
3.4,0.17143419012427327,1e-07,down
3.2,0.5340388454496859,1e-07,down
3.0,0.20713770948350427,1e-07,down
2.8,0.16176557634025807,1e-07,down
2.6,0.14064378920011222,1e-07,down
2.4,0.13606806471943853,1e-07,down
2.2,0.46110801212489594,1e-07,down
2.0,0.4278579666279256,1e-07,down
1.8,0.044646663591265665,1e-07,down
1.6,0.2794519970193505,1e-07,down
1.4,0.32716317288577557,1e-07,down
1.2,0.4820688143372535,1e-07,down
1.0,-0.08383701322600244,1e-07,down
0.8,0.2373978234827518,1e-07,down
0.6,0.17572596482932565,1e-07,down
0.4,0.3118453193455934,1e-07,down
0.2,0.23060675431042904,1e-07,down
-0.0,0.33108527702279383,1e-07,down
-0.0,0.33108527702279383,1e-07,up
0.2,0.46553514804691065,1e-07,up
0.4,0.465143347159028,1e-07,up
0.6,0.4566942322999238,1e-07,up
0.8,-0.040627476759254925,1e-07,up
1.0,0.055917037650942775,1e-07,up
1.2,0.03195883333683012,1e-07,up
1.4,0.10635097697377202,1e-07,up
1.6,0.1220299657434225,1e-07,up
1.8,0.3523318246006965,1e-07,up
2.0,0.3728483009617775,1e-07,up
2.2,0.3938890970675856,1e-07,up
2.4,0.33963067736476654,1e-07,up
2.6,0.4052337086759507,1e-07,up
2.8,0.1298731733113527,1e-07,up
3.0,0.3271791003644466,1e-07,up
3.2,0.1307038106024265,1e-07,up
3.4,0.27536304295063013,1e-07,up
3.6,0.22497945837676522,1e-07,up
3.8,0.3101458479650318,1e-07,up
4.0,0.3583655403926968,1e-07,up
4.2,0.425268419086933,1e-07,up
4.4,0.20160757191479203,1e-07,up
4.6,0.22436185739934442,1e-07,up
4.8,0.31687138043344015,1e-07,up
5.0,0.26495088264346117,1e-07,up
5.2,0.4287273716181516,1e-07,up
5.4,0.3931937487795948,1e-07,up
5.6,0.2315367497503757,1e-07,up
5.8,0.38573487498797465,1e-07,up
6.0,0.4702829690650105,1e-07,up
6.2,0.5672932639718055,1e-07,up
6.4,0.5494542401283978,1e-07,up
6.6,0.5925649292767047,1e-07,up
6.8,0.30762431211769575,1e-07,up
7.0,0.46747241634875525,1e-07,up
7.2,0.3978172913193702,1e-07,up
7.4,0.5640607476234435,1e-07,up
7.6,0.46969574596732844,1e-07,up
7.8,0.41329444386064995,1e-07,up
8.0,0.4266345817595719,1e-07,up
8.0,0.4725160934031009,1e-07,down
7.8,0.550140261882916,1e-07,down
7.6,0.46574917435646046,1e-07,down
7.4,0.47896800190210337,1e-07,down
7.2,0.5468269679695367,1e-07,down
7.0,0.45106931147165585,1e-07,down
6.8,0.40345305763185013,1e-07,down
6.6,0.6544434018433094,1e-07,down
6.4,0.6316682137548922,1e-07,down
6.2,0.6358964629471301,1e-07,down
6.0,0.6080508790910243,1e-07,down
5.8,0.18546906299889085,1e-07,down
5.6,0.37805621325969685,1e-07,down
5.4,0.7902961899526416,1e-07,down
5.2,0.30093433009460563,1e-07,down
5.0,0.5453311903402208,1e-07,down
4.8,0.652662357315421,1e-07,down
4.6,0.059964297339320155,1e-07,down
4.4,0.587022648192942,1e-07,down
4.2,0.014514692127704617,1e-07,down
4.0,0.5696499943733214,1e-07,down
3.8,0.002575324848294244,1e-07,down
3.6,0.42904391698539246,1e-07,down
3.4,0.34828038513660425,1e-07,down
3.2,0.2691164715215563,1e-07,down
3.0,0.495206631720066,1e-07,down
2.8,-0.09542239643633363,1e-07,down
2.6,0.5348093956708907,1e-07,down
2.4,-0.11776571348309514,1e-07,down
2.2,0.24404072389006606,1e-07,down
2.0,0.4591362718492745,1e-07,down
1.8,0.5422008745372294,1e-07,down
1.6,0.5643149354727938,1e-07,down
1.4,-0.07581684738397597,1e-07,down
1.2,0.3623869135044515,1e-07,down
1.0,0.4755410635843872,1e-07,down
0.8,0.5204501836560665,1e-07,down
0.6,0.5317703112959861,1e-07,down
0.4,0.6051613576710223,1e-07,down
0.2,0.6988772414624689,1e-07,down
-0.0,-0.033913770690560334,1e-07,down
-0.0,-0.033913770690560334,1e-07,up
0.2,0.34047694131731976,1e-07,up
0.4,0.45143348723649973,1e-07,up
0.6,-0.033989258110523224,1e-07,up
0.8,0.39320719987154,1e-07,up
1.0,0.4130425951443612,1e-07,up
1.2,-0.0717737264931202,1e-07,up
1.4,-0.04583202768117191,1e-07,up
1.6,0.40956396982073784,1e-07,up
1.8,-0.16601017490029335,1e-07,up
2.0,0.3868483081459999,1e-07,up
2.2,0.5378166638547555,1e-07,up
2.4,0.4696688968688249,1e-07,up
2.6,0.4100940134376287,1e-07,up
2.8,0.4886870179325342,1e-07,up
3.0,-0.06637539155781269,1e-07,up
3.2,0.19091971497982738,1e-07,up
3.4,0.10057401098310945,1e-07,up
3.6,0.3629310578107833,1e-07,up
3.8,0.6149982437491416,1e-07,up
4.0,-0.13234071593979024,1e-07,up
4.2,0.006217703223228427,1e-07,up
4.4,-0.07092001289129257,1e-07,up
4.6,0.544969594106078,1e-07,up
4.8,-0.16258750949054956,1e-07,up
5.0,0.14826265908777708,1e-07,up
5.2,0.12438043579459188,1e-07,up
5.4,0.6907376116141676,1e-07,up
5.6,0.891973929479718,1e-07,up
5.8,0.00014117546379563742,1e-07,up
6.0,0.2055498883128166,1e-07,up
6.2,0.2811384722590446,1e-07,up
6.4,0.42772852163761843,1e-07,up
6.6,0.4529091888107359,1e-07,up
6.8,0.34656030777841795,1e-07,up
7.0,0.44880276778712863,1e-07,up
7.2,0.4677834883332251,1e-07,up
7.4,0.4091957155615091,1e-07,up
7.6,0.4709032089449464,1e-07,up
7.8,0.40816578734666104,1e-07,up
8.0,0.5385174495168029,1e-07,up
8.0,0.4902294538915156,1e-07,down
7.8,0.526536164805293,1e-07,down
7.6,0.5295921713113784,1e-07,down
7.4,0.5488012684509157,1e-07,down
7.2,0.4805335449054836,1e-07,down
7.0,0.5205656252801417,1e-07,down
6.8,0.5877958573400973,1e-07,down
6.6,0.37386697530746454,1e-07,down
6.4,0.571082605049014,1e-07,down
6.2,0.37826380319893355,1e-07,down
6.0,0.34689127374440426,1e-07,down
5.8,0.3218630971387028,1e-07,down
5.6,0.3577988632023334,1e-07,down
5.4,0.35769883356988424,1e-07,down
5.2,0.3483820650726556,1e-07,down
5.0,0.36379988491535176,1e-07,down
4.8,0.4893100019544362,1e-07,down
4.6,0.3646924793720245,1e-07,down
4.4,0.20367817580699918,1e-07,down
4.2,0.28062950074672693,1e-07,down
4.0,0.4468889981508254,1e-07,down
3.8,0.25238758401246736,1e-07,down
3.6,0.3103767298161983,1e-07,down
3.4,0.35807721689343447,1e-07,down
3.2,0.3733599334955215,1e-07,down
3.0,0.18350426852703092,1e-07,down
2.8,0.35968044772744173,1e-07,down
2.6,0.2255418226122856,1e-07,down
2.4,0.1835001856088638,1e-07,down
2.2,0.3721334561705588,1e-07,down
2.0,0.23623800277709955,1e-07,down
1.8,0.1660884469747543,1e-07,down
1.6,0.09701092541217801,1e-07,down
1.4,0.19660978019237513,1e-07,down
1.2,0.10059201717376708,1e-07,down
1.0,0.16408866643905637,1e-07,down
0.8,0.1338868141174316,1e-07,down
0.6,0.40605187750770705,1e-07,down
0.4,0.31886865943670273,1e-07,down
0.2,0.28658940538298333,1e-07,down
-0.0,0.11446861550211905,1e-07,down
-0.0,0.11446861550211905,1e-07,up
0.2,0.2611392177641391,1e-07,up
0.4,0.27505149692296976,1e-07,up
0.6,0.050232928246259675,1e-07,up
0.8,0.14571839570999143,1e-07,up
1.0,0.18778320401906964,1e-07,up
1.2,0.02821788191795348,1e-07,up
1.4,0.12217422202229498,1e-07,up
1.6,0.1374835297465324,1e-07,up
1.8,0.23150447010993952,1e-07,up
2.0,0.21483445912599558,1e-07,up
2.2,0.07669080048799513,1e-07,up
2.4,0.14072211086750028,1e-07,up
2.6,0.2192210704088211,1e-07,up
2.8,0.29553369444329286,1e-07,up
3.0,0.11505250819027421,1e-07,up
3.2,0.23189659323543307,1e-07,up
3.4,0.4324156828224658,1e-07,up
3.6,0.1406525745987892,1e-07,up
3.8,0.4144239723682403,1e-07,up
4.0,0.13131881505250928,1e-07,up
4.2,0.19030907750129694,1e-07,up
4.4,0.19961002469062802,1e-07,up
4.6,0.3206036835908889,1e-07,up
4.8,0.1498836204409599,1e-07,up
5.0,0.400303840637207,1e-07,up
5.2,0.037765868008136735,1e-07,up
5.4,0.37550399452447886,1e-07,up
5.6,0.23878607153892512,1e-07,up
5.8,0.3874912038445472,1e-07,up
6.0,0.23369508236646647,1e-07,up
6.2,0.48608202580362553,1e-07,up
6.4,0.35253339167684306,1e-07,up
6.6,0.3689599456265568,1e-07,up
6.8,0.49973681941628445,1e-07,up
7.0,0.5833851951174437,1e-07,up
7.2,0.4206068161875009,1e-07,up
7.4,0.4374858364462852,1e-07,up
7.6,0.4678262155503034,1e-07,up
7.8,0.48798770643770684,1e-07,up
8.0,0.48643517587333907,1e-07,up
8.0,0.4853072129189967,1e-07,down
7.8,0.5467679630964993,1e-07,down
7.6,0.5898043517954646,1e-07,down
7.4,0.45530105754733075,1e-07,down
7.2,0.5705550145357846,1e-07,down
7.0,0.4613825981505214,1e-07,down
6.8,0.43239652924239624,1e-07,down
6.6,0.4050767850130796,1e-07,down
6.4,0.34602807648479933,1e-07,down
6.2,0.3353344015777111,1e-07,down
6.0,0.5233910046517848,1e-07,down
5.8,0.46487555652856816,1e-07,down
5.6,0.4935409501194953,1e-07,down
5.4,0.32685321569442743,1e-07,down
5.2,0.41787270409986366,1e-07,down
5.0,0.40424479031935323,1e-07,down
4.8,0.3638077843934297,1e-07,down
4.6,0.2931403033435344,1e-07,down
4.4,0.43708084896206845,1e-07,down
4.2,0.33479440771043295,1e-07,down
4.0,0.18801431357860562,1e-07,down
3.8,0.3953316900879144,1e-07,down
3.6,0.4254980441182851,1e-07,down
3.4,0.3260537795722484,1e-07,down
3.2,0.2965595200657844,1e-07,down
3.0,0.3198247998952865,1e-07,down
2.8,0.3917347113601863,1e-07,down
2.6,0.6358050322160124,1e-07,down
2.4,0.21982319653034207,1e-07,down
2.2,0.3757052961736917,1e-07,down
2.0,0.33519728481769556,1e-07,down
1.8,0.3332299524918198,1e-07,down
1.6,0.46656516194343556,1e-07,down
1.4,0.32722375541925425,1e-07,down
1.2,0.2751751914620399,1e-07,down
1.0,0.30648125708103174,1e-07,down
0.8,0.41280739009380335,1e-07,down
0.6,0.24888121057301754,1e-07,down
0.4,0.2368363486602902,1e-07,down
0.2,0.32909951184410596,1e-07,down
-0.0,0.5884118662215768,1e-07,down
-0.0,0.5884118662215768,1e-07,up
0.2,0.2181594520807266,1e-07,up
0.4,0.3376099579036236,1e-07,up
0.6,0.2169994669966399,1e-07,up
0.8,0.2221484379842877,1e-07,up
1.0,0.21898232586681837,1e-07,up
1.2,0.32571217045187945,1e-07,up
1.4,0.3367974637076258,1e-07,up
1.6,0.32519001886248583,1e-07,up
1.8,0.13569568097591397,1e-07,up
2.0,0.31284549646079535,1e-07,up
2.2,0.22636395320296282,1e-07,up
2.4,0.32722479710355395,1e-07,up
2.6,0.38029735162854184,1e-07,up
2.8,0.37935077585279936,1e-07,up
3.0,0.12815827736631033,1e-07,up
3.2,0.39212469011545176,1e-07,up
3.4,0.3775867577642202,1e-07,up
3.6,0.3826839644461869,1e-07,up
3.8,0.3727358672767877,1e-07,up
4.0,0.3197155147790908,1e-07,up
4.2,0.11123022809624669,1e-07,up
4.4,0.36533570941537613,1e-07,up
4.6,0.32121480442583555,1e-07,up
4.8,0.4602049831300973,1e-07,up
5.0,0.4060055227018893,1e-07,up
5.2,0.18666750565171236,1e-07,up
5.4,0.3011526428163051,1e-07,up
5.6,0.15033936128020284,1e-07,up
5.8,0.4709872305393218,1e-07,up
6.0,0.3353892401792109,1e-07,up
6.2,0.29241324029862875,1e-07,up
6.4,0.48365590558387334,1e-07,up
6.6,0.3509040810167789,1e-07,up
6.8,0.5449444651603698,1e-07,up
7.0,0.5563906830502673,1e-07,up
7.2,0.5931220501661298,1e-07,up
7.4,0.56856248434633,1e-07,up
7.6,0.6036610007286071,1e-07,up
7.8,0.5524575198069214,1e-07,up
8.0,0.5197587031871079,1e-07,up
8.0,0.47896466776728625,1e-07,down
7.8,0.5180932320654391,1e-07,down
7.6,0.42722441907972086,1e-07,down
7.4,0.46895000804215664,1e-07,down
7.2,0.5361638530157505,1e-07,down
7.0,0.586943469941616,1e-07,down
6.8,0.4681495143959181,1e-07,down
6.6,0.592792972922325,1e-07,down
6.4,0.5579962506890296,1e-07,down
6.2,0.2718912027776241,1e-07,down
6.0,0.3533793240785598,1e-07,down
5.8,0.4982849564403295,1e-07,down
5.6,0.3990860022604465,1e-07,down
5.4,0.4554713014513253,1e-07,down
5.2,0.44472661521285767,1e-07,down
5.0,-0.02922588214278221,1e-07,down
4.8,0.40293272957205767,1e-07,down
4.6,0.4772821483202278,1e-07,down
4.4,0.45011891564354295,1e-07,down
4.2,-0.08755613490939139,1e-07,down
4.0,0.472979949787259,1e-07,down
3.8,-0.10246222466230392,1e-07,down
3.6,0.08326262747868894,1e-07,down
3.4,0.06968398392200469,1e-07,down
3.2,0.15654780343174932,1e-07,down
3.0,0.1331493481993675,1e-07,down
2.8,0.2942263856530189,1e-07,down
2.6,0.07769853621721266,1e-07,down
2.4,0.2628312855958938,1e-07,down
2.2,0.5251992736011742,1e-07,down
2.0,-0.03571527032181621,1e-07,down
1.8,0.3911932889313902,1e-07,down
1.6,0.5162853971123694,1e-07,down
1.4,0.6002866206690669,1e-07,down
1.2,-0.03734348341822624,1e-07,down
1.0,0.4093129094690084,1e-07,down
0.8,0.4115449413657188,1e-07,down
0.6,0.4386415197513997,1e-07,down
0.4,0.4362947056069969,1e-07,down
0.2,0.04506584722548722,1e-07,down
-0.0,0.2943952549248933,1e-07,down
-0.0,0.2943952549248933,1e-07,up
0.2,0.27571636438369745,1e-07,up
0.4,0.12089405581355094,1e-07,up
0.6,0.1849966086447239,1e-07,up
0.8,0.38042058236896986,1e-07,up
1.0,0.13248246535658834,1e-07,up
1.2,0.20020277518779037,1e-07,up
1.4,0.19248087677988218,1e-07,up
1.6,0.19673175178468225,1e-07,up
1.8,0.28885689284652466,1e-07,up
2.0,0.20661070756614205,1e-07,up
2.2,0.17438291944563386,1e-07,up
2.4,0.09022653847932813,1e-07,up
2.6,0.27639836911112065,1e-07,up
2.8,0.3468911160016432,1e-07,up
3.0,0.13768249843269584,1e-07,up
3.2,0.24571928009390828,1e-07,up
3.4,0.13983762543648479,1e-07,up
3.6,0.09539193101227282,1e-07,up
3.8,0.16898927418515083,1e-07,up
4.0,0.0585764122661203,1e-07,up
4.2,0.2657217016076174,1e-07,up
4.4,0.535446612164378,1e-07,up
4.6,0.3788081761449575,1e-07,up
4.8,0.4397547747939824,1e-07,up
5.0,0.09975115209817885,1e-07,up
5.2,0.3489998579025268,1e-07,up
5.4,0.1241781152784824,1e-07,up
5.6,0.34623716026544565,1e-07,up
5.8,0.07136692851781844,1e-07,up
6.0,0.39767631143331517,1e-07,up
6.2,0.11693137884140012,1e-07,up
6.4,0.329650305211544,1e-07,up
6.6,0.6198008432984351,1e-07,up
6.8,0.38756970665417606,1e-07,up
7.0,0.4523227894678711,1e-07,up
7.2,0.40024243760854,1e-07,up
7.4,0.4941629637032746,1e-07,up
7.6,0.4780961070209741,1e-07,up
7.8,0.5179504505358635,1e-07,up
8.0,0.43870683386921877,1e-07,up
8.0,0.48127022362314154,1e-07,down
7.8,0.446524154394865,1e-07,down
7.6,0.524730497971177,1e-07,down
7.4,0.468579540029168,1e-07,down
7.2,0.5343443565070628,1e-07,down
7.0,0.4180839713662862,1e-07,down
6.8,0.5795292891561984,1e-07,down
6.6,0.3888190183788537,1e-07,down
6.4,0.45897366292774666,1e-07,down
6.2,0.25880087539553637,1e-07,down
6.0,0.460036540403962,1e-07,down
5.8,0.38133874442428345,1e-07,down
5.6,0.445492667146027,1e-07,down
5.4,0.42391706630587567,1e-07,down
5.2,0.5069250212982296,1e-07,down
5.0,0.35635901498608286,1e-07,down
4.8,0.4768277965486049,1e-07,down
4.6,0.5578440437093376,1e-07,down
4.4,0.6061534639447926,1e-07,down
4.2,0.2949186451733112,1e-07,down
4.0,0.3929656837135553,1e-07,down
3.8,0.16862564161419866,1e-07,down
3.6,0.39324058219790453,1e-07,down
3.4,0.2903062448604032,1e-07,down
3.2,0.4498541541397571,1e-07,down
3.0,0.14581392798572776,1e-07,down
2.8,0.4514580182731151,1e-07,down
2.6,0.5020190533250569,1e-07,down
2.4,0.6652225167490541,1e-07,down
2.2,0.1144115068018436,1e-07,down
2.0,0.2804827694781124,1e-07,down
1.8,0.2617215905338525,1e-07,down
1.6,0.35558235575444985,1e-07,down
1.4,0.29694216605275864,1e-07,down
1.2,0.3413288067094981,1e-07,down
1.0,0.47975669428706164,1e-07,down
0.8,0.49533148668706406,1e-07,down
0.6,0.2147666104137897,1e-07,down
0.4,0.5809560427442193,1e-07,down
0.2,0.5304307127371429,1e-07,down
-0.0,0.08330488204956053,1e-07,down
-0.0,0.08330488204956053,1e-07,up
0.2,0.28672966267913574,1e-07,up
0.4,0.19310257490724322,1e-07,up
0.6,0.3018091111152898,1e-07,up
0.8,0.12071187421679495,1e-07,up
1.0,0.17016284540295598,1e-07,up
1.2,0.1905994294211268,1e-07,up
1.4,0.39532158058136696,1e-07,up
1.6,0.21163018420338628,1e-07,up
1.8,0.24339367821812624,1e-07,up
2.0,0.21671453118324277,1e-07,up
2.2,0.3314873948693275,1e-07,up
2.4,0.19004627875983712,1e-07,up
2.6,0.3799372240900992,1e-07,up
2.8,0.22840308398008344,1e-07,up
3.0,0.2390804141759872,1e-07,up
3.2,0.4260630831122397,1e-07,up
3.4,0.49636288639158005,1e-07,up
3.6,0.32434930279850954,1e-07,up
3.8,0.4152605663985014,1e-07,up
4.0,0.473364652134478,1e-07,up
4.2,0.3262090124189853,1e-07,up
4.4,0.4050053253304212,1e-07,up
4.6,0.1718570021912455,1e-07,up
4.8,0.5010330919176339,1e-07,up
5.0,0.4177287928760051,1e-07,up
5.2,0.6160491481423377,1e-07,up
5.4,0.5647426322102546,1e-07,up
5.6,0.629942338913679,1e-07,up
5.8,0.5969097614288329,1e-07,up
6.0,0.533722624182701,1e-07,up
6.2,0.49221711046993727,1e-07,up
6.4,0.36974648945033545,1e-07,up
6.6,0.5475663878023623,1e-07,up
6.8,0.42792697623372067,1e-07,up
7.0,0.5161477588117122,1e-07,up
7.2,0.5458446107804774,1e-07,up
7.4,0.552243337035179,1e-07,up
7.6,0.4758863248862325,1e-07,up
7.8,0.4573239891324191,1e-07,up
8.0,0.4559957641176879,1e-07,up
8.0,0.455334236845374,1e-07,down
7.8,0.42369819246232493,1e-07,down
7.6,0.42143904697149986,1e-07,down
7.4,0.5718430057168006,1e-07,down
7.2,0.43193015456199635,1e-07,down
7.0,0.43437857925891865,1e-07,down
6.8,0.5117237070808186,1e-07,down
6.6,0.5296283438801764,1e-07,down
6.4,0.33296126127243036,1e-07,down
6.2,0.3992687612771987,1e-07,down
6.0,0.33461384475231165,1e-07,down
5.8,0.3551738411188125,1e-07,down
5.6,0.4469824824482202,1e-07,down
5.4,0.19362206198275084,1e-07,down
5.2,0.3385467380285262,1e-07,down
5.0,0.24963685125112525,1e-07,down
4.8,0.3511729808524251,1e-07,down
4.6,0.11647162958979604,1e-07,down
4.4,0.18732826411724088,1e-07,down
4.2,0.2810738272964954,1e-07,down
4.0,0.3684488981962203,1e-07,down
3.8,0.3888155203312635,1e-07,down
3.6,0.43624383211135853,1e-07,down
3.4,0.3515209071338176,1e-07,down
3.2,0.41932393237948407,1e-07,down
3.0,0.409809049218893,1e-07,down
2.8,0.37198762595653523,1e-07,down
2.6,0.1764486953616142,1e-07,down
2.4,0.37648023478686804,1e-07,down
2.2,0.1737920301966369,1e-07,down
2.0,0.17174692451953882,1e-07,down
1.8,0.4319648686796426,1e-07,down
1.6,0.1487341076135635,1e-07,down
1.4,0.4041185863316058,1e-07,down
1.2,0.44263456761837,1e-07,down
1.0,0.15309864748269317,1e-07,down
0.8,0.2598317830561427,1e-07,down
0.6,0.40045114746317256,1e-07,down
0.4,0.15901311393827197,1e-07,down
0.2,0.27256675437092776,1e-07,down
-0.0,0.13468013145029542,1e-07,down
-0.0,0.13468013145029542,1e-07,up
0.2,0.12238606065511701,1e-07,up
0.4,0.41357929678633804,1e-07,up
0.6,0.3834254089742898,1e-07,up
0.8,0.07070295140147208,1e-07,up
1.0,0.28514534607529635,1e-07,up
1.2,0.05304881138727068,1e-07,up
1.4,0.1582236611284315,1e-07,up
1.6,0.14776735019404438,1e-07,up
1.8,0.29960771277546877,1e-07,up
2.0,0.41532078012824053,1e-07,up
2.2,0.3253507819026708,1e-07,up
2.4,0.4389438526704907,1e-07,up
2.6,0.34934658650308836,1e-07,up
2.8,0.4683286594226955,1e-07,up
3.0,0.12402272596955298,1e-07,up
3.2,0.3791867084801196,1e-07,up
3.4,0.3568441420793533,1e-07,up
3.6,0.46483742026612157,1e-07,up
3.8,0.1148052532225847,1e-07,up
4.0,0.3699208814650774,1e-07,up
4.2,0.08687524590641257,1e-07,up
4.4,0.33470475859940046,1e-07,up
4.6,0.15367868606699628,1e-07,up
4.8,0.32638750877231354,1e-07,up
5.0,0.6172338118776678,1e-07,up
5.2,0.09904444590210912,1e-07,up
5.4,0.4288035780191421,1e-07,up
5.6,0.18854511529207224,1e-07,up
5.8,0.396079575177282,1e-07,up
6.0,0.5013370551168917,1e-07,up
6.2,0.39087279140949244,1e-07,up
6.4,0.31376026570796955,1e-07,up
6.6,0.5636418666690587,1e-07,up
6.8,0.3878383338451385,1e-07,up
7.0,0.503900323063135,1e-07,up
7.2,0.3567717894911765,1e-07,up
7.4,0.49230929091572756,1e-07,up
7.6,0.3714807238429784,1e-07,up
7.8,0.47001375164836634,1e-07,up
8.0,0.3856958784162997,1e-07,up
8.0,0.4900665739551186,1e-07,down
7.8,0.5816883891820906,1e-07,down
7.6,0.4683927502483129,1e-07,down
7.4,0.49234734103083605,1e-07,down
7.2,0.45730742067098606,1e-07,down
7.0,0.5766966603696345,1e-07,down
6.8,0.5873929788649547,1e-07,down
6.6,0.5366050824522971,1e-07,down
6.4,0.5591573631390928,1e-07,down
6.2,0.3382706977427005,1e-07,down
6.0,0.4060522243380546,1e-07,down
5.8,0.2681085988879203,1e-07,down
5.6,0.34422055445611466,1e-07,down
5.4,0.31654654943849886,1e-07,down
5.2,0.20933026121929282,1e-07,down
5.0,0.28059802576899523,1e-07,down
4.8,0.4332427717745303,1e-07,down
4.6,0.14537727832794187,1e-07,down
4.4,0.34924353519454593,1e-07,down
4.2,0.2984144818037748,1e-07,down
4.0,0.23723637033253905,1e-07,down
3.8,0.33972296491265286,1e-07,down
3.6,0.3120676229009404,1e-07,down
3.4,0.41353501752018923,1e-07,down
3.2,0.13464399625081566,1e-07,down
3.0,0.4378989189863205,1e-07,down
2.8,0.29643155029043544,1e-07,down
2.6,0.42310474812984455,1e-07,down
2.4,0.3062137588858604,1e-07,down
2.2,0.5382401160895824,1e-07,down
2.0,0.4889200748875736,1e-07,down
1.8,0.026256607845425595,1e-07,down
1.6,0.36384640820324415,1e-07,down
1.4,0.5927581079304217,1e-07,down
1.2,0.5147929489612578,1e-07,down
1.0,0.5212119556963443,1e-07,down
0.8,0.6155102382181211,1e-07,down
0.6,-0.19247388187795877,1e-07,down
0.4,0.5258867266820744,1e-07,down
0.2,0.6625676006078719,1e-07,down
-0.0,0.5906978659331797,1e-07,down
-0.0,0.5906978659331797,1e-07,up
0.2,0.5629080832004546,1e-07,up
0.4,-0.249787475913763,1e-07,up
0.6,-0.15821465291082856,1e-07,up
0.8,0.4384897220879792,1e-07,up
1.0,-0.1861994992941618,1e-07,up
1.2,0.3474920983426272,1e-07,up
1.4,0.4513081647455692,1e-07,up
1.6,0.5506204147823154,1e-07,up
1.8,-0.16168990451842546,1e-07,up
2.0,0.4185167476534843,1e-07,up
2.2,0.6012978702783583,1e-07,up
2.4,0.5529198125004767,1e-07,up
2.6,-0.060241422615945346,1e-07,up
2.8,0.023714993149042116,1e-07,up
3.0,0.38972877711057663,1e-07,up
3.2,0.0032336390577256627,1e-07,up
3.4,0.10508608072996135,1e-07,up
3.6,0.4315178478136658,1e-07,up
3.8,-0.054412862285971655,1e-07,up
4.0,0.4017384015023708,1e-07,up
4.2,0.451058205217123,1e-07,up
4.4,0.005930390208959567,1e-07,up
4.6,0.039158836938440786,1e-07,up
4.8,0.4071214506402611,1e-07,up
5.0,-0.014394509606063382,1e-07,up
5.2,0.25454007461667055,1e-07,up
5.4,0.29302406124770636,1e-07,up
5.6,0.3260630648583173,1e-07,up
5.8,0.3390050306916236,1e-07,up
6.0,0.4170262739062308,1e-07,up
6.2,0.3943646550178527,1e-07,up
6.4,0.3873678483068942,1e-07,up
6.6,0.49964862130582327,1e-07,up
6.8,0.5936765242367982,1e-07,up
7.0,0.5693670734763144,1e-07,up
7.2,0.5773611087352037,1e-07,up
7.4,0.5220768079161643,1e-07,up
7.6,0.45381857454776753,1e-07,up
7.8,0.5249466923996806,1e-07,up
8.0,0.454152762889862,1e-07,up
8.0,0.5160895343869923,1e-07,down
7.8,0.5437116380780934,1e-07,down
7.6,0.5903492392972111,1e-07,down
7.4,0.5937209576368331,1e-07,down
7.2,0.6077561136335133,1e-07,down
7.0,0.4413068071007728,1e-07,down
6.8,0.4091304950416088,1e-07,down
6.6,0.5980672761797904,1e-07,down
6.4,0.4647854473441838,1e-07,down
6.2,0.4851526580750941,1e-07,down
6.0,0.4897267185151576,1e-07,down
5.8,0.3230212964117526,1e-07,down
5.6,0.4240029584616422,1e-07,down
5.4,0.44163914537057264,1e-07,down
5.2,0.23217554762959478,1e-07,down
5.0,0.45965143153443927,1e-07,down
4.8,0.3860184154473245,1e-07,down
4.6,0.23819818720221517,1e-07,down
4.4,0.23430990055203432,1e-07,down
4.2,0.5463072303682565,1e-07,down
4.0,0.41319790668785567,1e-07,down
3.8,0.5562809591647236,1e-07,down
3.6,0.16438729129731652,1e-07,down
3.4,0.23750254604965443,1e-07,down
3.2,0.22259668260812757,1e-07,down
3.0,0.16073761880397794,1e-07,down
2.8,0.2804252170026302,1e-07,down
2.6,0.2553242580033838,1e-07,down
2.4,0.44583569467067713,1e-07,down
2.2,0.49103131517767895,1e-07,down
2.0,0.047393987886607626,1e-07,down
1.8,0.23653757758438582,1e-07,down
1.6,0.23401412367820734,1e-07,down
1.4,0.03632445260882376,1e-07,down
1.2,0.2820307537913322,1e-07,down
1.0,0.5112434213515371,1e-07,down
0.8,-0.10011810809373856,1e-07,down
0.6,0.17767833187826904,1e-07,down
0.4,0.12501220405101773,1e-07,down
0.2,0.33317281538620586,1e-07,down
-0.0,0.5130602158606051,1e-07,down
-0.0,0.5130602158606051,1e-07,up
0.2,0.4518880043178796,1e-07,up
0.4,0.46455694083124394,1e-07,up
0.6,-0.001682266592979442,1e-07,up
0.8,0.310831505805254,1e-07,up
1.0,-0.12745635211467743,1e-07,up
1.2,0.13726194947957987,1e-07,up
1.4,0.4005602374672889,1e-07,up
1.6,0.3905325792729854,1e-07,up
1.8,0.4499793928116559,1e-07,up
2.0,-0.027684417087584737,1e-07,up
2.2,0.4021615125238895,1e-07,up
2.4,-0.11448505520820616,1e-07,up
2.6,0.005484040826559063,1e-07,up
2.8,-0.028079133480787277,1e-07,up
3.0,0.01570603939762804,1e-07,up
3.2,0.02184038097038864,1e-07,up
3.4,-0.017523890361189846,1e-07,up
3.6,0.29299184819683427,1e-07,up
3.8,-0.0325294304639101,1e-07,up
4.0,0.3126832097768783,1e-07,up
4.2,0.045122657436877475,1e-07,up
4.4,0.1358813114929944,1e-07,up
4.6,0.20705450046807525,1e-07,up
4.8,0.22286963276565072,1e-07,up
5.0,0.2869648556225001,1e-07,up
5.2,0.13385867699980733,1e-07,up
5.4,0.2463134750723838,1e-07,up
5.6,0.26496412418782705,1e-07,up
5.8,0.3485154025256633,1e-07,up
6.0,0.2069490365684032,1e-07,up
6.2,0.4132824288681149,1e-07,up
6.4,0.3445689771324395,1e-07,up
6.6,0.41229786071926344,1e-07,up
6.8,0.5775645673274993,1e-07,up
7.0,0.5661244522780179,1e-07,up
7.2,0.5772506436333059,1e-07,up
7.4,0.5407065525650977,1e-07,up
7.6,0.4437841831240802,1e-07,up
7.8,0.43452028557658184,1e-07,up
8.0,0.5385717069730162,1e-07,up
8.0,0.4897766942158341,1e-07,down
7.8,0.5702805574983357,1e-07,down
7.6,0.5904233213514088,1e-07,down
7.4,0.4523022756911813,1e-07,down
7.2,0.5852604173123835,1e-07,down
7.0,0.4469057098031043,1e-07,down
6.8,0.4363926574587821,1e-07,down
6.6,0.3387400954961776,1e-07,down
6.4,0.38087985664606083,1e-07,down
6.2,0.3046769946813583,1e-07,down
6.0,0.4741312991827726,1e-07,down
5.8,0.31962568871676916,1e-07,down
5.6,0.4152233228087424,1e-07,down
5.4,0.4418013133108615,1e-07,down
5.2,0.5278511270880698,1e-07,down
5.0,0.16963808238506314,1e-07,down
4.8,0.4044781550765037,1e-07,down
4.6,0.5249245353043078,1e-07,down
4.4,-0.05480484385043383,1e-07,down
4.2,0.4259199330117553,1e-07,down
4.0,0.7006266871467232,1e-07,down
3.8,0.08071408420801159,1e-07,down
3.6,0.1309236967936158,1e-07,down
3.4,0.40439089108258486,1e-07,down
3.2,-0.06831531692296265,1e-07,down
3.0,0.11461548507213588,1e-07,down
2.8,0.537508636713028,1e-07,down
2.6,0.5518516469746827,1e-07,down
2.4,0.5839517237618564,1e-07,down
2.2,0.5742480065673589,1e-07,down
2.0,-0.06694339495152235,1e-07,down
1.8,0.40734011773020024,1e-07,down
1.6,-0.1085815569385886,1e-07,down
1.4,0.40263251180294896,1e-07,down
1.2,0.6668306500650941,1e-07,down
1.0,-0.05716043710708618,1e-07,down
0.8,0.200243167579174,1e-07,down
0.6,0.5584747157990931,1e-07,down
0.4,0.6830956526100634,1e-07,down
0.2,0.6645753183402121,1e-07,down
-0.0,0.65244023501873,1e-07,down
-0.0,0.65244023501873,1e-07,up
0.2,-0.15255690086632964,1e-07,up
0.4,0.4535901919007301,1e-07,up
0.6,0.5465775607153772,1e-07,up
0.8,-0.08659008517861368,1e-07,up
1.0,0.46351962164044375,1e-07,up
1.2,0.476343348622322,1e-07,up
1.4,0.43785663507878775,1e-07,up
1.6,-0.0038507860153913676,1e-07,up
1.8,0.40078609995543946,1e-07,up
2.0,-0.052271097432821996,1e-07,up
2.2,0.39648468233644957,1e-07,up
2.4,-0.051977788796648376,1e-07,up
2.6,0.42922016978263844,1e-07,up
2.8,0.6137412469834088,1e-07,up
3.0,-0.030264735221862807,1e-07,up
3.2,0.2767924461513757,1e-07,up
3.4,0.13386998325586316,1e-07,up
3.6,0.31919159274548287,1e-07,up
3.8,0.20257383584976194,1e-07,up
4.0,0.25453838333487505,1e-07,up
4.2,0.3627171451225876,1e-07,up
4.4,0.1690832862514071,1e-07,up
4.6,0.16382215544581408,1e-07,up
4.8,0.22786595404613758,1e-07,up
5.0,0.21561615914106363,1e-07,up
5.2,0.4570280611515044,1e-07,up
5.4,0.09998589754104611,1e-07,up
5.6,0.49333404004573816,1e-07,up
5.8,0.20403330773115153,1e-07,up
6.0,0.4550162255764007,1e-07,up
6.2,0.22141882777214045,1e-07,up
6.4,0.48361182026565064,1e-07,up
6.6,0.46988750994205464,1e-07,up
6.8,0.3446041494607925,1e-07,up
7.0,0.359452411532402,1e-07,up
7.2,0.42308226972818364,1e-07,up
7.4,0.4215172752737998,1e-07,up
7.6,0.4399647116661071,1e-07,up
7.8,0.5570846376940607,1e-07,up
8.0,0.5077388323843478,1e-07,up
8.0,0.49134325608611096,1e-07,down
7.8,0.4622811302542686,1e-07,down
7.6,0.5599811431020497,1e-07,down
7.4,0.44537525251507754,1e-07,down
7.2,0.6566150523722172,1e-07,down
7.0,0.5553577104583381,1e-07,down
6.8,0.4021353116258978,1e-07,down
6.6,0.38522737971834425,1e-07,down
6.4,0.3686741478741168,1e-07,down
6.2,0.5163827911019324,1e-07,down
6.0,0.3236341178417205,1e-07,down
5.8,0.3057715147733688,1e-07,down
5.6,0.44661079533398146,1e-07,down
5.4,0.4108571708202361,1e-07,down
5.2,0.6004211609251796,1e-07,down
5.0,0.3667088951915502,1e-07,down
4.8,0.3257565479725599,1e-07,down
4.6,0.2779570706188678,1e-07,down
4.4,0.34832837432622904,1e-07,down
4.2,0.2541250735521316,1e-07,down
4.0,0.45562119036912907,1e-07,down
3.8,0.22926252335309977,1e-07,down
3.6,0.2294099926948547,1e-07,down
3.4,0.263586513698101,1e-07,down
3.2,0.26564245671033854,1e-07,down
3.0,0.11633490771055219,1e-07,down
2.8,0.2626512795686721,1e-07,down
2.6,0.41070049256086344,1e-07,down
2.4,0.41866238601505745,1e-07,down
2.2,0.07637791335582732,1e-07,down
2.0,0.254512645304203,1e-07,down
1.8,0.18818327039480204,1e-07,down
1.6,0.2615647995844483,1e-07,down
1.4,0.43630941025912756,1e-07,down
1.2,0.09949949756264684,1e-07,down
1.0,0.2338546589016914,1e-07,down
0.8,0.3542216764762997,1e-07,down
0.6,0.06732380378525703,1e-07,down
0.4,0.24861595872789619,1e-07,down
0.2,0.37105858884751786,1e-07,down
-0.0,0.21393844112753863,1e-07,down
-0.0,0.21393844112753863,1e-07,up
0.2,0.13691811263561243,1e-07,up
0.4,0.19369941949844358,1e-07,up
0.6,0.2647119536995887,1e-07,up
0.8,0.2527340613305568,1e-07,up
1.0,0.06939253956079482,1e-07,up
1.2,0.17541897296905512,1e-07,up
1.4,0.24230371415615076,1e-07,up
1.6,0.14182888716459272,1e-07,up
1.8,0.21540684252977366,1e-07,up
2.0,0.20351148489862678,1e-07,up
2.2,0.05837060464546084,1e-07,up
2.4,0.19748510885983703,1e-07,up
2.6,0.44436021335422987,1e-07,up
2.8,0.0921068489551544,1e-07,up
3.0,0.28564018011093134,1e-07,up
3.2,0.39379608258605,1e-07,up
3.4,0.07725319452583788,1e-07,up
3.6,0.2410356625914573,1e-07,up
3.8,0.28032208979129786,1e-07,up
4.0,0.17356083542108533,1e-07,up
4.2,0.3374763429164886,1e-07,up
4.4,0.11455541849136351,1e-07,up
4.6,0.30236091464757914,1e-07,up
4.8,0.3126088082790374,1e-07,up
5.0,0.18616844713687894,1e-07,up
5.2,0.43104555271565903,1e-07,up
5.4,0.49612590670585627,1e-07,up
5.6,0.2321042418479919,1e-07,up
5.8,0.37335878610610956,1e-07,up
6.0,0.25778184831142426,1e-07,up
6.2,0.3287607580423354,1e-07,up
6.4,0.5520391855388879,1e-07,up
6.6,0.5276943743228911,1e-07,up
6.8,0.31269329786300654,1e-07,up
7.0,0.5583508815616368,1e-07,up
7.2,0.48207398084923614,1e-07,up
7.4,0.46002583764493454,1e-07,up
7.6,0.4748039655387401,1e-07,up
7.8,0.4852962531149386,1e-07,up
8.0,0.5315810963511466,1e-07,up
8.0,0.47754037007689465,1e-07,down
7.8,0.5442803613841533,1e-07,down
7.6,0.5289939641952514,1e-07,down
7.4,0.5699615851044654,1e-07,down
7.2,0.5600710920989512,1e-07,down
7.0,0.6314962292090057,1e-07,down
6.8,0.5679729245603083,1e-07,down
6.6,0.4020332247018813,1e-07,down
6.4,0.3678656667470931,1e-07,down
6.2,0.6021063085645436,1e-07,down
6.0,0.4777837339788675,1e-07,down
5.8,0.4204992298036813,1e-07,down
5.6,0.28640365414321417,1e-07,down
5.4,0.3866138728335499,1e-07,down
5.2,0.5765840932726859,1e-07,down
5.0,0.18105595186352724,1e-07,down
4.8,0.4162478521466254,1e-07,down
4.6,0.4158525466918945,1e-07,down
4.4,0.2522406876087188,1e-07,down
4.2,0.26506312191486353,1e-07,down
4.0,0.32573028653860087,1e-07,down
3.8,0.2315161302685737,1e-07,down
3.6,0.4074452919885515,1e-07,down
3.4,0.48920057690702373,1e-07,down
3.2,0.12314005196094512,1e-07,down
3.0,0.3245218072552233,1e-07,down
2.8,-0.032394384616054595,1e-07,down
2.6,0.4352996018715202,1e-07,down
2.4,0.5624733977019786,1e-07,down
2.2,-0.05911707365885377,1e-07,down
2.0,0.19866227358579633,1e-07,down
1.8,0.15344720892608163,1e-07,down
1.6,0.11592353880405423,1e-07,down
1.4,0.17785178124904633,1e-07,down
1.2,0.2333130799233913,1e-07,down
1.0,0.2949262242764234,1e-07,down
0.8,0.49761597486212844,1e-07,down
0.6,0.4005113057792186,1e-07,down
0.4,-0.07756843010429293,1e-07,down
0.2,0.08260768651962279,1e-07,down
-0.0,0.43714904412627215,1e-07,down
-0.0,0.43714904412627215,1e-07,up
0.2,0.5666664168238639,1e-07,up
0.4,-0.1454765722155571,1e-07,up
0.6,0.41465985681861633,1e-07,up
0.8,-0.10625801980495453,1e-07,up
1.0,0.3652980318292975,1e-07,up
1.2,0.4951490759849548,1e-07,up
1.4,0.491050801007077,1e-07,up
1.6,-0.10440566018223763,1e-07,up
1.8,-0.013956096023321167,1e-07,up
2.0,0.44331886619329447,1e-07,up
2.2,0.6282855985919014,1e-07,up
2.4,0.4501472525298595,1e-07,up
2.6,0.6325656492263078,1e-07,up
2.8,0.4389017894864081,1e-07,up
3.0,0.5451091255526989,1e-07,up
3.2,0.4249414540827274,1e-07,up
3.4,0.5716240713372825,1e-07,up
3.6,0.5174560137093067,1e-07,up
3.8,0.558992969803512,1e-07,up
4.0,0.5547823607921599,1e-07,up
4.2,0.6409583240747451,1e-07,up
4.4,-0.0955969514325261,1e-07,up
4.6,0.5535207428038119,1e-07,up
4.8,0.011595419899094822,1e-07,up
5.0,0.44347652094438667,1e-07,up
5.2,0.5836503328755497,1e-07,up
5.4,0.2100846050307154,1e-07,up
5.6,0.3157233819365501,1e-07,up
5.8,0.335987702012062,1e-07,up
6.0,0.37859158765058953,1e-07,up
6.2,0.505058793351054,1e-07,up
6.4,0.48416912183165545,1e-07,up
6.6,0.6387109303614122,1e-07,up
6.8,0.6460579718695953,1e-07,up
7.0,0.5887787183746694,1e-07,up
7.2,0.6652114521712064,1e-07,up
7.4,0.6416355748660861,1e-07,up
7.6,0.4389356251340359,1e-07,up
7.8,0.5090829450637101,1e-07,up
8.0,0.45196593552827824,1e-07,up
8.0,0.4686923138797282,1e-07,down
7.8,0.4508759304881095,1e-07,down
7.6,0.5763777140527963,1e-07,down
7.4,0.47857679240405554,1e-07,down
7.2,0.44350369088351715,1e-07,down
7.0,0.4237705511040985,1e-07,down
6.8,0.5250005722045897,1e-07,down
6.6,0.398734651505947,1e-07,down
6.4,0.3758637905120849,1e-07,down
6.2,0.2783032804727554,1e-07,down
6.0,0.31701461225748057,1e-07,down
5.8,0.5152271408587693,1e-07,down
5.6,0.2232495499774813,1e-07,down
5.4,0.34182389266788954,1e-07,down
5.2,0.502281256020069,1e-07,down
5.0,0.5118602626025676,1e-07,down
4.8,0.0684180837124586,1e-07,down
4.6,0.4099445678293705,1e-07,down
4.4,0.5164911374449729,1e-07,down
4.2,-0.03898540139198304,1e-07,down
4.0,0.3626827225089073,1e-07,down
3.8,0.5417609103024005,1e-07,down
3.6,0.5206607915461062,1e-07,down
3.4,0.4659947506152093,1e-07,down
3.2,0.10222007147967814,1e-07,down
3.0,0.3795212507247924,1e-07,down
2.8,0.4319258388131856,1e-07,down
2.6,0.4250138453789985,1e-07,down
2.4,0.26290652528405184,1e-07,down
2.2,-0.029627393931150436,1e-07,down
2.0,0.2670543864369392,1e-07,down
1.8,-0.0725085586309433,1e-07,down
1.6,0.2627681419253349,1e-07,down
1.4,-0.10445905849337576,1e-07,down
1.2,0.11863093823194501,1e-07,down
1.0,0.1705860327929258,1e-07,down
0.8,-0.050362394191324704,1e-07,down
0.6,0.2510789884254336,1e-07,down
0.4,0.3661145679652691,1e-07,down
0.2,0.4563532294705509,1e-07,down
-0.0,0.4440365128684788,1e-07,down
-0.0,0.4440365128684788,1e-07,up
0.2,-0.002230894751846798,1e-07,up
0.4,0.2381727353786118,1e-07,up
0.6,0.3087278991006314,1e-07,up
0.8,0.019000757252797474,1e-07,up
1.0,0.19746249215677375,1e-07,up
1.2,0.11340343719348309,1e-07,up
1.4,0.16472749691456556,1e-07,up
1.6,0.08568737655878066,1e-07,up
1.8,0.1780898896977305,1e-07,up
2.0,0.1598719200119376,1e-07,up
2.2,0.2115339152514934,1e-07,up
2.4,0.19112523738294837,1e-07,up
2.6,0.2838714681565761,1e-07,up
2.8,0.40441891504451627,1e-07,up
3.0,0.2845236118882894,1e-07,up
3.2,0.4272527890279888,1e-07,up
3.4,0.158553147688508,1e-07,up
3.6,0.24898448586463925,1e-07,up
3.8,0.12015289440751074,1e-07,up
4.0,0.26771363802254194,1e-07,up
4.2,0.36480256170034403,1e-07,up
4.4,0.37950769625604147,1e-07,up
4.6,0.4226457886397838,1e-07,up
4.8,0.4261381831020116,1e-07,up
5.0,0.09918651729822156,1e-07,up
5.2,0.2989555855747312,1e-07,up
5.4,0.3747009029611944,1e-07,up
5.6,0.18807940557599062,1e-07,up
5.8,0.34355032816529263,1e-07,up
6.0,0.39264581725001324,1e-07,up
6.2,0.23038662225008005,1e-07,up
6.4,0.3457727283239364,1e-07,up
6.6,0.278293028473854,1e-07,up
6.8,0.3856868147850036,1e-07,up
7.0,0.5524439468281342,1e-07,up
7.2,0.4094813875854014,1e-07,up
7.4,0.4292860282585024,1e-07,up
7.6,0.44978096242994065,1e-07,up
7.8,0.5366687811911105,1e-07,up
8.0,0.49062864482402785,1e-07,up
8.0,0.45746612362563605,1e-07,down
7.8,0.5204752548015675,1e-07,down
7.6,0.46437330730259413,1e-07,down
7.4,0.4545673094689845,1e-07,down
7.2,0.4723113402724265,1e-07,down
7.0,0.528524869121611,1e-07,down
6.8,0.3572843102738261,1e-07,down
6.6,0.5295257968828081,1e-07,down
6.4,0.4474320234730839,1e-07,down
6.2,0.5400667779031209,1e-07,down
6.0,0.47157313395291556,1e-07,down
5.8,0.25226978282444174,1e-07,down
5.6,0.3560863062739371,1e-07,down
5.4,0.4344424121081828,1e-07,down
5.2,0.451729361899197,1e-07,down
5.0,0.4975879646372049,1e-07,down
4.8,0.4049298465251922,1e-07,down
4.6,0.3570644259452819,1e-07,down
4.4,0.19385482743382448,1e-07,down
4.2,0.21836695144884286,1e-07,down
4.0,0.2914567403495311,1e-07,down
3.8,0.1920234649442136,1e-07,down
3.6,0.24442589748650784,1e-07,down
3.4,0.35773937031626696,1e-07,down
3.2,0.3800206389278173,1e-07,down
3.0,0.36780006811022753,1e-07,down
2.8,0.40814669802784914,1e-07,down
2.6,0.15032429469283665,1e-07,down
2.4,0.26208271831274027,1e-07,down
2.2,0.1135419332422316,1e-07,down
2.0,0.27331272885203356,1e-07,down
1.8,0.20472857030108568,1e-07,down
1.6,0.21350111067295074,1e-07,down
1.4,0.19570601545274258,1e-07,down
1.2,0.273749578744173,1e-07,down
1.0,0.08260943368077275,1e-07,down
0.8,0.3527878746390342,1e-07,down
0.6,0.3220120929181575,1e-07,down
0.4,0.4985585696995258,1e-07,down
0.2,0.11581978341564533,1e-07,down
-0.0,0.2755785975605249,1e-07,down
-0.0,0.2755785975605249,1e-07,up
0.2,0.36207877099514,1e-07,up
0.4,0.19319187849760053,1e-07,up
0.6,0.2858441695570945,1e-07,up
0.8,0.38401455059647555,1e-07,up
1.0,-0.0051441835239529705,1e-07,up
1.2,0.36095550097525114,1e-07,up
1.4,0.0956834013923071,1e-07,up
1.6,0.29642032459378237,1e-07,up
1.8,0.17446997482329604,1e-07,up
2.0,0.291405314579606,1e-07,up
2.2,0.3244413919746875,1e-07,up
2.4,0.4516636654734611,1e-07,up
2.6,0.2768536694347858,1e-07,up
2.8,0.12169491499662395,1e-07,up
3.0,0.2902752989903092,1e-07,up
3.2,0.26447166129946703,1e-07,up
3.4,0.1613670216320315,1e-07,up
3.6,0.20758787350496274,1e-07,up
3.8,0.3426993093453347,1e-07,up
4.0,0.12952416017651555,1e-07,up
4.2,0.31114499084651465,1e-07,up
4.4,0.23356531187891957,1e-07,up
4.6,0.36135419458150864,1e-07,up
4.8,0.28398646973073477,1e-07,up
5.0,0.3795557469129562,1e-07,up
5.2,0.18091965746134514,1e-07,up
5.4,0.3188155575189739,1e-07,up
5.6,0.2163112368434667,1e-07,up
5.8,0.4540752107277512,1e-07,up
6.0,0.42981431446969504,1e-07,up
6.2,0.330327495932579,1e-07,up
6.4,0.42657548934221257,1e-07,up
6.6,0.5523534324020146,1e-07,up
6.8,0.5942102298140525,1e-07,up
7.0,0.34578541666269297,1e-07,up
7.2,0.5356254503130912,1e-07,up
7.4,0.5051000053063034,1e-07,up
7.6,0.44583112373948086,1e-07,up
7.8,0.5380669403821229,1e-07,up
8.0,0.44398973509669293,1e-07,up
8.0,0.4673510370776056,1e-07,down
7.8,0.558276709227357,1e-07,down
7.6,0.5285348780453204,1e-07,down
7.4,0.4345364687032997,1e-07,down
7.2,0.6248311158269643,1e-07,down
7.0,0.5618251748383044,1e-07,down
6.8,0.39798514544963826,1e-07,down
6.6,0.38217404484748835,1e-07,down
6.4,0.5638468768447636,1e-07,down
6.2,0.43277271091938013,1e-07,down
6.0,0.4494237843900918,1e-07,down
5.8,0.4010469168424605,1e-07,down
5.6,0.36416942626237864,1e-07,down
5.4,0.6303219199180602,1e-07,down
5.2,0.4565511308610438,1e-07,down
5.0,0.2517548389732837,1e-07,down
4.8,0.4152915811864658,1e-07,down
4.6,0.35130075924098486,1e-07,down
4.4,0.1426056660711765,1e-07,down
4.2,0.4599395468831061,1e-07,down
4.0,0.32869316637516016,1e-07,down
3.8,0.29436734132468695,1e-07,down
3.6,0.4675724701955914,1e-07,down
3.4,0.3585079237818718,1e-07,down
3.2,0.376024164725095,1e-07,down
3.0,0.2317828433588147,1e-07,down
2.8,0.06779420888051389,1e-07,down
2.6,0.3486191015690564,1e-07,down
2.4,0.1797254309058189,1e-07,down
2.2,0.24525474384427068,1e-07,down
2.0,0.1494027283042669,1e-07,down
1.8,0.21620376035571096,1e-07,down
1.6,0.4053573091514408,1e-07,down
1.4,0.07472284231334923,1e-07,down
1.2,0.35932669229805464,1e-07,down
1.0,0.228965702233836,1e-07,down
0.8,0.26643526926636696,1e-07,down
0.6,0.055659763514995554,1e-07,down
0.4,0.27867161296308035,1e-07,down
0.2,0.2448499323800206,1e-07,down
-0.0,-0.01721781585365534,1e-07,down
-0.0,-0.01721781585365534,1e-07,up
0.2,0.23238082043826577,1e-07,up
0.4,0.024234684184193608,1e-07,up
0.6,0.2208976205438375,1e-07,up
0.8,0.14610547339543697,1e-07,up
1.0,0.18245360534638164,1e-07,up
1.2,0.08391861012205479,1e-07,up
1.4,0.13369073718786237,1e-07,up
1.6,0.24451498547568912,1e-07,up
1.8,0.3473415742628276,1e-07,up
2.0,0.4217072213068604,1e-07,up
2.2,0.11762828775681552,1e-07,up
2.4,0.24533794075250623,1e-07,up
2.6,0.08606452285312115,1e-07,up
2.8,0.21767408028244967,1e-07,up
3.0,0.19499258755240587,1e-07,up
3.2,0.2913079057470895,1e-07,up
3.4,0.14737466908991334,1e-07,up
3.6,0.2141265962272882,1e-07,up
3.8,0.16120755206793544,1e-07,up
4.0,0.22582225478254256,1e-07,up
4.2,0.37189112328633195,1e-07,up
4.4,0.2127857810410205,1e-07,up
4.6,0.3776157676475122,1e-07,up
4.8,0.4966605659574269,1e-07,up
5.0,0.5666679386049508,1e-07,up
5.2,0.2853046497330069,1e-07,up
5.4,0.31561579788103694,1e-07,up
5.6,0.4141342598013579,1e-07,up
5.8,0.37205929262563575,1e-07,up
6.0,0.41688600182533253,1e-07,up
6.2,0.42073576466646034,1e-07,up
6.4,0.6506519950926302,1e-07,up
6.6,0.5687545500695704,1e-07,up
6.8,0.3310265867039561,1e-07,up
7.0,0.5678497673943639,1e-07,up
7.2,0.46485304087400425,1e-07,up
7.4,0.5462634842842816,1e-07,up
7.6,0.5444627874530851,1e-07,up
7.8,0.5108598638325929,1e-07,up
8.0,0.5213941065594554,1e-07,up
8.0,0.4567162385210394,1e-07,down
7.8,0.45310935564339155,1e-07,down
7.6,0.5452181994915007,1e-07,down
7.4,0.5259337313473224,1e-07,down
7.2,0.5534692723304032,1e-07,down
7.0,0.4406732842326163,1e-07,down
6.8,0.38897738605737675,1e-07,down
6.6,0.3540751449763774,1e-07,down
6.4,0.6161044631153344,1e-07,down
6.2,0.36299667879939074,1e-07,down
6.0,0.5400830637663602,1e-07,down
5.8,0.43807914108037943,1e-07,down
5.6,0.19636369869112966,1e-07,down
5.4,0.5017305868677794,1e-07,down
5.2,0.3536199070513248,1e-07,down
5.0,0.3964089965447783,1e-07,down
4.8,0.31999731063842773,1e-07,down
4.6,0.378791847731918,1e-07,down
4.4,0.40879646316170687,1e-07,down
4.2,0.381373070180416,1e-07,down
4.0,0.32520673796534527,1e-07,down
3.8,0.3964877761900424,1e-07,down
3.6,0.5479869320988654,1e-07,down
3.4,0.07154042087495324,1e-07,down
3.2,0.40733411069959397,1e-07,down
3.0,0.06263085082173346,1e-07,down
2.8,0.43391457386314863,1e-07,down
2.6,0.6390150543302296,1e-07,down
2.4,0.2329295491799712,1e-07,down
2.2,0.42651586048305024,1e-07,down
2.0,0.17558972537517545,1e-07,down
1.8,0.45498664118349547,1e-07,down
1.6,0.6104449331760406,1e-07,down
1.4,0.6398009508848189,1e-07,down
1.2,0.05195790529251097,1e-07,down
1.0,0.3057013526558876,1e-07,down
0.8,0.046259954571723924,1e-07,down
0.6,0.40786043182015413,1e-07,down
0.4,0.4072308428585528,1e-07,down
0.2,0.49792576208710665,1e-07,down
-0.0,0.45262071071192617,1e-07,down
-0.0,0.45262071071192617,1e-07,up
0.2,0.2504642345011234,1e-07,up
0.4,0.4556717014638706,1e-07,up
0.6,0.2944889515638351,1e-07,up
0.8,0.34300108253955836,1e-07,up
1.0,0.49967327713966364,1e-07,up
1.2,0.5445281360298394,1e-07,up
1.4,0.5061961859464644,1e-07,up
1.6,0.4663373222574591,1e-07,up
1.8,0.14114661002531645,1e-07,up
2.0,0.3309774072840809,1e-07,up
2.2,0.2849586717784404,1e-07,up
2.4,0.18236604705452916,1e-07,up
2.6,0.3708432298153638,1e-07,up
2.8,0.2616090783849358,1e-07,up
3.0,0.49523872206918884,1e-07,up
3.2,0.2971918433904647,1e-07,up
3.4,0.10405395738780497,1e-07,up
3.6,0.416104419156909,1e-07,up
3.8,0.35891362093389023,1e-07,up
4.0,0.4906618138775229,1e-07,up
4.2,0.4729718891903757,1e-07,up
4.4,0.30218608491122717,1e-07,up
4.6,0.3401918374001979,1e-07,up
4.8,0.4446529978886246,1e-07,up
5.0,0.3810125089948996,1e-07,up
5.2,0.3862123955041169,1e-07,up
5.4,0.4149068519473075,1e-07,up
5.6,0.23097902536392206,1e-07,up
5.8,0.21304389834403986,1e-07,up
6.0,0.31135248020291323,1e-07,up
6.2,0.31499247252941126,1e-07,up
6.4,0.45404328405857075,1e-07,up
6.6,0.3831556104123592,1e-07,up
6.8,0.48912251926958555,1e-07,up
7.0,0.6225193440914153,1e-07,up
7.2,0.5947812814265488,1e-07,up
7.4,0.5058584306389092,1e-07,up
7.6,0.5128303375095128,1e-07,up
7.8,0.4463760859798639,1e-07,up
8.0,0.4285864916746504,1e-07,up
8.0,0.47433941252529616,1e-07,down
7.8,0.42154423147439946,1e-07,down
7.6,0.4668382853269576,1e-07,down
7.4,0.4060863479971885,1e-07,down
7.2,0.5857649110257624,1e-07,down
7.0,0.571747351437807,1e-07,down
6.8,0.40943569689989084,1e-07,down
6.6,0.7204514570767059,1e-07,down
6.4,0.36133588221855456,1e-07,down
6.2,0.5295094302855432,1e-07,down
6.0,0.4822231230500619,1e-07,down
5.8,0.30041298083961004,1e-07,down
5.6,0.4737881328910588,1e-07,down
5.4,0.40073956269770855,1e-07,down
5.2,0.5182863771915435,1e-07,down
5.0,0.4421306625008582,1e-07,down
4.8,0.40804629400372494,1e-07,down
4.6,0.435172114521265,1e-07,down
4.4,0.3809298090636729,1e-07,down
4.2,0.24515399336814875,1e-07,down
4.0,0.509688640013337,1e-07,down
3.8,0.39302870864048595,1e-07,down
3.6,0.33436616696417326,1e-07,down
3.4,0.2783572231419384,1e-07,down
3.2,0.4983807338867336,1e-07,down
3.0,0.24423477519303552,1e-07,down
2.8,0.26143144816160196,1e-07,down
2.6,0.36027020122855896,1e-07,down
2.4,0.4242651350796221,1e-07,down
2.2,0.07773998007178305,1e-07,down
2.0,0.32532020844519133,1e-07,down
1.8,0.18406263925135133,1e-07,down
1.6,0.11361071094870565,1e-07,down
1.4,0.3839390873908996,1e-07,down
1.2,0.25710965692996973,1e-07,down
1.0,0.25524556636810297,1e-07,down
0.8,0.2666083918884396,1e-07,down
0.6,0.4189958870410918,1e-07,down
0.4,0.4693423938006162,1e-07,down
0.2,0.5315887331962584,1e-07,down
-0.0,-0.003360923379659655,1e-07,down
-0.0,-0.003360923379659655,1e-07,up
0.2,0.2206763550639152,1e-07,up
0.4,-0.005370132625103002,1e-07,up
0.6,0.16135571897029874,1e-07,up
0.8,0.39830007590353483,1e-07,up
1.0,0.35132947936654085,1e-07,up
1.2,0.33454623632132996,1e-07,up
1.4,0.28403262048959727,1e-07,up
1.6,0.10291121900081633,1e-07,up
1.8,0.2894239947199821,1e-07,up
2.0,0.0843109363922849,1e-07,up
2.2,0.15270891226828096,1e-07,up
2.4,0.12345483631361275,1e-07,up
2.6,0.23153982684016225,1e-07,up
2.8,0.12537855748087168,1e-07,up
3.0,0.26361426291987294,1e-07,up
3.2,0.3490595547482371,1e-07,up
3.4,0.20932082552462813,1e-07,up
3.6,0.24180189520120618,1e-07,up
3.8,0.34935808787122363,1e-07,up
4.0,0.3595396378077566,1e-07,up
4.2,0.24080313369631762,1e-07,up
4.4,0.3890900718979537,1e-07,up
4.6,0.21262143924832339,1e-07,up
4.8,0.24304751522140572,1e-07,up
5.0,0.28135910024866456,1e-07,up
5.2,0.23513302952051154,1e-07,up
5.4,0.4590601017698645,1e-07,up
5.6,0.4735572861973195,1e-07,up
5.8,0.31317944312468166,1e-07,up
6.0,0.4653270617127418,1e-07,up
6.2,0.5794814601540564,1e-07,up
6.4,0.35853580385446543,1e-07,up
6.6,0.35770141333341593,1e-07,up
6.8,0.5629360266029833,1e-07,up
7.0,0.54436118574813,1e-07,up
7.2,0.5643173158168792,1e-07,up
7.4,0.5056350268423556,1e-07,up
7.6,0.4562715031206607,1e-07,up
7.8,0.4021882712841033,1e-07,up
8.0,0.46636319649405766,1e-07,up
8.0,0.5004023797810077,1e-07,down
7.8,0.4507347270846366,1e-07,down
7.6,0.42604719847440714,1e-07,down
7.4,0.6181487534195184,1e-07,down
7.2,0.5474150739610194,1e-07,down
7.0,0.43029358983039845,1e-07,down
6.8,0.656244727782905,1e-07,down
6.6,0.42652519792318333,1e-07,down
6.4,0.47325604036450375,1e-07,down
6.2,0.39684016257524485,1e-07,down
6.0,0.549930122680962,1e-07,down
5.8,0.4982987791299819,1e-07,down
5.6,0.466219725087285,1e-07,down
5.4,0.23619154654443258,1e-07,down
5.2,0.3200741768814623,1e-07,down
5.0,0.5637806085869669,1e-07,down
4.8,0.4535842165350913,1e-07,down
4.6,0.10293230786919592,1e-07,down
4.4,0.2278972743079066,1e-07,down
4.2,0.11120536923408506,1e-07,down
4.0,0.49362484053926886,1e-07,down
3.8,0.3154184184968471,1e-07,down
3.6,0.24966288730502126,1e-07,down
3.4,0.4041527844965457,1e-07,down
3.2,0.37357351742684836,1e-07,down
3.0,0.06294666649773716,1e-07,down
2.8,0.2120618503540754,1e-07,down
2.6,0.12518344772979617,1e-07,down
2.4,0.25725955888628954,1e-07,down
2.2,0.24759806320071215,1e-07,down
2.0,0.18048585020005703,1e-07,down
1.8,0.08168429695069788,1e-07,down
1.6,0.22554663306800643,1e-07,down
1.4,0.0838435952318832,1e-07,down
1.2,0.16666578501462934,1e-07,down
1.0,0.20320760458707804,1e-07,down
0.8,0.16367717832326886,1e-07,down
0.6,0.16811727732419965,1e-07,down
0.4,0.07428275048732756,1e-07,down
0.2,0.18834214657545087,1e-07,down
-0.0,0.4985968172550201,1e-07,down
-0.0,0.4985968172550201,1e-07,up
0.2,0.29344149562530214,1e-07,up
0.4,-0.16897734627127647,1e-07,up
0.6,0.2663575131446123,1e-07,up
0.8,0.4265833660028874,1e-07,up
1.0,0.2817248115316033,1e-07,up
1.2,-0.11075038835406302,1e-07,up
1.4,0.29531609034165734,1e-07,up
1.6,-0.062310554552823305,1e-07,up
1.8,0.34404619224369515,1e-07,up
2.0,0.4430635403841733,1e-07,up
2.2,0.054922311566770056,1e-07,up
2.4,0.31701670773327345,1e-07,up
2.6,0.07803901284933087,1e-07,up
2.8,0.2965272024739533,1e-07,up
3.0,0.02850397862493991,1e-07,up
3.2,0.23310707823839039,1e-07,up
3.4,0.5460945470258592,1e-07,up
3.6,0.32123131118714804,1e-07,up
3.8,0.06653450801968573,1e-07,up
4.0,0.2874380433931946,1e-07,up
4.2,0.3498903643339872,1e-07,up
4.4,0.16200051270425317,1e-07,up
4.6,0.25693343020975584,1e-07,up
4.8,0.23986905906349415,1e-07,up
5.0,0.34763271640986193,1e-07,up
5.2,0.35321467230096454,1e-07,up
5.4,0.10749509371817109,1e-07,up
5.6,0.44185868115164334,1e-07,up
5.8,0.3618993572890758,1e-07,up
6.0,0.23274300433695314,1e-07,up
6.2,0.5763200968503951,1e-07,up
6.4,0.3706574290990829,1e-07,up
6.6,0.4853192223235964,1e-07,up
6.8,0.4270660243928432,1e-07,up
7.0,0.44587330799549807,1e-07,up
7.2,0.5962370671331881,1e-07,up
7.4,0.5862988643348215,1e-07,up
7.6,0.5213915519416331,1e-07,up
7.8,0.5733593124896287,1e-07,up
8.0,0.5250403098762034,1e-07,up
8.0,0.5230509536340832,1e-07,down
7.8,0.6177279548719524,1e-07,down
7.6,0.49225587770342816,1e-07,down
7.4,0.6087923375889658,1e-07,down
7.2,0.44332280510570843,1e-07,down
7.0,0.44155433878768224,1e-07,down
6.8,0.6017415430396794,1e-07,down
6.6,0.4845766127109526,1e-07,down
6.4,0.573642823845148,1e-07,down
6.2,0.2972304560244083,1e-07,down
6.0,0.325067963451147,1e-07,down
5.8,0.18523250147700307,1e-07,down
5.6,0.37278247252106667,1e-07,down
5.4,0.37075921287760133,1e-07,down
5.2,0.18847247702069578,1e-07,down
5.0,0.24633093178272245,1e-07,down
4.8,0.2494701780378818,1e-07,down
4.6,0.45923818834125985,1e-07,down
4.4,0.23080116044729942,1e-07,down
4.2,0.4347189478576183,1e-07,down
4.0,0.35740857105702156,1e-07,down
3.8,0.07786935195326804,1e-07,down
3.6,0.3239748394116758,1e-07,down
3.4,0.06939246505498883,1e-07,down
3.2,0.19095988199114797,1e-07,down
3.0,-0.06522917747497557,1e-07,down
2.8,0.2702195178717374,1e-07,down
2.6,0.05094067007303236,1e-07,down
2.4,0.23959476407617325,1e-07,down
2.2,0.10319905728101728,1e-07,down
2.0,0.14603066816926,1e-07,down
1.8,0.3296332880854606,1e-07,down
1.6,0.4636934446170926,1e-07,down
1.4,-0.028444539522752176,1e-07,down
1.2,0.21687199734151358,1e-07,down
1.0,0.46148724481463427,1e-07,down
0.8,0.10184371843934058,1e-07,down
0.6,0.4478391055017709,1e-07,down
0.4,0.1562247644178569,1e-07,down
0.2,0.41631144285202015,1e-07,down
-0.0,0.7180539947003125,1e-07,down
-0.0,0.7180539947003125,1e-07,up
0.2,0.631519301328808,1e-07,up
0.4,0.5531417354941367,1e-07,up
0.6,0.5093127898871898,1e-07,up
0.8,-0.14250023500062522,1e-07,up
1.0,0.4561324818059801,1e-07,up
1.2,-0.09157620929181574,1e-07,up
1.4,0.4162459336221217,1e-07,up
1.6,0.48722416535019863,1e-07,up
1.8,0.5512180104851722,1e-07,up
2.0,0.5561433285474776,1e-07,up
2.2,0.6261887308210133,1e-07,up
2.4,-0.12367177382111551,1e-07,up
2.6,-0.03424482792615891,1e-07,up
2.8,0.43872771412134165,1e-07,up
3.0,0.5000639094505458,1e-07,up
3.2,0.5154637657105923,1e-07,up
3.4,0.521798638626933,1e-07,up
3.6,0.5228248657658695,1e-07,up
3.8,-0.05041275732219218,1e-07,up
4.0,0.2887099892832338,1e-07,up
4.2,0.5534933852031826,1e-07,up
4.4,0.3834559544920921,1e-07,up
4.6,0.519306523259729,1e-07,up
4.8,0.1196867739781737,1e-07,up
5.0,0.3556906655430793,1e-07,up
5.2,0.4946741014719009,1e-07,up
5.4,0.39871219173073763,1e-07,up
5.6,0.19511516019701955,1e-07,up
5.8,0.37875021912623186,1e-07,up
6.0,0.5100346691906451,1e-07,up
6.2,0.5094670094549655,1e-07,up
6.4,0.2899235431104898,1e-07,up
6.6,0.4448251202702522,1e-07,up
6.8,0.32550536794587964,1e-07,up
7.0,0.4677924457937478,1e-07,up
7.2,0.58890858059749,1e-07,up
7.4,0.5898034032434224,1e-07,up
7.6,0.5722549036145209,1e-07,up
7.8,0.5748106092214583,1e-07,up
8.0,0.5730288266204296,1e-07,up
8.0,0.48242523148655886,1e-07,down
7.8,0.43794371001422394,1e-07,down
7.6,0.5778984008356928,1e-07,down
7.4,0.4698443487286567,1e-07,down
7.2,0.4394284114241599,1e-07,down
7.0,0.6194315310567616,1e-07,down
6.8,0.436898642219603,1e-07,down
6.6,0.43568638386204833,1e-07,down
6.4,0.40201682131737465,1e-07,down
6.2,0.5710010733455418,1e-07,down
6.0,0.5325026856735348,1e-07,down
5.8,0.386541387066245,1e-07,down
5.6,0.44697964936494816,1e-07,down
5.4,0.2573014944791793,1e-07,down
5.2,0.3631784841418266,1e-07,down
5.0,0.33650861121714104,1e-07,down
4.8,0.21082093752920625,1e-07,down
4.6,0.18746876530349252,1e-07,down
4.4,0.2056058822199702,1e-07,down
4.2,0.35195388644933695,1e-07,down
4.0,0.2350190356373786,1e-07,down
3.8,0.2912134006619453,1e-07,down
3.6,0.5072790198028087,1e-07,down
3.4,0.09464238490909335,1e-07,down
3.2,0.311943317297846,1e-07,down
3.0,0.11900449264794585,1e-07,down
2.8,0.33998396992683405,1e-07,down
2.6,0.5458990409970282,1e-07,down
2.4,0.09898858331143852,1e-07,down
2.2,0.4853631202131509,1e-07,down
2.0,0.7165775522589682,1e-07,down
1.8,0.5679348255507647,1e-07,down
1.6,0.10017717070877549,1e-07,down
1.4,0.4971278244629502,1e-07,down
1.2,0.5311584230512381,1e-07,down
1.0,0.6223977245390414,1e-07,down
0.8,0.8029805999249219,1e-07,down
0.6,-0.09695326164364815,1e-07,down
0.4,0.5272286310791968,1e-07,down
0.2,0.06031407788395879,1e-07,down
-0.0,0.06733599351719019,1e-07,down
-0.0,0.06733599351719019,1e-07,up
0.2,0.030265990411862714,1e-07,up
0.4,-0.07090527564287186,1e-07,up
0.6,0.13210848346352574,1e-07,up
0.8,-0.05393358413130044,1e-07,up
1.0,0.04499767348170278,1e-07,up
1.2,0.45326147717423726,1e-07,up
1.4,0.47717426717281336,1e-07,up
1.6,-0.14554045302793384,1e-07,up
1.8,0.44619261100888247,1e-07,up
2.0,0.5967613924294709,1e-07,up
2.2,0.5526718422770499,1e-07,up
2.4,0.6069536171853541,1e-07,up
2.6,0.5662452653050422,1e-07,up
2.8,0.5929432846605777,1e-07,up
3.0,-0.12301214225590228,1e-07,up
3.2,0.0898750629276037,1e-07,up
3.4,0.027660213410854315,1e-07,up
3.6,0.6085353232920169,1e-07,up
3.8,-0.043463826179504395,1e-07,up
4.0,0.3891892945393919,1e-07,up
4.2,0.5024356383364647,1e-07,up
4.4,0.1822919342666864,1e-07,up
4.6,0.2952145058661699,1e-07,up
4.8,0.3124102242290973,1e-07,up
5.0,0.48688558116555203,1e-07,up
5.2,0.4532100493088364,1e-07,up
5.4,0.2645645206794142,1e-07,up
5.6,0.3107642754912376,1e-07,up
5.8,0.3994387835264205,1e-07,up
6.0,0.6174037875607609,1e-07,up
6.2,0.5665958020836114,1e-07,up
6.4,0.6386058665812014,1e-07,up
6.6,0.5626267492771148,1e-07,up
6.8,0.3757962957024574,1e-07,up
7.0,0.42660400271415705,1e-07,up
7.2,0.3992285951972007,1e-07,up
7.4,0.6302057795692233,1e-07,up
7.6,0.43793319072574366,1e-07,up
7.8,0.5503073297441005,1e-07,up
8.0,0.4666852024383842,1e-07,up
8.0,0.46694427914917463,1e-07,down
7.8,0.4420306304236873,1e-07,down
7.6,0.44637078768573696,1e-07,down
7.4,0.5448620542883872,1e-07,down
7.2,0.5275176921859384,1e-07,down
7.0,0.5509945116937159,1e-07,down
6.8,0.4979195082560181,1e-07,down
6.6,0.30250792950391764,1e-07,down
6.4,0.5417981892824171,1e-07,down
6.2,0.43800144456326956,1e-07,down
6.0,0.5337748415768145,1e-07,down
5.8,0.42388920485973347,1e-07,down
5.6,0.48376210033893574,1e-07,down
5.4,0.2770626284182071,1e-07,down
5.2,0.3137178202159702,1e-07,down
5.0,0.5027399212121962,1e-07,down
4.8,0.4422142934054135,1e-07,down
4.6,0.23144435137510294,1e-07,down
4.4,0.35471214354038233,1e-07,down
4.2,0.27841836586594576,1e-07,down
4.0,0.2867065072059631,1e-07,down
3.8,0.13132744282484052,1e-07,down
3.6,0.246774161234498,1e-07,down
3.4,0.13767088577151296,1e-07,down
3.2,0.38561215251684183,1e-07,down
3.0,0.10554865747690198,1e-07,down
2.8,0.3039007037878036,1e-07,down
2.6,0.3199187517166137,1e-07,down
2.4,0.4427197575569152,1e-07,down
2.2,0.09393980354070662,1e-07,down
2.0,0.2302635684609413,1e-07,down
1.8,0.22925896197557444,1e-07,down
1.6,0.23418060876429075,1e-07,down
1.4,0.1417541783303022,1e-07,down
1.2,0.29066584724932903,1e-07,down
1.0,0.26157703623175615,1e-07,down
0.8,0.012404583394527427,1e-07,down
0.6,0.17675812169909474,1e-07,down
0.4,0.5170421097427605,1e-07,down
0.2,0.3891576644964515,1e-07,down
-0.0,0.03409544005990028,1e-07,down
-0.0,0.03409544005990028,1e-07,up
0.2,0.16144760139286515,1e-07,up
0.4,0.15787240490317342,1e-07,up
0.6,0.3146241530776024,1e-07,up
0.8,0.09795092418789861,1e-07,up
1.0,0.10334851406514642,1e-07,up
1.2,0.2006664909422397,1e-07,up
1.4,0.2539455369114875,1e-07,up
1.6,0.08562017977237699,1e-07,up
1.8,0.20854676514863962,1e-07,up
2.0,0.2951874211430549,1e-07,up
2.2,0.31524290516972536,1e-07,up
2.4,0.29920523613691324,1e-07,up
2.6,0.3551178351044654,1e-07,up
2.8,0.3715644150215666,1e-07,up
3.0,0.35642821341753,1e-07,up
3.2,0.40834690490737546,1e-07,up
3.4,0.04584208875894546,1e-07,up
3.6,0.23705023806542153,1e-07,up
3.8,0.07278821244835852,1e-07,up
4.0,0.24111198168247935,1e-07,up
4.2,0.15550848655402658,1e-07,up
4.4,0.3171005239710211,1e-07,up
4.6,0.5007763393223285,1e-07,up
4.8,0.12584923207759854,1e-07,up
5.0,0.17751301079988477,1e-07,up
5.2,0.3230100646615027,1e-07,up
5.4,0.43125443905591954,1e-07,up
5.6,0.2659685388207435,1e-07,up
5.8,0.43401890620589245,1e-07,up
6.0,0.4258222877979278,1e-07,up
6.2,0.39920236915349955,1e-07,up
6.4,0.6563075394369662,1e-07,up
6.6,0.3210812378674745,1e-07,up
6.8,0.4110751808620989,1e-07,up
7.0,0.5571176894009112,1e-07,up
7.2,0.3983919620513915,1e-07,up
7.4,0.47015670314431174,1e-07,up
7.6,0.5162096992135048,1e-07,up
7.8,0.5175054129213094,1e-07,up
8.0,0.41258881613612164,1e-07,up
8.0,0.4550221972167491,1e-07,down
7.8,0.446117766201496,1e-07,down
7.6,0.5274794865399598,1e-07,down
7.4,0.43224945664405817,1e-07,down
7.2,0.5680599787738173,1e-07,down
7.0,0.5214845184236764,1e-07,down
6.8,0.379145230166614,1e-07,down
6.6,0.39653410669416184,1e-07,down
6.4,0.5875531826168298,1e-07,down
6.2,0.34218309260904783,1e-07,down
6.0,0.32715209387242794,1e-07,down
5.8,0.448834728449583,1e-07,down
5.6,0.20799642242491242,1e-07,down
5.4,0.24346668086946002,1e-07,down
5.2,0.12908603250980374,1e-07,down
5.0,0.2042059041559696,1e-07,down
4.8,0.12604820169508454,1e-07,down
4.6,0.14363831281661982,1e-07,down
4.4,0.1734370123594999,1e-07,down
4.2,0.22621037252247328,1e-07,down
4.0,0.5856718681752681,1e-07,down
3.8,0.12583790719509122,1e-07,down
3.6,0.28119113086722786,1e-07,down
3.4,0.26981412991881365,1e-07,down
3.2,0.24991166964173311,1e-07,down
3.0,0.32800896652042866,1e-07,down
2.8,0.05542149487882852,1e-07,down
2.6,0.39086100645363325,1e-07,down
2.4,0.323696319013834,1e-07,down
2.2,0.22173026204109186,1e-07,down
2.0,0.33331675082445145,1e-07,down
1.8,0.20931811630725858,1e-07,down
1.6,0.419089788571,1e-07,down
1.4,0.4322092235088348,1e-07,down
1.2,0.5452851839363574,1e-07,down
1.0,0.2297596270218491,1e-07,down
0.8,0.19801472872495646,1e-07,down
0.6,0.4222912108525633,1e-07,down
0.4,0.23935268819332117,1e-07,down
0.2,0.1535341218113899,1e-07,down
-0.0,0.33083782438188786,1e-07,down
-0.0,0.33083782438188786,1e-07,up
0.2,0.12221629265695808,1e-07,up
0.4,0.14974985271692273,1e-07,up
0.6,0.2821437572129071,1e-07,up
0.8,0.24593777209520334,1e-07,up
1.0,0.1292844573035836,1e-07,up
1.2,0.1553468128549866,1e-07,up
1.4,0.20932054519653318,1e-07,up
1.6,0.2624110616743564,1e-07,up
1.8,0.17305111512541768,1e-07,up
2.0,0.260434809140861,1e-07,up
2.2,0.2614207658916711,1e-07,up
2.4,0.18419076129794118,1e-07,up
2.6,0.1755744852125644,1e-07,up
2.8,0.19749859347939488,1e-07,up
3.0,0.19703296944499013,1e-07,up
3.2,0.19494102522730825,1e-07,up
3.4,0.36627458501607174,1e-07,up
3.6,0.27498194761574263,1e-07,up
3.8,0.17959461361169812,1e-07,up
4.0,0.3973142397589981,1e-07,up
4.2,0.43740778416395176,1e-07,up
4.4,0.45077229663729657,1e-07,up
4.6,0.46828299015760416,1e-07,up
4.8,0.20446011424064633,1e-07,up
5.0,0.3758099228143691,1e-07,up
5.2,0.4718717001378535,1e-07,up
5.4,0.38440651446580876,1e-07,up
5.6,0.24396874755620954,1e-07,up
5.8,0.30969595909118647,1e-07,up
6.0,0.4919871687889098,1e-07,up
6.2,0.5125295892357825,1e-07,up
6.4,0.6082214643247424,1e-07,up
6.6,0.5436243164585902,1e-07,up
6.8,0.3826651349663734,1e-07,up
7.0,0.4030164182186126,1e-07,up
7.2,0.5480723977088927,1e-07,up
7.4,0.5451801165472715,1e-07,up
7.6,0.4862395655363797,1e-07,up
7.8,0.4417727971449493,1e-07,up
8.0,0.4336104756221174,1e-07,up
8.0,0.48466129507869476,1e-07,down
7.8,0.5129157658666371,1e-07,down
7.6,0.4232498221099376,1e-07,down
7.4,0.535871174186468,1e-07,down
7.2,0.4102145498618483,1e-07,down
7.0,0.4020331306383013,1e-07,down
6.8,0.36929942108690733,1e-07,down
6.6,0.3527554348111152,1e-07,down
6.4,0.4102134611457586,1e-07,down
6.2,0.3136583231389522,1e-07,down
6.0,0.2758874744176864,1e-07,down
5.8,0.3242865540087223,1e-07,down
5.6,0.31218338385224337,1e-07,down
5.4,0.3814507151255383,1e-07,down
5.2,0.21708400920033452,1e-07,down
5.0,0.21622353419661516,1e-07,down
4.8,0.23690836894093079,1e-07,down
4.6,0.32494921423494816,1e-07,down
4.4,0.2640682412311434,1e-07,down
4.2,0.3404605034738779,1e-07,down
4.0,0.3691831193864345,1e-07,down
3.8,0.2142276702506933,1e-07,down
3.6,0.2719731871038675,1e-07,down
3.4,0.3664115406572818,1e-07,down
3.2,0.21298289811238644,1e-07,down
3.0,0.3471168037503957,1e-07,down
2.8,0.16008850955404338,1e-07,down
2.6,0.2498056106269359,1e-07,down
2.4,0.24829357489943502,1e-07,down
2.2,0.23800656199455256,1e-07,down
2.0,0.3954393621534108,1e-07,down
1.8,0.4092039894312619,1e-07,down
1.6,5.379877984522748e-05,1e-07,down
1.4,0.2890985291451215,1e-07,down
1.2,0.3725695428438484,1e-07,down
1.0,0.0004579881206154832,1e-07,down
0.8,0.3122724592685699,1e-07,down
0.6,0.3887104513123631,1e-07,down
0.4,0.4803643859922885,1e-07,down
0.2,0.33963163942098606,1e-07,down
-0.0,-0.11253836937248705,1e-07,down
-0.0,-0.11253836937248705,1e-07,up
0.2,0.22933335317065934,1e-07,up
0.4,-0.0654867065459257,1e-07,up
0.6,0.13485632464289662,1e-07,up
0.8,0.3157204024610109,1e-07,up
1.0,0.26300561428070063,1e-07,up
1.2,0.32559677399694914,1e-07,up
1.4,0.018219152349047356,1e-07,up
1.6,0.10053518181666729,1e-07,up
1.8,0.13199994433671233,1e-07,up
2.0,0.2675950154662132,1e-07,up
2.2,0.0024835602089296905,1e-07,up
2.4,0.09535971097648141,1e-07,up
2.6,0.14163027540780598,1e-07,up
2.8,0.37623985251411785,1e-07,up
3.0,0.42124913260340685,1e-07,up
3.2,0.046068094670772546,1e-07,up
3.4,0.19432153087109325,1e-07,up
3.6,0.35695833805948485,1e-07,up
3.8,0.35785549972206343,1e-07,up
4.0,0.4397658659145235,1e-07,up
4.2,0.11168299242854114,1e-07,up
4.4,0.43509778752923006,1e-07,up
4.6,0.4542449298314749,1e-07,up
4.8,0.08543716184794901,1e-07,up
5.0,0.27088073547929525,1e-07,up
5.2,0.2896000072360038,1e-07,up
5.4,0.2665712628513574,1e-07,up
5.6,0.29067840846255416,1e-07,up
5.8,0.28666778001934284,1e-07,up
6.0,0.2728183269500732,1e-07,up
6.2,0.34538505692034954,1e-07,up
6.4,0.30398090276867146,1e-07,up
6.6,0.3449935000389813,1e-07,up
6.8,0.46966698952019204,1e-07,up
7.0,0.429350672289729,1e-07,up
7.2,0.4664413146674632,1e-07,up
7.4,0.40810036100447167,1e-07,up
7.6,0.4529576236382126,1e-07,up
7.8,0.4800734221935271,1e-07,up
8.0,0.4096057666465639,1e-07,up
8.0,0.4879974517971276,1e-07,down
7.8,0.4273020550608634,1e-07,down
7.6,0.4530583806335925,1e-07,down
7.4,0.5815006056800484,1e-07,down
7.2,0.5780983949080108,1e-07,down
7.0,0.33973588794469833,1e-07,down
6.8,0.42685543000698084,1e-07,down
6.6,0.3732838258147239,1e-07,down
6.4,0.4164304062724113,1e-07,down
6.2,0.7311912141740321,1e-07,down
6.0,0.25086523126810784,1e-07,down
5.8,0.3588287122547626,1e-07,down
5.6,0.3118338917847722,1e-07,down
5.4,0.4513650778681039,1e-07,down
5.2,0.3366972655057906,1e-07,down
5.0,0.49552916426910076,1e-07,down
4.8,0.23359167762100694,1e-07,down
4.6,0.3843829655088484,1e-07,down
4.4,0.48927631601691235,1e-07,down
4.2,0.29935566335916514,1e-07,down
4.0,0.30461388081312174,1e-07,down
3.8,0.2222972214221954,1e-07,down
3.6,0.32251800596714014,1e-07,down
3.4,0.5433347672224044,1e-07,down
3.2,0.46579073555767525,1e-07,down
3.0,0.5283245733007788,1e-07,down
2.8,0.5734380763024091,1e-07,down
2.6,0.6120420247316359,1e-07,down
2.4,0.6280090659856795,1e-07,down
2.2,0.0050402283668517945,1e-07,down
2.0,0.4072272628545761,1e-07,down
1.8,0.6901575999800114,1e-07,down
1.6,-0.0304720588028431,1e-07,down
1.4,0.4564388804137706,1e-07,down
1.2,0.05291457101702688,1e-07,down
1.0,0.36439737537875766,1e-07,down
0.8,0.2233085567131638,1e-07,down
0.6,0.2794540366157889,1e-07,down
0.4,0.4376614615321159,1e-07,down
0.2,0.09793780744075774,1e-07,down
-0.0,0.2873549031792208,1e-07,down
-0.0,0.2873549031792208,1e-07,up
0.2,0.21166667900979516,1e-07,up
0.4,0.2046849317848682,1e-07,up
0.6,0.2762939189560711,1e-07,up
0.8,0.332405874505639,1e-07,up
1.0,0.04813607409596442,1e-07,up
1.2,0.15808283863589162,1e-07,up
1.4,0.12658679671585557,1e-07,up
1.6,0.295864924788475,1e-07,up
1.8,0.3730131592601537,1e-07,up
2.0,0.01988266548141836,1e-07,up
2.2,0.13289924338459966,1e-07,up
2.4,0.3048218740150332,1e-07,up
2.6,0.45276846305932844,1e-07,up
2.8,0.47506974637508387,1e-07,up
3.0,0.03810865525156258,1e-07,up
3.2,0.11079144384711978,1e-07,up
3.4,0.11823795363306996,1e-07,up
3.6,0.3457183530554175,1e-07,up
3.8,0.11269968282431363,1e-07,up
4.0,0.2772572040557861,1e-07,up
4.2,0.3245741203427314,1e-07,up
4.4,0.09285616595298049,1e-07,up
4.6,0.31488263607025146,1e-07,up
4.8,0.702182427048683,1e-07,up
5.0,0.2546204831451177,1e-07,up
5.2,0.4189616069197654,1e-07,up
5.4,0.549070892157033,1e-07,up
5.6,0.1632008850574493,1e-07,up
5.8,0.4212035462260245,1e-07,up
6.0,0.3795385733246803,1e-07,up
6.2,0.5722789335995911,1e-07,up
6.4,0.5226784860715269,1e-07,up
6.6,0.6070096231997012,1e-07,up
6.8,0.39443976338952774,1e-07,up
7.0,0.49491940718144173,1e-07,up
7.2,0.45029319822788233,1e-07,up
7.4,0.4183862283825874,1e-07,up
7.6,0.5807991661131381,1e-07,up
7.8,0.48427976574748743,1e-07,up
8.0,0.4599727932363748,1e-07,up
8.0,0.4893628731369971,1e-07,down
7.8,0.496552756987512,1e-07,down
7.6,0.5343524795025586,1e-07,down
7.4,0.46584435179829586,1e-07,down
7.2,0.48782724235206837,1e-07,down
7.0,0.42190406005829567,1e-07,down
6.8,0.5144155942834913,1e-07,down
6.6,0.40813197195529927,1e-07,down
6.4,0.4782921057194471,1e-07,down
6.2,0.47717823949642474,1e-07,down
6.0,0.38533570896834124,1e-07,down
5.8,0.27722149947658176,1e-07,down
5.6,0.34189200866967434,1e-07,down
5.4,0.3175518452189862,1e-07,down
5.2,0.34880703128874296,1e-07,down
5.0,0.229847427457571,1e-07,down
4.8,0.33034605288412416,1e-07,down
4.6,0.24813997186720368,1e-07,down
4.4,0.3285235576331615,1e-07,down
4.2,0.18851605802774424,1e-07,down
4.0,0.26532789971679444,1e-07,down
3.8,0.2795566022396087,1e-07,down
3.6,0.25991890951991076,1e-07,down
3.4,0.2825407907366752,1e-07,down
3.2,0.4059213022701441,1e-07,down
3.0,0.3316425345838069,1e-07,down
2.8,0.16162835061550138,1e-07,down
2.6,0.3423400623723864,1e-07,down
2.4,0.42239171080291266,1e-07,down
2.2,0.2762316763401031,1e-07,down
2.0,0.33109442144632334,1e-07,down
1.8,0.2303261803463101,1e-07,down
1.6,0.25809150189161295,1e-07,down
1.4,0.29094493994489307,1e-07,down
1.2,0.24104872904717917,1e-07,down
1.0,0.2833860660903155,1e-07,down
0.8,0.16292134672403333,1e-07,down
0.6,0.41703309165313834,1e-07,down
0.4,0.2785023115575313,1e-07,down
0.2,0.13498924672603604,1e-07,down
-0.0,0.6054814122617244,1e-07,down
-0.0,0.6054814122617244,1e-07,up
0.2,0.21197708323597905,1e-07,up
0.4,0.17486036568880078,1e-07,up
0.6,0.17477300390601155,1e-07,up
0.8,0.2515671881847083,1e-07,up
1.0,0.137354398611933,1e-07,up
1.2,0.1388706238940358,1e-07,up
1.4,0.28418096993118513,1e-07,up
1.6,0.11084337905049321,1e-07,up
1.8,0.1813755584880709,1e-07,up
2.0,0.2309824228286743,1e-07,up
2.2,0.16494865808635945,1e-07,up
2.4,0.2359793037176132,1e-07,up
2.6,0.18894276022911066,1e-07,up
2.8,0.1937826126813888,1e-07,up
3.0,0.18142069876193997,1e-07,up
3.2,0.1928998231887817,1e-07,up
3.4,0.16060821712017057,1e-07,up
3.6,0.09090021997690198,1e-07,up
3.8,0.16956904157996175,1e-07,up
4.0,0.5347695415839552,1e-07,up
4.2,0.44328394345939154,1e-07,up
4.4,0.2896068282425403,1e-07,up
4.6,0.27267726138234133,1e-07,up
4.8,0.2533841021358966,1e-07,up
5.0,0.340962640941143,1e-07,up
5.2,0.19925545156002042,1e-07,up
5.4,0.3062806273082969,1e-07,up
5.6,0.3309490690007805,1e-07,up
5.8,0.5498466622084378,1e-07,up
6.0,0.34725696966052044,1e-07,up
6.2,0.2824925482273101,1e-07,up
6.4,0.3253943808376788,1e-07,up
6.6,0.5324054919183253,1e-07,up
6.8,0.43641184223815793,1e-07,up
7.0,0.37836686568334693,1e-07,up
7.2,0.527654631063342,1e-07,up
7.4,0.4484518356621265,1e-07,up
7.6,0.4603532701730727,1e-07,up
7.8,0.4551722556352614,1e-07,up
8.0,0.433285754173994,1e-07,up
8.0,0.48106289235875,1e-07,down
7.8,0.4401502828113734,1e-07,down
7.6,0.4449710603803395,1e-07,down
7.4,0.4324281215667724,1e-07,down
7.2,0.5753867076709865,1e-07,down
7.0,0.5001954659819602,1e-07,down
6.8,0.50629049167037,1e-07,down
6.6,0.513461872935295,1e-07,down
6.4,0.2736628800630569,1e-07,down
6.2,0.35113803111016745,1e-07,down
6.0,0.305542655289173,1e-07,down
5.8,0.4515304788947105,1e-07,down
5.6,0.1875811573117971,1e-07,down
5.4,0.35413479246199125,1e-07,down
5.2,0.4174544857814907,1e-07,down
5.0,0.4102565222419798,1e-07,down
4.8,0.4381963275372981,1e-07,down
4.6,0.17301634326577184,1e-07,down
4.4,0.3403610717505216,1e-07,down
4.2,0.16081217303872106,1e-07,down
4.0,0.3109818818047642,1e-07,down
3.8,0.297339953482151,1e-07,down
3.6,0.10944250226020812,1e-07,down
3.4,0.20919325412251052,1e-07,down
3.2,0.5830886345356702,1e-07,down
3.0,0.4800484431907534,1e-07,down
2.8,0.07136000320315358,1e-07,down
2.6,0.21587710827589032,1e-07,down
2.4,0.29184537567198265,1e-07,down
2.2,0.32553050341084594,1e-07,down
2.0,0.3482098644599318,1e-07,down
1.8,0.4484820123761891,1e-07,down
1.6,0.3088184539228677,1e-07,down
1.4,0.4001911766827106,1e-07,down
1.2,0.04753181524574756,1e-07,down
1.0,0.3738092475105076,1e-07,down
0.8,0.5349974036216735,1e-07,down
0.6,0.4238679585978388,1e-07,down
0.4,-0.08002887386828661,1e-07,down
0.2,0.3369681863114237,1e-07,down
-0.0,0.3355160919018089,1e-07,down
-0.0,0.3355160919018089,1e-07,up
0.2,0.09376356564462182,1e-07,up
0.4,0.25421966076828534,1e-07,up
0.6,0.14306263811886308,1e-07,up
0.8,0.14038827875629065,1e-07,up
1.0,0.1645344248972833,1e-07,up
1.2,0.16312622092664242,1e-07,up
1.4,0.2371026817709207,1e-07,up
1.6,0.23921604966744775,1e-07,up
1.8,0.2718453928828239,1e-07,up
2.0,0.2671789620071649,1e-07,up
2.2,0.060681140050292,1e-07,up
2.4,0.1891449354588985,1e-07,up
2.6,0.06012204661965369,1e-07,up
2.8,0.17688607564195988,1e-07,up
3.0,0.2500370675697922,1e-07,up
3.2,0.2169054882833734,1e-07,up
3.4,0.3386683269636705,1e-07,up
3.6,0.15932415798306462,1e-07,up
3.8,0.17034072428941724,1e-07,up
4.0,0.19984303042292592,1e-07,up
4.2,0.4164585066027939,1e-07,up
4.4,0.16281765497114972,1e-07,up
4.6,0.23663908336311576,1e-07,up
4.8,0.20635580550879234,1e-07,up
5.0,0.226078113541007,1e-07,up
5.2,0.2063737511634826,1e-07,up
5.4,0.32395591959357256,1e-07,up
5.6,0.21673857420682902,1e-07,up
5.8,0.37217042874544853,1e-07,up
6.0,0.3937439788132905,1e-07,up
6.2,0.3157858420163393,1e-07,up
6.4,0.481437494046986,1e-07,up
6.6,0.46048985328525294,1e-07,up
6.8,0.33221592754125595,1e-07,up
7.0,0.4626611582934856,1e-07,up
7.2,0.5263290666043757,1e-07,up
7.4,0.40380918234586705,1e-07,up
7.6,0.4785576555877923,1e-07,up
7.8,0.43044742662459606,1e-07,up
8.0,0.4767216909676789,1e-07,up
8.0,0.46598205156624306,1e-07,down
7.8,0.43363630212843407,1e-07,down
7.6,0.42037925682961935,1e-07,down
7.4,0.5883812606334685,1e-07,down
7.2,0.44263990968465794,1e-07,down
7.0,0.42705814540386194,1e-07,down
6.8,0.40830645151436323,1e-07,down
6.6,0.5025352053344249,1e-07,down
6.4,0.5250249933451413,1e-07,down
6.2,0.26407745387405157,1e-07,down
6.0,0.44441794045269484,1e-07,down
5.8,0.2346610650420188,1e-07,down
5.6,0.3320516701787709,1e-07,down
5.4,0.3501418428495525,1e-07,down
5.2,0.3055243138223886,1e-07,down
5.0,0.20216650329530236,1e-07,down
4.8,0.3282905258238315,1e-07,down
4.6,0.5896447543054818,1e-07,down
4.4,0.4859120824839919,1e-07,down
4.2,0.4633473213762044,1e-07,down
4.0,0.6005990970879792,1e-07,down
3.8,0.46912162890657777,1e-07,down
3.6,0.47127082757651795,1e-07,down
3.4,0.02563105057924984,1e-07,down
3.2,0.30785988271236414,1e-07,down
3.0,0.46576418820768584,1e-07,down
2.8,0.4479276947677135,1e-07,down
2.6,-0.04822587035596369,1e-07,down
2.4,0.2153039509430527,1e-07,down
2.2,0.5668686851859092,1e-07,down
2.0,0.0683295093476772,1e-07,down
1.8,0.41040035430341953,1e-07,down
1.6,0.4899481935426592,1e-07,down
1.4,-0.062307577114552266,1e-07,down
1.2,0.20532482664566484,1e-07,down
1.0,0.4569607004523277,1e-07,down
0.8,-0.018474665354006,1e-07,down
0.6,0.42445612512528885,1e-07,down
0.4,0.7155943810939788,1e-07,down
0.2,-0.09356433898210524,1e-07,down
-0.0,0.389933094382286,1e-07,down
-0.0,0.389933094382286,1e-07,up
0.2,0.8412986453622578,1e-07,up
0.4,0.6741736680269241,1e-07,up
0.6,-0.16808198392391205,1e-07,up
0.8,0.13834672514349217,1e-07,up
1.0,0.5691928789019585,1e-07,up
1.2,-0.02162187360227109,1e-07,up
1.4,0.5790472924709319,1e-07,up
1.6,0.6714809387922286,1e-07,up
1.8,0.7220369540154933,1e-07,up
2.0,0.6300365747883915,1e-07,up
2.2,-0.14398418460041282,1e-07,up
2.4,0.0941323339939117,1e-07,up
2.6,-0.02835980802774429,1e-07,up
2.8,0.5151034099981188,1e-07,up
3.0,0.6508785225450993,1e-07,up
3.2,-0.09144921600818631,1e-07,up
3.4,-0.01464244723320008,1e-07,up
3.6,-0.02386721596121789,1e-07,up
3.8,0.5477148517966269,1e-07,up
4.0,-0.060957860201597214,1e-07,up
4.2,-0.06497958954423667,1e-07,up
4.4,0.5174775402992963,1e-07,up
4.6,0.6882212758064269,1e-07,up
4.8,-0.10914798796875402,1e-07,up
5.0,0.17740311473608014,1e-07,up
5.2,0.18880517408251754,1e-07,up
5.4,0.31331161595880974,1e-07,up
5.6,0.5010712975636124,1e-07,up
5.8,0.15700023388490078,1e-07,up
6.0,0.29999849526211614,1e-07,up
6.2,0.39708045474253584,1e-07,up
6.4,0.2075361749157309,1e-07,up
6.6,0.4731212798506021,1e-07,up
6.8,0.30366450734436506,1e-07,up
7.0,0.5413078069686889,1e-07,up
7.2,0.42815940082073206,1e-07,up
7.4,0.45740663446485985,1e-07,up
7.6,0.505057631060481,1e-07,up
7.8,0.44316483289003367,1e-07,up
8.0,0.5190532971173524,1e-07,up
8.0,0.4845527969300746,1e-07,down
7.8,0.43138692528009415,1e-07,down
7.6,0.44624251127243036,1e-07,down
7.4,0.5309919416904448,1e-07,down
7.2,0.4465209823101758,1e-07,down
7.0,0.4466381091624497,1e-07,down
6.8,0.4016397688537835,1e-07,down
6.6,0.33982041664421553,1e-07,down
6.4,0.39652260392904276,1e-07,down
6.2,0.5029537882655858,1e-07,down
6.0,0.4927655812352895,1e-07,down
5.8,0.23183803190477187,1e-07,down
5.6,0.3602520767599343,1e-07,down
5.4,0.5048271398991346,1e-07,down
5.2,0.5355076910927891,1e-07,down
5.0,0.11038338579237458,1e-07,down
4.8,0.4006046941503882,1e-07,down
4.6,0.0903756516636349,1e-07,down
4.4,0.32679441943764675,1e-07,down
4.2,0.3997454224154353,1e-07,down
4.0,0.2704381570219993,1e-07,down
3.8,0.11308731883764266,1e-07,down
3.6,0.378062792122364,1e-07,down
3.4,0.3808749683666974,1e-07,down
3.2,0.35218409332446743,1e-07,down
3.0,0.3642984945909119,1e-07,down
2.8,0.34241820313036436,1e-07,down
2.6,0.26689094677567476,1e-07,down
2.4,0.3120969738811254,1e-07,down
2.2,0.027123522246256464,1e-07,down
2.0,0.3826984041370451,1e-07,down
1.8,0.28574358299374575,1e-07,down
1.6,0.27671753056347365,1e-07,down
1.4,0.4598085177130996,1e-07,down
1.2,0.5434004794806241,1e-07,down
1.0,-0.005542539991438394,1e-07,down
0.8,0.060002422891557196,1e-07,down
0.6,0.3501571677625179,1e-07,down
0.4,0.45631288364529604,1e-07,down
0.2,0.5436471179127692,1e-07,down
-0.0,-0.08291238360106945,1e-07,down
-0.0,-0.08291238360106945,1e-07,up
0.2,0.28665710054337973,1e-07,up
0.4,0.46812890004366625,1e-07,up
0.6,0.4408477954566478,1e-07,up
0.8,0.4465813767164945,1e-07,up
1.0,0.4236381687223911,1e-07,up
1.2,0.5363110695034264,1e-07,up
1.4,-0.049277648329734816,1e-07,up
1.6,-0.05145564465783537,1e-07,up
1.8,0.30900437454693014,1e-07,up
2.0,0.5019178278744221,1e-07,up
2.2,0.02141930907964706,1e-07,up
2.4,-0.062072865664958954,1e-07,up
2.6,0.013469263911247238,1e-07,up
2.8,-0.07911891164258122,1e-07,up
3.0,0.1222306918352842,1e-07,up
3.2,0.060231684707105125,1e-07,up
3.4,0.46391468401998276,1e-07,up
3.6,-0.04488620348274708,1e-07,up
3.8,0.562865754123777,1e-07,up
4.0,0.03331154771149156,1e-07,up
4.2,0.1339499987661838,1e-07,up
4.4,0.25569322984665627,1e-07,up
4.6,0.15070668328553433,1e-07,up
4.8,0.382734972052276,1e-07,up
5.0,0.570032751187682,1e-07,up
5.2,0.5454815856646745,1e-07,up
5.4,0.14001171290874478,1e-07,up
5.6,0.44444547314196814,1e-07,up
5.8,0.1543224975466728,1e-07,up
6.0,0.40651083085685963,1e-07,up
6.2,0.37129199691116804,1e-07,up
6.4,0.4016941282898187,1e-07,up
6.6,0.3554950654506683,1e-07,up
6.8,0.451157129369676,1e-07,up
7.0,0.5596339982002972,1e-07,up
7.2,0.4203871116042136,1e-07,up
7.4,0.5490657463669775,1e-07,up
7.6,0.5505351787433027,1e-07,up
7.8,0.47239318117499346,1e-07,up
8.0,0.5437768176198005,1e-07,up
8.0,0.48564098030328745,1e-07,down
7.8,0.4734339229762553,1e-07,down
7.6,0.4745906591415404,1e-07,down
7.4,0.568819973617792,1e-07,down
7.2,0.5827322490513324,1e-07,down
7.0,0.5210810666903852,1e-07,down
6.8,0.5562051013112067,1e-07,down
6.6,0.3395968526601791,1e-07,down
6.4,0.3801859766244888,1e-07,down
6.2,0.2847978621721267,1e-07,down
6.0,0.3694155886769295,1e-07,down
5.8,0.327465608716011,1e-07,down
5.6,0.4943051040172576,1e-07,down
5.4,0.29532429296523327,1e-07,down
5.2,0.2592282893019728,1e-07,down
5.0,0.280978737398982,1e-07,down
4.8,0.16671409877017138,1e-07,down
4.6,0.192221725359559,1e-07,down
4.4,0.14392464514821765,1e-07,down
4.2,0.3469260856509208,1e-07,down
4.0,0.3362178383395075,1e-07,down
3.8,0.25392444757744664,1e-07,down
3.6,0.43544228374958033,1e-07,down
3.4,0.5879129925742744,1e-07,down
3.2,0.315406359732151,1e-07,down
3.0,0.6523095685988664,1e-07,down
2.8,0.25083345919847483,1e-07,down
2.6,0.08825661242008208,1e-07,down
2.4,0.38427954912185663,1e-07,down
2.2,0.15572501718997953,1e-07,down
2.0,0.11576414108276364,1e-07,down
1.8,0.3955925926566123,1e-07,down
1.6,0.18163923919200894,1e-07,down
1.4,0.13365501165390015,1e-07,down
1.2,0.47377796843647946,1e-07,down
1.0,0.15556726977229118,1e-07,down
0.8,0.24506895989179606,1e-07,down
0.6,0.25234235078096384,1e-07,down
0.4,0.03171797096729277,1e-07,down
0.2,0.2667147926986217,1e-07,down
-0.0,0.3059756532311439,1e-07,down
-0.0,0.3059756532311439,1e-07,up
0.2,0.32953174039721483,1e-07,up
0.4,0.03790190070867537,1e-07,up
0.6,0.26203310489654535,1e-07,up
0.8,0.4879179392009973,1e-07,up
1.0,0.3437586780637502,1e-07,up
1.2,0.4765581414103507,1e-07,up
1.4,0.11617645621299741,1e-07,up
1.6,0.27458899328485126,1e-07,up
1.8,0.08402946777641772,1e-07,up
2.0,0.2333535803481936,1e-07,up
2.2,0.059284200891852365,1e-07,up
2.4,0.3409606087952851,1e-07,up
2.6,0.28745003975927824,1e-07,up
2.8,0.15668946132063866,1e-07,up
3.0,0.23175641149282453,1e-07,up
3.2,0.34481183439493174,1e-07,up
3.4,0.1863372270017862,1e-07,up
3.6,0.23532382864505047,1e-07,up
3.8,0.13461447355803102,1e-07,up
4.0,0.25612678751349444,1e-07,up
4.2,0.21712460368871683,1e-07,up
4.4,0.48196698538959015,1e-07,up
4.6,0.3751821331679821,1e-07,up
4.8,0.1701494380831718,1e-07,up
5.0,0.4379707113839685,1e-07,up
5.2,0.3757005524821579,1e-07,up
5.4,0.3637130041606723,1e-07,up
5.6,0.3892242917791008,1e-07,up
5.8,0.3967361897230148,1e-07,up
6.0,0.46243395563215006,1e-07,up
6.2,0.3810396241024136,1e-07,up
6.4,0.5232513910159468,1e-07,up
6.6,0.5282090175896882,1e-07,up
6.8,0.4038567902753129,1e-07,up
7.0,0.579543201252818,1e-07,up
7.2,0.4818371608853339,1e-07,up
7.4,0.47114150226116175,1e-07,up
7.6,0.513922885293141,1e-07,up
7.8,0.518336297944188,1e-07,up
8.0,0.43951135873794545,1e-07,up
8.0,0.45271814864827314,1e-07,down
7.8,0.5049844458699225,1e-07,down
7.6,0.43987954780459393,1e-07,down
7.4,0.4389763697981834,1e-07,down
7.2,0.4135796427726745,1e-07,down
7.0,0.407415147870779,1e-07,down
6.8,0.37040254101157183,1e-07,down
6.6,0.5619591055437921,1e-07,down
6.4,0.4897818521130829,1e-07,down
6.2,0.27983450144529337,1e-07,down
6.0,0.5250654965639114,1e-07,down
5.8,0.3358573976438492,1e-07,down
5.6,0.4019013829529285,1e-07,down
5.4,0.34434424154460425,1e-07,down
5.2,0.41086631035432214,1e-07,down
5.0,0.2607381865382194,1e-07,down
4.8,0.2370097897946834,1e-07,down
4.6,0.3005189083050936,1e-07,down
4.4,0.3589150561019778,1e-07,down
4.2,0.29217840451747173,1e-07,down
4.0,0.35053608566522587,1e-07,down
3.8,0.37694354634731997,1e-07,down
3.6,0.38843708837521257,1e-07,down
3.4,0.43091211002320046,1e-07,down
3.2,0.4583979870658367,1e-07,down
3.0,0.07469804026186463,1e-07,down
2.8,0.2659780918620526,1e-07,down
2.6,0.27539957268163556,1e-07,down
2.4,0.610413759946823,1e-07,down
2.2,0.1868626847863197,1e-07,down
2.0,0.3555268049240112,1e-07,down
1.8,0.1606224477291107,1e-07,down
1.6,0.4528304673731326,1e-07,down
1.4,0.25892261927947396,1e-07,down
1.2,0.36011836165562267,1e-07,down
1.0,0.05395509302616119,1e-07,down
0.8,0.2740086009725928,1e-07,down
0.6,0.3094421969726681,1e-07,down
0.4,0.4024000694771529,1e-07,down
0.2,0.09316551219671963,1e-07,down
-0.0,0.15851922146975989,1e-07,down
-0.0,0.15851922146975989,1e-07,up
0.2,0.024850726127624508,1e-07,up
0.4,0.21956322528421876,1e-07,up
0.6,0.07456733379513024,1e-07,up
0.8,0.1058411900885403,1e-07,up
1.0,0.05839273706078529,1e-07,up
1.2,0.07344972435384987,1e-07,up
1.4,0.14266086695715782,1e-07,up
1.6,0.12668662669602782,1e-07,up
1.8,0.15478794556111095,1e-07,up
2.0,0.1368550017214147,1e-07,up
2.2,0.08506800653412937,1e-07,up
2.4,0.11717334715649484,1e-07,up
2.6,0.2262360001914203,1e-07,up
2.8,0.0035308273509144744,1e-07,up
3.0,0.20008291676640505,1e-07,up
3.2,0.07489847950637339,1e-07,up
3.4,0.23179776174947614,1e-07,up
3.6,0.17733272723853588,1e-07,up
3.8,0.20989974588155744,1e-07,up
4.0,0.22684633452445263,1e-07,up
4.2,0.12889426201581952,1e-07,up
4.4,0.2932249414734542,1e-07,up
4.6,0.17317925486713645,1e-07,up
4.8,0.2455696882680058,1e-07,up
5.0,0.4725828720256685,1e-07,up
5.2,0.39681505970656866,1e-07,up
5.4,0.5304474290460347,1e-07,up
5.6,0.5462551470845937,1e-07,up
5.8,0.49025116488337506,1e-07,up
6.0,0.2619257271289825,1e-07,up
6.2,0.33445108681917185,1e-07,up
6.4,0.5783139804843812,1e-07,up
6.6,0.3534291866235434,1e-07,up
6.8,0.5441968673840164,1e-07,up
7.0,0.562297524884343,1e-07,up
7.2,0.5066442866809665,1e-07,up
7.4,0.42904091067612166,1e-07,up
7.6,0.5507993269711732,1e-07,up
7.8,0.5287737837061285,1e-07,up
8.0,0.5000739600509404,1e-07,up
8.0,0.49159056274220336,1e-07,down
7.8,0.5655389800667762,1e-07,down
7.6,0.5886394903063773,1e-07,down
7.4,0.4617398381233215,1e-07,down
7.2,0.5635153260082005,1e-07,down
7.0,0.502126314677298,1e-07,down
6.8,0.5501922480762004,1e-07,down
6.6,0.43687247461639334,1e-07,down
6.4,0.30272930115461344,1e-07,down
6.2,0.3032786473631858,1e-07,down
6.0,0.5625547328963876,1e-07,down
5.8,0.46374455094337463,1e-07,down
5.6,0.18994195014238352,1e-07,down
5.4,0.3004681318998336,1e-07,down
5.2,0.2443284466862678,1e-07,down
5.0,0.22451883554458613,1e-07,down
4.8,0.4549696163740008,1e-07,down
4.6,0.368529513478279,1e-07,down
4.4,0.47477852739393706,1e-07,down
4.2,0.15316081093624231,1e-07,down
4.0,0.28984531387686724,1e-07,down
3.8,0.1530604199506342,1e-07,down
3.6,0.3674950413405894,1e-07,down
3.4,0.3481203485280275,1e-07,down
3.2,0.321751419454813,1e-07,down
3.0,0.41193805076181883,1e-07,down
2.8,0.2098246812820434,1e-07,down
2.6,0.2985402718186378,1e-07,down
2.4,0.4925229065120219,1e-07,down
2.2,0.45972291380166996,1e-07,down
2.0,0.20938201993703837,1e-07,down
1.8,0.2818197980523109,1e-07,down
1.6,0.08496493101119994,1e-07,down
1.4,0.22713556140661234,1e-07,down
1.2,0.5237409956753253,1e-07,down
1.0,0.23580188408959651,1e-07,down
0.8,0.36728415358811606,1e-07,down
0.6,0.2529960740357637,1e-07,down
0.4,0.26089221530128265,1e-07,down
0.2,0.32837748667225236,1e-07,down
-0.0,0.48757218383252615,1e-07,down
-0.0,0.48757218383252615,1e-07,up
0.2,0.21192363277077672,1e-07,up
0.4,0.19120870530605316,1e-07,up
0.6,0.2941923132166266,1e-07,up
0.8,0.20045472308993337,1e-07,up
1.0,0.2761400062590837,1e-07,up
1.2,0.317612696904689,1e-07,up
1.4,0.1545075289905071,1e-07,up
1.6,0.2200386701151728,1e-07,up
1.8,0.3262889184989034,1e-07,up
2.0,0.1930875033140182,1e-07,up
2.2,0.24966170266270632,1e-07,up
2.4,0.2110657915472984,1e-07,up
2.6,0.18750777095556254,1e-07,up
2.8,0.23643815889954561,1e-07,up
3.0,0.2370243184268474,1e-07,up
3.2,0.3109491933137178,1e-07,up
3.4,0.23495307750999925,1e-07,up
3.6,0.30502161895856256,1e-07,up
3.8,0.44619309250265354,1e-07,up
4.0,0.2412784434854984,1e-07,up
4.2,0.20512077957391736,1e-07,up
4.4,0.2249191254377365,1e-07,up
4.6,0.5354116153903304,1e-07,up
4.8,0.36407606489956373,1e-07,up
5.0,0.22944577503949398,1e-07,up
5.2,0.2781781321391463,1e-07,up
5.4,0.534292098134756,1e-07,up
5.6,0.17685132473707196,1e-07,up
5.8,0.40146321803331375,1e-07,up
6.0,0.3850264567881822,1e-07,up
6.2,0.5682552480138837,1e-07,up
6.4,0.5178045798093079,1e-07,up
6.6,0.5476425178349017,1e-07,up
6.8,0.4081823872402309,1e-07,up
7.0,0.42151326686143875,1e-07,up
7.2,0.5300968140363692,1e-07,up
7.4,0.5649941563606261,1e-07,up
7.6,0.46207004785537714,1e-07,up
7.8,0.46743342280387873,1e-07,up
8.0,0.5332860741764306,1e-07,up
8.0,0.4788202229538,1e-07,down
7.8,0.564542457461357,1e-07,down
7.6,0.582378413528204,1e-07,down
7.4,0.5707559511065482,1e-07,down
7.2,0.5778195653110741,1e-07,down
7.0,0.6147829294204711,1e-07,down
6.8,0.5496175196021794,1e-07,down
6.6,0.6177124008536338,1e-07,down
6.4,0.3525432124733924,1e-07,down
6.2,0.41427638940513123,1e-07,down
6.0,0.3153055571019649,1e-07,down
5.8,0.4291769606061279,1e-07,down
5.6,0.36151443199196354,1e-07,down
5.4,0.23215330019593236,1e-07,down
5.2,0.28327864501625294,1e-07,down
5.0,0.3177850926294922,1e-07,down
4.8,0.43231680244207377,1e-07,down
4.6,0.2065127063542604,1e-07,down
4.4,0.4035166832618415,1e-07,down
4.2,0.2939807288348674,1e-07,down
4.0,0.32651563547551626,1e-07,down
3.8,0.21169764921069142,1e-07,down
3.6,0.4605448320508002,1e-07,down
3.4,0.2578758001327514,1e-07,down
3.2,0.3032458373345434,1e-07,down
3.0,0.22637090296484527,1e-07,down
2.8,0.3653332451358437,1e-07,down
2.6,0.33282788842916483,1e-07,down
2.4,0.04127972945570946,1e-07,down
2.2,0.09119166061282157,1e-07,down
2.0,0.3782107136212289,1e-07,down
1.8,0.19286664016544816,1e-07,down
1.6,0.12745115160942075,1e-07,down
1.4,0.31710320524871344,1e-07,down
1.2,0.2860163341974839,1e-07,down
1.0,0.1706238705664873,1e-07,down
0.8,0.200712576508522,1e-07,down
0.6,0.2584369666874408,1e-07,down
0.4,0.16288296133279795,1e-07,down
0.2,0.20336645096540445,1e-07,down
-0.0,0.45015229657292355,1e-07,down
-0.0,0.45015229657292355,1e-07,up
0.2,0.4392077960073946,1e-07,up
0.4,-0.008637411519885068,1e-07,up
0.6,0.12880303733982143,1e-07,up
0.8,0.3210011944174766,1e-07,up
1.0,0.44644809328019613,1e-07,up
1.2,0.4648136124014854,1e-07,up
1.4,0.43086600722745055,1e-07,up
1.6,-0.03714272752404212,1e-07,up
1.8,0.057008314877748476,1e-07,up
2.0,0.10647068731486793,1e-07,up
2.2,0.039018817478790865,1e-07,up
2.4,0.3563257236965,1e-07,up
2.6,-0.015278797596693048,1e-07,up
2.8,0.3224467756226658,1e-07,up
3.0,0.00047186575829983283,1e-07,up
3.2,0.2480799779295921,1e-07,up
3.4,0.4839947633445262,1e-07,up
3.6,-0.0015980959869921307,1e-07,up
3.8,0.3409933513030409,1e-07,up
4.0,0.07313714548945424,1e-07,up
4.2,0.2343138139112852,1e-07,up
4.4,0.22943255491554732,1e-07,up
4.6,0.3161196255969116,1e-07,up
4.8,0.3793763713911175,1e-07,up
5.0,0.4919591203797608,1e-07,up
5.2,0.20984500320628283,1e-07,up
5.4,0.2760754432529211,1e-07,up
5.6,0.24496865086257455,1e-07,up
5.8,0.4245837968774139,1e-07,up
6.0,0.3209011182188987,1e-07,up
6.2,0.47220535762608046,1e-07,up
6.4,0.5189110301434993,1e-07,up
6.6,0.47936737164854987,1e-07,up
6.8,0.49062952958047384,1e-07,up
7.0,0.39312996715307225,1e-07,up
7.2,0.46022555418312533,1e-07,up
7.4,0.5871745515614747,1e-07,up
7.6,0.5995539519935845,1e-07,up
7.8,0.5405122824013232,1e-07,up
8.0,0.5334719335660337,1e-07,up
8.0,0.46889898553490633,1e-07,down
7.8,0.46661794930696476,1e-07,down
7.6,0.5689239564817398,1e-07,down
7.4,0.476399422972463,1e-07,down
7.2,0.5795622169971465,1e-07,down
7.0,0.43476902693510044,1e-07,down
6.8,0.5287454351782798,1e-07,down
6.6,0.3956365990452468,1e-07,down
6.4,0.38103849440813053,1e-07,down
6.2,0.3493901998735964,1e-07,down
6.0,0.37066819425672287,1e-07,down
5.8,0.30654115718789393,1e-07,down
5.6,0.5294703021645545,1e-07,down
5.4,0.44693267531692976,1e-07,down
5.2,0.16127875959500668,1e-07,down
5.0,0.4035281315445899,1e-07,down
4.8,0.31591022945940495,1e-07,down
4.6,0.20513764210045332,1e-07,down
4.4,0.24197462364099914,1e-07,down
4.2,0.19011689897160972,1e-07,down
4.0,0.26107741706073284,1e-07,down
3.8,0.1470960320439189,1e-07,down
3.6,0.3635567985475063,1e-07,down
3.4,0.23826719075441358,1e-07,down
3.2,0.10421171784400939,1e-07,down
3.0,0.27679209411144257,1e-07,down
2.8,0.4545091232284903,1e-07,down
2.6,0.3699309527873992,1e-07,down
2.4,0.07539231330156324,1e-07,down
2.2,0.24976584129035467,1e-07,down
2.0,0.2452747672796249,1e-07,down
1.8,0.30508490651845926,1e-07,down
1.6,0.5763291120529174,1e-07,down
1.4,0.6136284703388809,1e-07,down
1.2,0.01571235805749891,1e-07,down
1.0,0.19324206933379165,1e-07,down
0.8,0.20842694491147992,1e-07,down
0.6,0.2568318527191877,1e-07,down
0.4,0.06774158403277394,1e-07,down
0.2,0.3080582302063703,1e-07,down
-0.0,0.36104072444140906,1e-07,down
-0.0,0.36104072444140906,1e-07,up
0.2,0.39065027143806214,1e-07,up
0.4,0.34792687371373165,1e-07,up
0.6,0.10479316115379332,1e-07,up
0.8,0.28644549753516907,1e-07,up
1.0,0.3274262249469757,1e-07,up
1.2,0.18732816725969312,1e-07,up
1.4,0.08766576647758482,1e-07,up
1.6,0.22889730334281919,1e-07,up
1.8,0.07735031843185423,1e-07,up
2.0,0.17634176975116128,1e-07,up
2.2,0.3015276342630386,1e-07,up
2.4,0.3509046491235494,1e-07,up
2.6,0.1795544251799583,1e-07,up
2.8,0.1887473091483116,1e-07,up
3.0,0.13883499056100843,1e-07,up
3.2,0.06286336481571196,1e-07,up
3.4,0.15851271897554395,1e-07,up
3.6,0.4533118521794676,1e-07,up
3.8,0.39232729747891415,1e-07,up
4.0,0.3191965743899345,1e-07,up
4.2,0.25114176981151104,1e-07,up
4.4,0.2590409722179174,1e-07,up
4.6,0.30081757458538044,1e-07,up
4.8,0.4590112157166003,1e-07,up
5.0,0.4554615658707916,1e-07,up
5.2,0.5653208751464261,1e-07,up
5.4,0.5597834545187651,1e-07,up
5.6,0.25414546020328993,1e-07,up
5.8,0.4742861986160278,1e-07,up
6.0,0.43256765604019154,1e-07,up
6.2,0.30564512312412256,1e-07,up
6.4,0.3466683849692344,1e-07,up
6.6,0.6760804839432237,1e-07,up
6.8,0.34562559984624375,1e-07,up
7.0,0.520305287092924,1e-07,up
7.2,0.448506936430931,1e-07,up
7.4,0.4695593044161796,1e-07,up
7.6,0.4771582596004008,1e-07,up
7.8,0.46029456332325924,1e-07,up
8.0,0.4617334865033626,1e-07,up
8.0,0.5369187500327824,1e-07,down
7.8,0.5957149078603833,1e-07,down
7.6,0.48341807723045344,1e-07,down
7.4,0.5458501335233449,1e-07,down
7.2,0.39979287609457964,1e-07,down
7.0,0.41157113201916207,1e-07,down
6.8,0.4070239681750535,1e-07,down
6.6,0.35856675356626505,1e-07,down
6.4,0.5908387750387191,1e-07,down
6.2,0.5313939303159713,1e-07,down
6.0,0.5236408915370702,1e-07,down
5.8,0.2779501378536224,1e-07,down
5.6,0.5178182069212197,1e-07,down
5.4,0.5233451724052428,1e-07,down
5.2,0.5489092804491519,1e-07,down
5.0,0.2032745294272899,1e-07,down
4.8,0.2956994846463203,1e-07,down
4.6,0.4858541190624236,1e-07,down
4.4,0.4646102053811772,1e-07,down
4.2,0.42954684235155577,1e-07,down
4.0,0.4443316766992211,1e-07,down
3.8,0.3244670442072674,1e-07,down
3.6,0.3690274646505713,1e-07,down
3.4,0.43489116616547097,1e-07,down
3.2,0.41317327134311194,1e-07,down
3.0,0.47557776141911734,1e-07,down
2.8,0.46060862764716143,1e-07,down
2.6,0.4277861048467457,1e-07,down
2.4,-0.04761262377724052,1e-07,down
2.2,0.0482644811272621,1e-07,down
2.0,0.15717326849699018,1e-07,down
1.8,0.4098239485174417,1e-07,down
1.6,0.14457480493001637,1e-07,down
1.4,0.31704025482758874,1e-07,down
1.2,0.09288774803280829,1e-07,down
1.0,0.2336890683509409,1e-07,down
0.8,0.5586620606482028,1e-07,down
0.6,0.1486820727586746,1e-07,down
0.4,0.3258319851011037,1e-07,down
0.2,0.311969943344593,1e-07,down
-0.0,0.12301710247993468,1e-07,down
-0.0,0.12301710247993468,1e-07,up
0.2,0.11889424920082091,1e-07,up
0.4,0.03828322142362594,1e-07,up
0.6,0.10516053438186644,1e-07,up
0.8,0.19559365138411516,1e-07,up
1.0,0.1055299863219261,1e-07,up
1.2,0.11559049040079115,1e-07,up
1.4,0.11173986643552777,1e-07,up
1.6,0.20504824444651598,1e-07,up
1.8,0.14421235024929044,1e-07,up
2.0,0.2811776846647262,1e-07,up
2.2,0.20968925207853314,1e-07,up
2.4,0.282195521518588,1e-07,up
2.6,0.18227481842041016,1e-07,up
2.8,0.1524220574647188,1e-07,up
3.0,0.12360286340117453,1e-07,up
3.2,0.14599707722663877,1e-07,up
3.4,0.4134481325745582,1e-07,up
3.6,0.1016876846551895,1e-07,up
3.8,0.1145579647272825,1e-07,up
4.0,0.19207436571741707,1e-07,up
4.2,0.25813318177824834,1e-07,up
4.4,0.3990664780139922,1e-07,up
4.6,0.15572639880701897,1e-07,up
4.8,0.37392169982194895,1e-07,up
5.0,0.5488796313293277,1e-07,up
5.2,0.16196362092159686,1e-07,up
5.4,0.3643746678717434,1e-07,up
5.6,0.49852154008112837,1e-07,up
5.8,0.2876931428909301,1e-07,up
6.0,0.3845659047365188,1e-07,up
6.2,0.6022516288794576,1e-07,up
6.4,0.5152515303343533,1e-07,up
6.6,0.68615441955626,1e-07,up
6.8,0.41086761490441853,1e-07,up
7.0,0.49721023486927146,1e-07,up
7.2,0.4198638964444398,1e-07,up
7.4,0.4005385693162679,1e-07,up
7.6,0.5998099679127334,1e-07,up
7.8,0.48182074911892403,1e-07,up
8.0,0.5462627112865447,1e-07,up
8.0,0.5135353468358516,1e-07,down
7.8,0.4672772549092769,1e-07,down
7.6,0.6093118966091423,1e-07,down
7.4,0.4659715276211499,1e-07,down
7.2,0.5718738678842782,1e-07,down
7.0,0.5549319172278045,1e-07,down
6.8,0.5076592918485403,1e-07,down
6.6,0.3487206920981406,1e-07,down
6.4,0.4540656668541487,1e-07,down
6.2,0.3432180741801857,1e-07,down
6.0,0.4746739640831947,1e-07,down
5.8,0.42326261475682253,1e-07,down
5.6,0.1539807299850508,1e-07,down
5.4,0.2312933430075645,1e-07,down
5.2,0.31861241161823267,1e-07,down
5.0,0.44991546496748913,1e-07,down
4.8,0.42077155411243433,1e-07,down
4.6,0.018711343407630907,1e-07,down
4.4,0.4267269819974899,1e-07,down
4.2,0.03873931616544722,1e-07,down
4.0,0.36489003524184216,1e-07,down
3.8,0.0718022286891937,1e-07,down
3.6,0.3119767606258392,1e-07,down
3.4,0.07142324745655058,1e-07,down
3.2,0.2749102488160133,1e-07,down
3.0,0.39360239729285235,1e-07,down
2.8,0.016890499740838994,1e-07,down
2.6,0.21795789897441858,1e-07,down
2.4,0.41919438540935516,1e-07,down
2.2,0.1267450451850891,1e-07,down
2.0,0.2610821276903152,1e-07,down
1.8,0.31683229282498354,1e-07,down
1.6,0.11031644046306607,1e-07,down
1.4,0.2917691078037023,1e-07,down
1.2,0.40858153998851765,1e-07,down
1.0,0.3992519490420818,1e-07,down
0.8,-0.008872095495462426,1e-07,down
0.6,0.13816181570291516,1e-07,down
0.4,0.2325549721717834,1e-07,down
0.2,0.4658438060432672,1e-07,down
-0.0,0.11918047256767747,1e-07,down
-0.0,0.11918047256767747,1e-07,up
0.2,0.2087635770440101,1e-07,up
0.4,0.15607438236474988,1e-07,up
0.6,0.361868024803698,1e-07,up
0.8,0.24574180878698823,1e-07,up
1.0,0.3902242258191108,1e-07,up
1.2,0.29432926513254637,1e-07,up
1.4,0.38053535949438805,1e-07,up
1.6,0.33282728306949133,1e-07,up
1.8,0.32517605042085046,1e-07,up
2.0,0.047229178249835954,1e-07,up
2.2,0.25515773892402643,1e-07,up
2.4,-0.022142511792480942,1e-07,up
2.6,0.20515547320246694,1e-07,up
2.8,0.3131814040243625,1e-07,up
3.0,0.24146105884574348,1e-07,up
3.2,0.05847593396902083,1e-07,up
3.4,0.18712367862462995,1e-07,up
3.6,0.21453667199239132,1e-07,up
3.8,0.17336859181523318,1e-07,up
4.0,0.2767399894073605,1e-07,up
4.2,0.15229915292002258,1e-07,up
4.4,0.213172229938209,1e-07,up
4.6,0.14450752572156486,1e-07,up
4.8,0.16342668142169708,1e-07,up
5.0,0.16522877836541736,1e-07,up
5.2,0.18205984076485035,1e-07,up
5.4,0.23941028025001285,1e-07,up
5.6,0.24108661804348225,1e-07,up
5.8,0.34872101200744504,1e-07,up
6.0,0.5870519364252685,1e-07,up
6.2,0.2968884408473968,1e-07,up
6.4,0.4811371397227048,1e-07,up
6.6,0.42296224832534784,1e-07,up
6.8,0.537556605413556,1e-07,up
7.0,0.51593134785071,1e-07,up
7.2,0.5444488953799008,1e-07,up
7.4,0.45638640224933613,1e-07,up
7.6,0.4176099672913551,1e-07,up
7.8,0.4402294158935546,1e-07,up
8.0,0.4760937355458735,1e-07,up
8.0,0.45456176623702044,1e-07,down
7.8,0.49385894741863,1e-07,down
7.6,0.49154735729098314,1e-07,down
7.4,0.45056758075952524,1e-07,down
7.2,0.5497827660292386,1e-07,down
7.0,0.54250019043684,1e-07,down
6.8,0.37570077180862416,1e-07,down
6.6,0.357608139514923,1e-07,down
6.4,0.33651389926671976,1e-07,down
6.2,0.5504011772572993,1e-07,down
6.0,0.4180360883474349,1e-07,down
5.8,0.29450890421867365,1e-07,down
5.6,0.4366926550865172,1e-07,down
5.4,0.4068869650363921,1e-07,down
5.2,0.43770218268036837,1e-07,down
5.0,0.3012438733130693,1e-07,down
4.8,0.29691814212128514,1e-07,down
4.6,0.28164421115070576,1e-07,down
4.4,0.48502686514984805,1e-07,down
4.2,0.3439387083053588,1e-07,down
4.0,0.17827324569225309,1e-07,down
3.8,0.17542956769466397,1e-07,down
3.6,0.16487027704715726,1e-07,down
3.4,0.4781729597598314,1e-07,down
3.2,0.35174059309065336,1e-07,down
3.0,0.12730770371854302,1e-07,down
2.8,0.26119467659736983,1e-07,down
2.6,0.06396866729483006,1e-07,down
2.4,0.19111196696758267,1e-07,down
2.2,0.43474327493458975,1e-07,down
2.0,0.19678095355629918,1e-07,down
1.8,0.3707763394340872,1e-07,down
1.6,0.35309493914246554,1e-07,down
1.4,0.4610457103699445,1e-07,down
1.2,0.15783632174134252,1e-07,down
1.0,0.46677764959167684,1e-07,down
0.8,0.2058427492738701,1e-07,down
0.6,0.24399060197174546,1e-07,down
0.4,0.3608692740090191,1e-07,down
0.2,0.4798862189054488,1e-07,down
-0.0,0.42147008981555695,1e-07,down
-0.0,0.42147008981555695,1e-07,up
0.2,0.5582307521253823,1e-07,up
0.4,0.3829004168510436,1e-07,up
0.6,0.4765462074428796,1e-07,up
0.8,0.02752917539328335,1e-07,up
1.0,0.07073203101754187,1e-07,up
1.2,0.1814096044981852,1e-07,up
1.4,0.05148374754935501,1e-07,up
1.6,0.13882294110953805,1e-07,up
1.8,0.02307659294456242,1e-07,up
2.0,0.2895789900794625,1e-07,up
2.2,0.4842039123177527,1e-07,up
2.4,0.4094704221934079,1e-07,up
2.6,4.975032061337817e-05,1e-07,up
2.8,0.3431573677808046,1e-07,up
3.0,0.05510604381561278,1e-07,up
3.2,0.40701066330075253,1e-07,up
3.4,0.07188099250197409,1e-07,up
3.6,0.35287227109074587,1e-07,up
3.8,0.46480170683935274,1e-07,up
4.0,0.2507860889891162,1e-07,up
4.2,0.25852363184094423,1e-07,up
4.4,0.4826186913996934,1e-07,up
4.6,0.22968745930120343,1e-07,up
4.8,0.31511110626161093,1e-07,up
5.0,0.18828372005373237,1e-07,up
5.2,0.41770219570025796,1e-07,up
5.4,0.3446236792951822,1e-07,up
5.6,0.4711306989192962,1e-07,up
5.8,0.41064018756151194,1e-07,up
6.0,0.3377727791666984,1e-07,up
6.2,0.3832870721817016,1e-07,up
6.4,0.5086407614871858,1e-07,up
6.6,0.40987162478268135,1e-07,up
6.8,0.47549084201455105,1e-07,up
7.0,0.379689335823059,1e-07,up
7.2,0.5058074314147234,1e-07,up
7.4,0.4976288750767707,1e-07,up
7.6,0.39216665178537363,1e-07,up
7.8,0.47470148000866164,1e-07,up
8.0,0.48315763100981707,1e-07,up
8.0,0.4761812458746134,1e-07,down
7.8,0.5362172340974211,1e-07,down
7.6,0.4776194766163825,1e-07,down
7.4,0.44027436710894097,1e-07,down
7.2,0.5878149606287478,1e-07,down
7.0,0.5351364919915794,1e-07,down
6.8,0.3656691461801528,1e-07,down
6.6,0.5234797475859522,1e-07,down
6.4,0.41343706310726697,1e-07,down
6.2,0.5980681590735911,1e-07,down
6.0,0.19027237966656682,1e-07,down
5.8,0.3828407451510429,1e-07,down
5.6,0.5887779762269928,1e-07,down
5.4,0.48335750866681326,1e-07,down
5.2,0.1734631787985563,1e-07,down
5.0,0.21510535664856428,1e-07,down
4.8,0.28607055661268527,1e-07,down
4.6,0.13502442371100185,1e-07,down
4.4,0.21686744969338176,1e-07,down
4.2,0.13791382475756106,1e-07,down
4.0,0.18416691059246657,1e-07,down
3.8,0.4069738071411848,1e-07,down
3.6,0.1507942425087094,1e-07,down
3.4,0.2109796497970819,1e-07,down
3.2,0.46125719533301884,1e-07,down
3.0,0.4085555905476212,1e-07,down
2.8,0.4081339659169316,1e-07,down
2.6,0.4439599700272082,1e-07,down
2.4,0.05149390024598687,1e-07,down
2.2,0.18849257379770276,1e-07,down
2.0,0.3953548075514845,1e-07,down
1.8,0.6801251955330371,1e-07,down
1.6,0.10818432364612816,1e-07,down
1.4,0.08096520788967607,1e-07,down
1.2,0.329101706854999,1e-07,down
1.0,0.6064906660467385,1e-07,down
0.8,0.6117349248379468,1e-07,down
0.6,-0.1170376185327768,1e-07,down
0.4,0.22942163608968252,1e-07,down
0.2,0.4754914939403533,1e-07,down
-0.0,-0.10665167868137358,1e-07,down
-0.0,-0.10665167868137358,1e-07,up
0.2,0.4343858733773231,1e-07,up
0.4,-0.1732695400714874,1e-07,up
0.6,0.49073043465614313,1e-07,up
0.8,0.6448192074894905,1e-07,up
1.0,-0.18754403479397297,1e-07,up
1.2,0.5112783350050448,1e-07,up
1.4,-0.18069586710771543,1e-07,up
1.6,-0.06726466864347458,1e-07,up
1.8,0.5064697861671447,1e-07,up
2.0,0.6947083175182343,1e-07,up
2.2,0.5548562575131655,1e-07,up
2.4,0.6761538274586201,1e-07,up
2.6,0.5506704561412333,1e-07,up
2.8,-0.07886860147118568,1e-07,up
3.0,0.056168285955209264,1e-07,up
3.2,-0.05671133846044542,1e-07,up
3.4,0.2687177881598472,1e-07,up
3.6,0.1209984421730041,1e-07,up
3.8,0.34675551950931544,1e-07,up
4.0,0.5703055430203675,1e-07,up
4.2,0.4793704720214008,1e-07,up
4.4,0.479764861986041,1e-07,up
4.6,0.13871427439153192,1e-07,up
4.8,0.33550651557743544,1e-07,up
5.0,0.09112686594016849,1e-07,up
5.2,0.3638958074152469,1e-07,up
5.4,0.5158321205526589,1e-07,up
5.6,0.1683688955381512,1e-07,up
5.8,0.2746429898252244,1e-07,up
6.0,0.3607960687950253,1e-07,up
6.2,0.4701957143843173,1e-07,up
6.4,0.27905518934130663,1e-07,up
6.6,0.39225734770298,1e-07,up
6.8,0.3537251539528369,1e-07,up
7.0,0.4968624785542487,1e-07,up
7.2,0.45508331619203085,1e-07,up
7.4,0.4540594331920146,1e-07,up
7.6,0.47326020896434773,1e-07,up
7.8,0.4431320503354072,1e-07,up
8.0,0.5439416859298943,1e-07,up
8.0,0.5013003083877264,1e-07,down
7.8,0.4626483572646975,1e-07,down
7.6,0.5652130339294671,1e-07,down
7.4,0.6116957571357488,1e-07,down
7.2,0.5328870797529816,1e-07,down
7.0,0.4538656882941722,1e-07,down
6.8,0.464931696653366,1e-07,down
6.6,0.6526669953018425,1e-07,down
6.4,0.40542804263532156,1e-07,down
6.2,0.3346720412373542,1e-07,down
6.0,0.4072770625352859,1e-07,down
5.8,0.6393884420394895,1e-07,down
5.6,0.5321291368454694,1e-07,down
5.4,0.4518413124606013,1e-07,down
5.2,0.2120606712996959,1e-07,down
5.0,0.3138130381703376,1e-07,down
4.8,0.28636382240802044,1e-07,down
4.6,0.41996172955259675,1e-07,down
4.4,0.4908378380350768,1e-07,down
4.2,0.07845632219687103,1e-07,down
4.0,0.15665380470454687,1e-07,down
3.8,0.2853473108261823,1e-07,down
3.6,0.23737115925177926,1e-07,down
3.4,0.2815739177167415,1e-07,down
3.2,0.03723562881350516,1e-07,down
3.0,0.2497594021260738,1e-07,down
2.8,0.5523852766491472,1e-07,down
2.6,0.15270975604653356,1e-07,down
2.4,0.35337175056338305,1e-07,down
2.2,0.5646654777228831,1e-07,down
2.0,0.00444973353296517,1e-07,down
1.8,0.33761038258671755,1e-07,down
1.6,0.5169167295098304,1e-07,down
1.4,0.12256446294486519,1e-07,down
1.2,0.09362710732966659,1e-07,down
1.0,0.3609727002913132,1e-07,down
0.8,-0.022083345800638206,1e-07,down
0.6,0.14163550268858666,1e-07,down
0.4,0.11208417918533084,1e-07,down
0.2,0.3951025437563657,1e-07,down
-0.0,-0.056313688866794116,1e-07,down
-0.0,-0.056313688866794116,1e-07,up
0.2,0.45072934404015536,1e-07,up
0.4,0.6612959690392016,1e-07,up
0.6,0.5238620378077029,1e-07,up
0.8,-0.12155674770474435,1e-07,up
1.0,0.46864783391356457,1e-07,up
1.2,0.4736822256818413,1e-07,up
1.4,-0.1754239471629262,1e-07,up
1.6,-0.02065748535096646,1e-07,up
1.8,0.39655585959553713,1e-07,up
2.0,-0.14535204693675038,1e-07,up
2.2,0.035570308566093424,1e-07,up
2.4,-0.07771410560235383,1e-07,up
2.6,-0.017183453368488706,1e-07,up
2.8,0.019026997033506618,1e-07,up
3.0,0.423315618187189,1e-07,up
3.2,-0.022087462246418003,1e-07,up
3.4,0.567273586988449,1e-07,up
3.6,0.6133043169975281,1e-07,up
3.8,-0.16104266128968447,1e-07,up
4.0,0.6286673014983534,1e-07,up
4.2,-0.07776891253888606,1e-07,up
4.4,0.5491291591897607,1e-07,up
4.6,0.7264585271477699,1e-07,up
4.8,0.7277097357437015,1e-07,up
5.0,0.7147862613201141,1e-07,up
5.2,0.6780742632690816,1e-07,up
5.4,0.6946138367056846,1e-07,up
5.6,0.0491221100091934,1e-07,up
5.8,0.20990582928061483,1e-07,up
6.0,0.4978931294754147,1e-07,up
6.2,0.20285653136670587,1e-07,up
6.4,0.458703152835369,1e-07,up
6.6,0.4353215685114264,1e-07,up
6.8,0.5066552702337503,1e-07,up
7.0,0.3934076167643069,1e-07,up
7.2,0.4677638355642556,1e-07,up
7.4,0.6499706655740737,1e-07,up
7.6,0.4458153098821639,1e-07,up
7.8,0.5026930811727651,1e-07,up
8.0,0.46461511868983496,1e-07,up
8.0,0.5074751432985066,1e-07,down
7.8,0.439190468750894,1e-07,down
7.6,0.44985253363847727,1e-07,down
7.4,0.4747963212430476,1e-07,down
7.2,0.6564003163948654,1e-07,down
7.0,0.5759457349777221,1e-07,down
6.8,0.3498007007874548,1e-07,down
6.6,0.6248175520449876,1e-07,down
6.4,0.5293004754348657,1e-07,down
6.2,0.34452763106673945,1e-07,down
6.0,0.5091055221855639,1e-07,down
5.8,0.32708282023668284,1e-07,down
5.6,0.477960119023919,1e-07,down
5.4,0.37649825215339655,1e-07,down
5.2,0.331482708454132,1e-07,down
5.0,0.37847804790362705,1e-07,down
4.8,0.31202554702758784,1e-07,down
4.6,0.26138369773980225,1e-07,down
4.4,0.2708849164191633,1e-07,down
4.2,0.39543572068214405,1e-07,down
4.0,0.4699643924832343,1e-07,down
3.8,0.5949686691164969,1e-07,down
3.6,0.18679054081439966,1e-07,down
3.4,0.34288460388779635,1e-07,down
3.2,0.3968034563586115,1e-07,down
3.0,0.15567331574857232,1e-07,down
2.8,0.30915920250117773,1e-07,down
2.6,0.5084000602364539,1e-07,down
2.4,0.3501848545856773,1e-07,down
2.2,0.041900008916854845,1e-07,down
2.0,0.24791832268238062,1e-07,down
1.8,0.32108877599239344,1e-07,down
1.6,0.1519239246845245,1e-07,down
1.4,0.34694629162549967,1e-07,down
1.2,0.416004866361618,1e-07,down
1.0,0.37512714043259615,1e-07,down
0.8,0.47304071485996235,1e-07,down
0.6,0.16328027844429013,1e-07,down
0.4,0.1986450850963592,1e-07,down
0.2,0.19086053967475886,1e-07,down
-0.0,0.6840923875570296,1e-07,down
-0.0,0.6840923875570296,1e-07,up
0.2,0.5879031643271445,1e-07,up
0.4,0.05450921505689619,1e-07,up
0.6,0.31310814619064326,1e-07,up
0.8,0.5568928308784961,1e-07,up
1.0,0.15703259035944936,1e-07,up
1.2,0.3813587985932826,1e-07,up
1.4,0.13589973933994767,1e-07,up
1.6,0.32574667967855925,1e-07,up
1.8,0.16878050193190572,1e-07,up
2.0,0.4472494013607501,1e-07,up
2.2,0.28960690647363657,1e-07,up
2.4,0.2021162435412407,1e-07,up
2.6,0.16604870557785031,1e-07,up
2.8,0.19158978760242457,1e-07,up
3.0,0.559460463002324,1e-07,up
3.2,0.2304165991954505,1e-07,up
3.4,0.23334122914820904,1e-07,up
3.6,0.4703887775540351,1e-07,up
3.8,0.4246505498886108,1e-07,up
4.0,0.4463254176080226,1e-07,up
4.2,0.43267398001626123,1e-07,up
4.4,0.3344126306474208,1e-07,up
4.6,0.17423724010586736,1e-07,up
4.8,0.36582221533171827,1e-07,up
5.0,0.16083970945328468,1e-07,up
5.2,0.3754660040140151,1e-07,up
5.4,0.4740489348769187,1e-07,up
5.6,0.46307270601391787,1e-07,up
5.8,0.5157791703677502,1e-07,up
6.0,0.36672849254682655,1e-07,up
6.2,0.4036709768697619,1e-07,up
6.4,0.4723915280774235,1e-07,up
6.6,0.6599027574993669,1e-07,up
6.8,0.41983124613761896,1e-07,up
7.0,0.4569937661290168,1e-07,up
7.2,0.5488443365320562,1e-07,up
7.4,0.58067281357944,1e-07,up
7.6,0.45872494205832476,1e-07,up
7.8,0.5401527555659412,1e-07,up
8.0,0.4420834966003894,1e-07,up
8.0,0.45609102770686144,1e-07,down
7.8,0.4635086897760628,1e-07,down
7.6,0.5360841155052184,1e-07,down
7.4,0.4469670141115784,1e-07,down
7.2,0.5426770579069852,1e-07,down
7.0,0.43126107379794115,1e-07,down
6.8,0.3841050583869218,1e-07,down
6.6,0.3831856586039065,1e-07,down
6.4,0.324488092213869,1e-07,down
6.2,0.37909884331747884,1e-07,down
6.0,0.3169066831469535,1e-07,down
5.8,0.3005677131004631,1e-07,down
5.6,0.4080926571041345,1e-07,down
5.4,0.1946409251540899,1e-07,down
5.2,0.2812512200325727,1e-07,down
5.0,0.22706429287791247,1e-07,down
4.8,0.4157171114347874,1e-07,down
4.6,0.36807456798851484,1e-07,down
4.4,0.49227921012789005,1e-07,down
4.2,0.3846625918522476,1e-07,down
4.0,0.576783500611782,1e-07,down
3.8,0.4543763734400272,1e-07,down
3.6,0.5722169782966374,1e-07,down
3.4,0.2930702283047139,1e-07,down
3.2,0.23643449321389193,1e-07,down
3.0,0.3811378951650112,1e-07,down
2.8,0.29873239994049067,1e-07,down
2.6,0.38020266778767103,1e-07,down
2.4,0.30341216735541815,1e-07,down
2.2,0.47185177076607937,1e-07,down
2.0,0.36630177032202477,1e-07,down
1.8,0.3067268710583448,1e-07,down
1.6,0.15566457062959668,1e-07,down
1.4,0.6639814283698796,1e-07,down
1.2,0.5241546676261349,1e-07,down
1.0,0.0670602770987898,1e-07,down
0.8,0.3558687139302492,1e-07,down
0.6,0.005456071346998208,1e-07,down
0.4,0.27449399977922434,1e-07,down
0.2,0.31558142602443695,1e-07,down
-0.0,0.10765954107046125,1e-07,down
-0.0,0.10765954107046125,1e-07,up
0.2,0.26109860092401505,1e-07,up
0.4,0.24506166018545625,1e-07,up
0.6,0.06819985806941983,1e-07,up
0.8,0.16410397365689275,1e-07,up
1.0,0.3685667216777801,1e-07,up
1.2,0.1499647349119186,1e-07,up
1.4,0.17861157283186907,1e-07,up
1.6,0.2120041819289326,1e-07,up
1.8,0.3390630222856998,1e-07,up
2.0,0.365468424744904,1e-07,up
2.2,0.08488134481012818,1e-07,up
2.4,0.05843222141265868,1e-07,up
2.6,0.18142215348780152,1e-07,up
2.8,0.29756416194140906,1e-07,up
3.0,0.11333812866359946,1e-07,up
3.2,0.1641977950930595,1e-07,up
3.4,0.25043223053216934,1e-07,up
3.6,0.12509021162986753,1e-07,up
3.8,0.3314802628010511,1e-07,up
4.0,0.2849092707037925,1e-07,up
4.2,0.2941938862204551,1e-07,up
4.4,0.46925655007362355,1e-07,up
4.6,0.13983663637191054,1e-07,up
4.8,0.26437523961067194,1e-07,up
5.0,0.37931426428258413,1e-07,up
5.2,0.09598141536116597,1e-07,up
5.4,0.34647661261260504,1e-07,up
5.6,0.27544543053954834,1e-07,up
5.8,0.20789840631186957,1e-07,up
6.0,0.33970094844698895,1e-07,up
6.2,0.32313386723399157,1e-07,up
6.4,0.4517057184129952,1e-07,up
6.6,0.4865475073456763,1e-07,up
6.8,0.5529352976009249,1e-07,up
7.0,0.54652027413249,1e-07,up
7.2,0.37371454178355623,1e-07,up
7.4,0.4664308093488216,1e-07,up
7.6,0.4501618454232811,1e-07,up
7.8,0.5004288139753043,1e-07,up
8.0,0.48160936869680876,1e-07,up
8.0,0.47031827084720124,1e-07,down
7.8,0.479480824433267,1e-07,down
7.6,0.5563558768481015,1e-07,down
7.4,0.5700292736291884,1e-07,down
7.2,0.42546887649223203,1e-07,down
7.0,0.5589075591415166,1e-07,down
6.8,0.5668864380568265,1e-07,down
6.6,0.3622215092182159,1e-07,down
6.4,0.49015439674258227,1e-07,down
6.2,0.45575525704771275,1e-07,down
6.0,0.3266039825975895,1e-07,down
5.8,0.2389498576521873,1e-07,down
5.6,0.45867053978145117,1e-07,down
5.4,0.2265183189883828,1e-07,down
5.2,0.25160916626919055,1e-07,down
5.0,0.24518357124179596,1e-07,down
4.8,0.46395990066230286,1e-07,down
4.6,0.4944985047914087,1e-07,down
4.4,0.4322378877550363,1e-07,down
4.2,0.5465970430523155,1e-07,down
4.0,0.514119230210781,1e-07,down
3.8,0.00700234249234199,1e-07,down
3.6,0.1875130962580442,1e-07,down
3.4,0.30648758425377304,1e-07,down
3.2,0.05119866994209586,1e-07,down
3.0,0.3600937249138951,1e-07,down
2.8,0.26346354559063906,1e-07,down
2.6,0.07705722376704213,1e-07,down
2.4,0.3384902812540531,1e-07,down
2.2,0.07170318946009499,1e-07,down
2.0,0.2418464184738695,1e-07,down
1.8,0.31210508337244386,1e-07,down
1.6,0.48147898307070125,1e-07,down
1.4,0.43804976809769863,1e-07,down
1.2,0.5432019997388123,1e-07,down
1.0,0.1476487554609775,1e-07,down
0.8,0.16816171980462963,1e-07,down
0.6,0.1007727547548711,1e-07,down
0.4,0.08827024605125187,1e-07,down
0.2,0.2948310729116201,1e-07,down
-0.0,0.033330423757433884,1e-07,down
-0.0,0.033330423757433884,1e-07,up
0.2,0.23130542412400243,1e-07,up
0.4,0.028098177164793008,1e-07,up
0.6,0.17824142612516877,1e-07,up
0.8,0.08346315589733419,1e-07,up
1.0,0.16532313311472532,1e-07,up
1.2,0.2857953999191522,1e-07,up
1.4,0.19531177822500465,1e-07,up
1.6,0.23175124591216437,1e-07,up
1.8,0.10279069654643533,1e-07,up
2.0,0.08383063833025516,1e-07,up
2.2,0.1189970728009939,1e-07,up
2.4,0.1605507805943489,1e-07,up
2.6,0.25277413055300707,1e-07,up
2.8,0.08783251559361813,1e-07,up
3.0,0.17126640677452085,1e-07,up
3.2,0.1786665692925453,1e-07,up
3.4,0.1653491239994764,1e-07,up
3.6,0.20744867622852323,1e-07,up
3.8,0.21684988285414872,1e-07,up
4.0,0.31749050226062536,1e-07,up
4.2,0.1878046747297048,1e-07,up
4.4,0.19573610275983808,1e-07,up
4.6,0.30247523705475027,1e-07,up
4.8,0.24851554445922372,1e-07,up
5.0,0.2667542626149952,1e-07,up
5.2,0.1890182713977992,1e-07,up
5.4,0.21434207739366679,1e-07,up
5.6,0.28350388305261726,1e-07,up
5.8,0.4884493553545325,1e-07,up
6.0,0.3097421042621135,1e-07,up
6.2,0.5246943925740196,1e-07,up
6.4,0.3638014512252993,1e-07,up
6.6,0.43992588389664883,1e-07,up
6.8,0.5818629869027062,1e-07,up
7.0,0.5996251087635754,1e-07,up
7.2,0.5763810628559439,1e-07,up
7.4,0.5715837720781564,1e-07,up
7.6,0.4788204720243811,1e-07,up
7.8,0.44827463803812856,1e-07,up
8.0,0.44363136589527125,1e-07,up
8.0,0.4435092918574809,1e-07,down
7.8,0.47643793653696764,1e-07,down
7.6,0.53624319890514,1e-07,down
7.4,0.498349037952721,1e-07,down
7.2,0.5282575604505836,1e-07,down
7.0,0.5257353512570261,1e-07,down
6.8,0.5000310610048472,1e-07,down
6.6,0.46331873163580883,1e-07,down
6.4,0.46573714818805445,1e-07,down
6.2,0.4543984038755297,1e-07,down
6.0,0.512861197348684,1e-07,down
5.8,0.41389810480177397,1e-07,down
5.6,0.21053447574377054,1e-07,down
5.4,0.37863287329673756,1e-07,down
5.2,0.42444383352994913,1e-07,down
5.0,0.1718199849128723,1e-07,down
4.8,0.5058473618701099,1e-07,down
4.6,0.205312711186707,1e-07,down
4.4,0.33365322207100684,1e-07,down
4.2,0.40143684297800053,1e-07,down
4.0,0.47802609950304026,1e-07,down
3.8,0.17990742065012452,1e-07,down
3.6,0.31233449067804026,1e-07,down
3.4,0.30586606683209533,1e-07,down
3.2,0.3607745221816003,1e-07,down
3.0,0.1963219307363033,1e-07,down
2.8,0.3155347807332872,1e-07,down
2.6,0.23679384775459764,1e-07,down
2.4,0.11013875994831322,1e-07,down
2.2,0.32835654448717827,1e-07,down
2.0,0.41386723332107056,1e-07,down
1.8,0.4853529348038136,1e-07,down
1.6,0.38371092453598965,1e-07,down
1.4,-0.011322080157697211,1e-07,down
1.2,0.11319529265165325,1e-07,down
1.0,0.3741334993392228,1e-07,down
0.8,0.5243260143324732,1e-07,down
0.6,0.5321522001177071,1e-07,down
0.4,0.3687838753685354,1e-07,down
0.2,0.4756383746862411,1e-07,down
-0.0,0.044447958469390855,1e-07,down
-0.0,0.044447958469390855,1e-07,up
0.2,0.13383316248655316,1e-07,up
0.4,0.052739776670932756,1e-07,up
0.6,0.14352114312350747,1e-07,up
0.8,0.13176264241337776,1e-07,up
1.0,0.08851736970245834,1e-07,up
1.2,0.11597701162099837,1e-07,up
1.4,0.11436538584530351,1e-07,up
1.6,0.11806340143084525,1e-07,up
1.8,0.08763875812292098,1e-07,up
2.0,0.07112971879541873,1e-07,up
2.2,0.07301199808716773,1e-07,up
2.4,0.18368352181278164,1e-07,up
2.6,0.15295000514015553,1e-07,up
2.8,0.11968377628363665,1e-07,up
3.0,0.215891478350386,1e-07,up
3.2,0.1981823329115286,1e-07,up
3.4,0.19440122786909336,1e-07,up
3.6,0.10857222229242322,1e-07,up
3.8,0.2710087473969906,1e-07,up
4.0,0.14038169337436554,1e-07,up
4.2,0.1982743667904287,1e-07,up
4.4,0.2732944563031196,1e-07,up
4.6,0.1845052037388086,1e-07,up
4.8,0.15270160883665082,1e-07,up
5.0,0.21193312667310232,1e-07,up
5.2,0.20330025628209109,1e-07,up
5.4,0.3951875045895576,1e-07,up
5.6,0.40198066772427404,1e-07,up
5.8,0.425336917862296,1e-07,up
6.0,0.47761979280039657,1e-07,up
6.2,0.2944068871438503,1e-07,up
6.4,0.5122430976480244,1e-07,up
6.6,0.35031098639592523,1e-07,up
6.8,0.4664175389334559,1e-07,up
7.0,0.40677822893485416,1e-07,up
7.2,0.42906180582940573,1e-07,up
7.4,0.47861790936440224,1e-07,up
7.6,0.37521168589591974,1e-07,up
7.8,0.48442453937605007,1e-07,up
8.0,0.4717541905120014,1e-07,up
8.0,0.4676146218553185,1e-07,down
7.8,0.46323254518210877,1e-07,down
7.6,0.4581360854208469,1e-07,down
7.4,0.553671134635806,1e-07,down
7.2,0.5096646291203796,1e-07,down
7.0,0.47674805112183083,1e-07,down
6.8,0.5325544066727161,1e-07,down
6.6,0.5729180444031953,1e-07,down
6.4,0.3798671830445527,1e-07,down
6.2,0.5146684050559996,1e-07,down
6.0,0.3617737423628568,1e-07,down
5.8,0.5230259522795676,1e-07,down
5.6,0.4118863251060247,1e-07,down
5.4,0.35003065131604666,1e-07,down
5.2,0.3856863966211676,1e-07,down
5.0,0.5117465425282716,1e-07,down
4.8,0.26308213919401163,1e-07,down
4.6,0.48235501907765854,1e-07,down
4.4,0.1904713828116655,1e-07,down
4.2,0.23887071199715135,1e-07,down
4.0,0.19417011365294454,1e-07,down
3.8,0.20161805674433705,1e-07,down
3.6,0.20488340407609937,1e-07,down
3.4,0.31158772297203535,1e-07,down
3.2,0.17825995385646817,1e-07,down
3.0,0.4465183448046445,1e-07,down
2.8,0.39290046319365496,1e-07,down
2.6,0.20617019757628435,1e-07,down
2.4,0.3409697618335485,1e-07,down
2.2,0.30465454800287256,1e-07,down
2.0,0.3372888164594769,1e-07,down
1.8,0.41556266881525505,1e-07,down
1.6,0.4215501388534903,1e-07,down
1.4,0.5207077376544474,1e-07,down
1.2,0.17180045694112772,1e-07,down
1.0,0.4409880980383604,1e-07,down
0.8,0.12333811260759828,1e-07,down
0.6,0.4449623881373554,1e-07,down
0.4,0.5355889163911342,1e-07,down
0.2,0.7160227894783019,1e-07,down
-0.0,-0.06974643096327782,1e-07,down
-0.0,-0.06974643096327782,1e-07,up
0.2,0.13544438406825063,1e-07,up
0.4,-0.021319087594747557,1e-07,up
0.6,0.07719885930418965,1e-07,up
0.8,0.4155014157295227,1e-07,up
1.0,-0.040456104208715274,1e-07,up
1.2,0.009032398462295529,1e-07,up
1.4,0.14149098424240944,1e-07,up
1.6,0.34864928573369974,1e-07,up
1.8,0.02036341279745102,1e-07,up
2.0,0.10957175493240354,1e-07,up
2.2,0.15362589620053765,1e-07,up
2.4,0.1549573373049497,1e-07,up
2.6,0.1676176935434341,1e-07,up
2.8,0.43707113899290556,1e-07,up
3.0,0.13032007217407224,1e-07,up
3.2,0.36956048943102354,1e-07,up
3.4,0.5178988557308911,1e-07,up
3.6,0.09917009994387624,1e-07,up
3.8,0.2538772821426391,1e-07,up
4.0,0.23031971603631968,1e-07,up
4.2,0.21034347265958783,1e-07,up
4.4,0.16625271737575528,1e-07,up
4.6,0.2713732831180095,1e-07,up
4.8,0.17526674829423425,1e-07,up
5.0,0.45864022057503456,1e-07,up
5.2,0.4037165474146604,1e-07,up
5.4,0.4985941294580697,1e-07,up
5.6,0.4138409728184341,1e-07,up
5.8,0.41218373039737344,1e-07,up
6.0,0.5080827493220567,1e-07,up
6.2,0.420386467128992,1e-07,up
6.4,0.31475799530744547,1e-07,up
6.6,0.588534004986286,1e-07,up
6.8,0.4852149114012717,1e-07,up
7.0,0.5432625394314526,1e-07,up
7.2,0.5438006282784044,1e-07,up
7.4,0.4585854168981313,1e-07,up
7.6,0.47986308671534045,1e-07,up
7.8,0.5546914525330066,1e-07,up
8.0,0.4950803583487867,1e-07,up
8.0,0.4593893764540552,1e-07,down
7.8,0.5213995501399039,1e-07,down
7.6,0.564316012088966,1e-07,down
7.4,0.45393419824540604,1e-07,down
7.2,0.5930613875389098,1e-07,down
7.0,0.593792354222387,1e-07,down
6.8,0.4227431323379277,1e-07,down
6.6,0.6295858956873416,1e-07,down
6.4,0.46284503489732737,1e-07,down
6.2,0.372146263718605,1e-07,down
6.0,0.6069507114589213,1e-07,down
5.8,0.6575859934091567,1e-07,down
5.6,0.5112788546830415,1e-07,down
5.4,0.24063697981182483,1e-07,down
5.2,0.3724150583148002,1e-07,down
5.0,0.35316397296264757,1e-07,down
4.8,0.37095348257571453,1e-07,down
4.6,0.17834716662764546,1e-07,down
4.4,0.3648976385593413,1e-07,down
4.2,0.43283719941973675,1e-07,down
4.0,0.33685274794697756,1e-07,down
3.8,0.3919386444613337,1e-07,down
3.6,0.2541120201349258,1e-07,down
3.4,0.4003701438196003,1e-07,down
3.2,0.3828495014458894,1e-07,down
3.0,0.1468513188883662,1e-07,down
2.8,0.4869067110121249,1e-07,down
2.6,0.3587656673043965,1e-07,down
2.4,0.25184777379035944,1e-07,down
2.2,0.42478162422776217,1e-07,down
2.0,-0.031147897243499756,1e-07,down
1.8,0.3982948884367942,1e-07,down
1.6,0.27563891932368273,1e-07,down
1.4,0.3679256327450275,1e-07,down
1.2,0.4905296031211036,1e-07,down
1.0,0.697142632678151,1e-07,down
0.8,0.1264080228284001,1e-07,down
0.6,0.45667832344770426,1e-07,down
0.4,0.6972760893404483,1e-07,down
0.2,0.0835691951215267,1e-07,down
-0.0,0.20961690880358214,1e-07,down
-0.0,0.20961690880358214,1e-07,up
0.2,0.32261594757437695,1e-07,up
0.4,0.14594198251143095,1e-07,up
0.6,0.2961857356131076,1e-07,up
0.8,0.0799668002873659,1e-07,up
1.0,0.27366980910301203,1e-07,up
1.2,0.33650649152696127,1e-07,up
1.4,0.421587792225182,1e-07,up
1.6,0.30214267829433084,1e-07,up
1.8,0.006096554920077325,1e-07,up
2.0,0.12873500958085057,1e-07,up
2.2,0.2753916755318641,1e-07,up
2.4,0.421968888491392,1e-07,up
2.6,0.15960893407464027,1e-07,up
2.8,0.2758641764521598,1e-07,up
3.0,0.2598532661795616,1e-07,up
3.2,0.44973018020391464,1e-07,up
3.4,0.34371756389737124,1e-07,up
3.6,0.37785904388874764,1e-07,up
3.8,0.36080989614129055,1e-07,up
4.0,0.374531777575612,1e-07,up
4.2,0.2132072867825627,1e-07,up
4.4,0.37166632711887354,1e-07,up
4.6,0.3912046253681182,1e-07,up
4.8,0.20177568495273587,1e-07,up
5.0,0.3884580433368682,1e-07,up
5.2,0.46898792404681433,1e-07,up
5.4,0.2129884837195277,1e-07,up
5.6,0.42185652628540987,1e-07,up
5.8,0.18297423794865605,1e-07,up
6.0,0.29323901981115336,1e-07,up
6.2,0.5426875576376914,1e-07,up
6.4,0.14461019635200498,1e-07,up
6.6,0.47542002797126764,1e-07,up
6.8,0.3721184134483337,1e-07,up
7.0,0.48464651405811304,1e-07,up
7.2,0.577543955296278,1e-07,up
7.4,0.556907147169113,1e-07,up
7.6,0.43599241226911534,1e-07,up
7.8,0.4629075378179549,1e-07,up
8.0,0.4489935711026191,1e-07,up
8.0,0.5023615993559359,1e-07,down
7.8,0.5469894097186624,1e-07,down
7.6,0.5711755417287349,1e-07,down
7.4,0.4633514955639838,1e-07,down
7.2,0.4810408949851989,1e-07,down
7.0,0.5604805503971874,1e-07,down
6.8,0.5948788635432718,1e-07,down
6.6,0.6102314675226806,1e-07,down
6.4,0.27052220841869706,1e-07,down
6.2,0.5059708468616008,1e-07,down
6.0,0.39355553127825255,1e-07,down
5.8,0.2974761268123984,1e-07,down
5.6,0.2621359378099441,1e-07,down
5.4,0.30272172112017864,1e-07,down
5.2,0.5670319003984331,1e-07,down
5.0,0.08558443188667295,1e-07,down
4.8,0.37960087135434145,1e-07,down
4.6,0.5338886892423033,1e-07,down
4.4,0.1773623656481504,1e-07,down
4.2,0.3161892659554723,1e-07,down
4.0,0.4718509204685687,1e-07,down
3.8,0.07044729031622407,1e-07,down
3.6,0.3140669427812099,1e-07,down
3.4,0.4543693624436854,1e-07,down
3.2,0.09856663644313811,1e-07,down
3.0,0.36600374430418015,1e-07,down
2.8,0.14270764775574205,1e-07,down
2.6,0.24056983925402162,1e-07,down
2.4,0.323379136621952,1e-07,down
2.2,0.3989971280097961,1e-07,down
2.0,0.36720803007483477,1e-07,down
1.8,0.11066379398107526,1e-07,down
1.6,0.3585856775753199,1e-07,down
1.4,0.3607686981558799,1e-07,down
1.2,0.13272869028151033,1e-07,down
1.0,0.39621532568708057,1e-07,down
0.8,0.7394520081579684,1e-07,down
0.6,0.10568222776055335,1e-07,down
0.4,0.3790697258664294,1e-07,down
0.2,0.23144076019525522,1e-07,down
-0.0,0.22729458473622793,1e-07,down
-0.0,0.22729458473622793,1e-07,up
0.2,0.17003647983074185,1e-07,up
0.4,0.243711806833744,1e-07,up
0.6,0.2630509249866008,1e-07,up
0.8,0.2976457476615905,1e-07,up
1.0,0.0592481642961502,1e-07,up
1.2,0.2606407701969146,1e-07,up
1.4,0.08312245458364484,1e-07,up
1.6,0.16554353758692736,1e-07,up
1.8,0.1702475249767303,1e-07,up
2.0,0.1964742802083492,1e-07,up
2.2,0.25114770419895643,1e-07,up
2.4,0.08556513255462048,1e-07,up
2.6,0.2278440343216061,1e-07,up
2.8,0.09094519726932047,1e-07,up
3.0,0.24713206849992272,1e-07,up
3.2,0.3069373089820146,1e-07,up
3.4,0.39843490906059736,1e-07,up
3.6,0.1775094126351177,1e-07,up
3.8,0.26887924131005997,1e-07,up
4.0,0.3086030893027782,1e-07,up
4.2,0.15093426778912541,1e-07,up
4.4,0.3946802111458964,1e-07,up
4.6,0.3517460916191339,1e-07,up
4.8,0.3457887889817356,1e-07,up
5.0,0.33210233645513654,1e-07,up
5.2,0.24392085941508407,1e-07,up
5.4,0.2815244387602433,1e-07,up
5.6,0.5111413351260125,1e-07,up
5.8,0.5362057276070117,1e-07,up
6.0,0.2368197583127766,1e-07,up
6.2,0.47370510874316085,1e-07,up
6.4,0.23398495023138816,1e-07,up
6.6,0.49511626735329617,1e-07,up
6.8,0.454682657495141,1e-07,up
7.0,0.45717110863188276,1e-07,up
7.2,0.6289961952716112,1e-07,up
7.4,0.5789602501317858,1e-07,up
7.6,0.5687736347317695,1e-07,up
7.8,0.5320926052518188,1e-07,up
8.0,0.4353258693590759,1e-07,up
8.0,0.48886931873857964,1e-07,down
7.8,0.5391074270009993,1e-07,down
7.6,0.4944222180056385,1e-07,down
7.4,0.48862392688170064,1e-07,down
7.2,0.49842563457787026,1e-07,down
7.0,0.6139608025550841,1e-07,down
6.8,0.4439903758466243,1e-07,down
6.6,0.6228118866565636,1e-07,down
6.4,0.3808806411689147,1e-07,down
6.2,0.47311232425272454,1e-07,down
6.0,0.6068317582830786,1e-07,down
5.8,0.28663972020149225,1e-07,down
5.6,0.3825573064386844,1e-07,down
5.4,0.525109874550253,1e-07,down
5.2,0.5156374359503387,1e-07,down
5.0,0.5098303405102341,1e-07,down
4.8,0.19887832598760719,1e-07,down
4.6,0.423895914107561,1e-07,down
4.4,0.3799238905194215,1e-07,down
4.2,0.2372517564799636,1e-07,down
4.0,0.3830924243666231,1e-07,down
3.8,0.3326219269074499,1e-07,down
3.6,0.316036753822118,1e-07,down
3.4,0.47106755850836624,1e-07,down
3.2,0.29761225357651705,1e-07,down
3.0,0.3268399238586426,1e-07,down
2.8,0.35646394267678255,1e-07,down
2.6,0.3809736818075179,1e-07,down
2.4,0.29479520022869105,1e-07,down
2.2,0.4481430053710937,1e-07,down
2.0,0.08310870826244353,1e-07,down
1.8,0.45427906513214106,1e-07,down
1.6,0.4089623969048261,1e-07,down
1.4,0.13163016038015485,1e-07,down
1.2,0.2833996238186955,1e-07,down
1.0,0.1750338245183229,1e-07,down
0.8,0.21513429097831244,1e-07,down
0.6,0.5651412345468997,1e-07,down
0.4,0.4762565083801746,1e-07,down
0.2,0.07747421041131017,1e-07,down
-0.0,0.4529115110635757,1e-07,down
-0.0,0.4529115110635757,1e-07,up
0.2,0.08516297861933704,1e-07,up
0.4,0.2262596637010574,1e-07,up
0.6,0.023354744538664807,1e-07,up
0.8,0.1653164085000753,1e-07,up
1.0,0.4735661186277865,1e-07,up
1.2,0.3656804943457245,1e-07,up
1.4,0.07161071151494978,1e-07,up
1.6,0.2083439081907272,1e-07,up
1.8,0.5141169223934411,1e-07,up
2.0,0.3792820814996957,1e-07,up
2.2,0.4181857798248529,1e-07,up
2.4,0.3733432721346616,1e-07,up
2.6,0.4203383214771747,1e-07,up
2.8,0.4418498910963534,1e-07,up
3.0,0.2172779385000467,1e-07,up
3.2,0.3948265463113784,1e-07,up
3.4,0.4318705033510923,1e-07,up
3.6,0.22223939746618268,1e-07,up
3.8,0.5046709496527909,1e-07,up
4.0,0.24976041167974466,1e-07,up
4.2,0.4313106052577495,1e-07,up
4.4,0.5916631731670349,1e-07,up
4.6,0.567171812057495,1e-07,up
4.8,0.4913954036310314,1e-07,up
5.0,0.6172414366155863,1e-07,up
5.2,0.6416644006967543,1e-07,up
5.4,0.16595131438225505,1e-07,up
5.6,0.41846190020442,1e-07,up
5.8,0.4068553559482097,1e-07,up
6.0,0.5413024686276912,1e-07,up
6.2,0.3071121382527053,1e-07,up
6.4,0.4585951883345841,1e-07,up
6.6,0.5435245484113692,1e-07,up
6.8,0.3891871171072125,1e-07,up
7.0,0.6427269056439399,1e-07,up
7.2,0.5946454964578151,1e-07,up
7.4,0.6079457052983342,1e-07,up
7.6,0.5711465533822774,1e-07,up
7.8,0.560112616047263,1e-07,up
8.0,0.46917041577398766,1e-07,up
8.0,0.45985230640508223,1e-07,down
7.8,0.45585834421217436,1e-07,down
7.6,0.5197628170717506,1e-07,down
7.4,0.4604200813919305,1e-07,down
7.2,0.532999537885189,1e-07,down
7.0,0.5668719056993722,1e-07,down
6.8,0.532369902357459,1e-07,down
6.6,0.3424587249755858,1e-07,down
6.4,0.5053698103874921,1e-07,down
6.2,0.5225187148898839,1e-07,down
6.0,0.3027066886425018,1e-07,down
5.8,0.42057186225429166,1e-07,down
5.6,0.2799172084778547,1e-07,down
5.4,0.3865725137293338,1e-07,down
5.2,0.3116649314761161,1e-07,down
5.0,0.25408404428162606,1e-07,down
4.8,0.28086607903242106,1e-07,down
4.6,0.42487656511366356,1e-07,down
4.4,0.3642335127260593,1e-07,down
4.2,0.24278152734041208,1e-07,down
4.0,0.4223078517243265,1e-07,down
3.8,0.3272426091134547,1e-07,down
3.6,0.21639464795589441,1e-07,down
3.4,0.16240481263957915,1e-07,down
3.2,0.33337401598691935,1e-07,down
3.0,0.39860696822870517,1e-07,down
2.8,0.4063354283571243,1e-07,down
2.6,0.13835899531841273,1e-07,down
2.4,0.21882098913192746,1e-07,down
2.2,0.14956749975681302,1e-07,down
2.0,0.32506721839308733,1e-07,down
1.8,0.22797102271579203,1e-07,down
1.6,0.3824416287243365,1e-07,down
1.4,0.39157174527645106,1e-07,down
1.2,0.39395187445916224,1e-07,down
1.0,0.16484625265002248,1e-07,down
0.8,0.1923360228538513,1e-07,down
0.6,0.4016014272347092,1e-07,down
0.4,0.03654781286604702,1e-07,down
0.2,0.2863804334774613,1e-07,down
-0.0,0.4690863341093063,1e-07,down
-0.0,0.4690863341093063,1e-07,up
0.2,0.15247839689254758,1e-07,up
0.4,0.15084768831729886,1e-07,up
0.6,0.20551213622093195,1e-07,up
0.8,0.18607841432094574,1e-07,up
1.0,0.12960235960781571,1e-07,up
1.2,0.1735286191105842,1e-07,up
1.4,0.06226471066474914,1e-07,up
1.6,0.07101068645715712,1e-07,up
1.8,0.11573379859328267,1e-07,up
2.0,0.26325461827218527,1e-07,up
2.2,0.07029174733906983,1e-07,up
2.4,0.16256303340196604,1e-07,up
2.6,0.21903749275952572,1e-07,up
2.8,0.06196394469588994,1e-07,up
3.0,0.1366879711858928,1e-07,up
3.2,0.19450727663934228,1e-07,up
3.4,0.21781336236745114,1e-07,up
3.6,0.21508401574101293,1e-07,up
3.8,0.0690180486999452,1e-07,up
4.0,0.29073261981829995,1e-07,up
4.2,0.14338308712467548,1e-07,up
4.4,0.2931408393196761,1e-07,up
4.6,0.09524258784949777,1e-07,up
4.8,0.28960476978681976,1e-07,up
5.0,0.2117410008795559,1e-07,up
5.2,0.4099742835387587,1e-07,up
5.4,0.3149238899350166,1e-07,up
5.6,0.31085346639156336,1e-07,up
5.8,0.3070939257740974,1e-07,up
6.0,0.4701736508868634,1e-07,up
6.2,0.2811844944953918,1e-07,up
6.4,0.37693190481513733,1e-07,up
6.6,0.43577731671393843,1e-07,up
6.8,0.5109443645924329,1e-07,up
7.0,0.3968924917280673,1e-07,up
7.2,0.5358105544000863,1e-07,up
7.4,0.4692584797739982,1e-07,up
7.6,0.48353997990488995,1e-07,up
7.8,0.4249947583302855,1e-07,up
8.0,0.4839284913614392,1e-07,up
8.0,0.5202786070294677,1e-07,down
7.8,0.4939932795241474,1e-07,down
7.6,0.6304910313338039,1e-07,down
7.4,0.5938698779791592,1e-07,down
7.2,0.574658797122538,1e-07,down
7.0,0.3657350689172744,1e-07,down
6.8,0.579254550859332,1e-07,down
6.6,0.5392165621742605,1e-07,down
6.4,0.6453172285109757,1e-07,down
6.2,0.5791101092472671,1e-07,down
6.0,0.329241681843996,1e-07,down
5.8,0.4326327443122863,1e-07,down
5.6,0.6712931618094444,1e-07,down
5.4,0.2103438412304967,1e-07,down
5.2,0.3855119999498129,1e-07,down
5.0,0.43851622426882375,1e-07,down
4.8,0.5515564791858195,1e-07,down
4.6,0.5915252920240163,1e-07,down
4.4,0.26025671232491726,1e-07,down
4.2,0.43691231153206894,1e-07,down
4.0,0.19888703338801855,1e-07,down
3.8,0.4819499943405389,1e-07,down
3.6,0.2008433416485786,1e-07,down
3.4,0.43967650830745686,1e-07,down
3.2,0.3979575242847203,1e-07,down
3.0,0.4551214091479777,1e-07,down
2.8,0.5440329201519488,1e-07,down
2.6,0.2683481142157688,1e-07,down
2.4,0.49761393573135126,1e-07,down
2.2,0.2817115448415279,1e-07,down
2.0,0.537890494801104,1e-07,down
1.8,0.35960793867707247,1e-07,down
1.6,0.18158514797687528,1e-07,down
1.4,0.4113673968240618,1e-07,down
1.2,0.5097267078235744,1e-07,down
1.0,0.4706755280494689,1e-07,down
0.8,0.13200620748102662,1e-07,down
0.6,0.2902505178935825,1e-07,down
0.4,0.09852292295545335,1e-07,down
0.2,0.445907151326537,1e-07,down
-0.0,0.3933989387005567,1e-07,down
-0.0,0.3933989387005567,1e-07,up
0.2,0.35142543539404864,1e-07,up
0.4,0.2278937640949152,1e-07,up
0.6,0.17249087139498437,1e-07,up
0.8,0.17766401078552005,1e-07,up
1.0,0.17560045234858987,1e-07,up
1.2,0.20258499117335302,1e-07,up
1.4,0.08690382353961466,1e-07,up
1.6,0.2234610230661928,1e-07,up
1.8,0.07967581786215304,1e-07,up
2.0,0.20746994274668393,1e-07,up
2.2,0.133105929242447,1e-07,up
2.4,0.11517745815217494,1e-07,up
2.6,0.24225824233144516,1e-07,up
2.8,0.1900941431522369,1e-07,up
3.0,0.14890793710947034,1e-07,up
3.2,0.09290099143981932,1e-07,up
3.4,0.18754757940769193,1e-07,up
3.6,0.3661937247961759,1e-07,up
3.8,0.35139102768152947,1e-07,up
4.0,0.20658908365294334,1e-07,up
4.2,0.35747839370742435,1e-07,up
4.4,0.31760530290193856,1e-07,up
4.6,0.30325800180435175,1e-07,up
4.8,0.18394196964800352,1e-07,up
5.0,0.3028629263862967,1e-07,up
5.2,0.6263818889856339,1e-07,up
5.4,0.19109439663588995,1e-07,up
5.6,0.2804084495874121,1e-07,up
5.8,0.43040609452873463,1e-07,up
6.0,0.26222584489732975,1e-07,up
6.2,0.4762280862778424,1e-07,up
6.4,0.2827872801572084,1e-07,up
6.6,0.576798217371106,1e-07,up
6.8,0.5020316950976847,1e-07,up
7.0,0.46381663531064976,1e-07,up
7.2,0.49310252442955965,1e-07,up
7.4,0.6373745538294314,1e-07,up
7.6,0.5946028511971234,1e-07,up
7.8,0.6098220087587832,1e-07,up
8.0,0.5519345123320817,1e-07,up
8.0,0.5169136971235274,1e-07,down
7.8,0.4765075482428073,1e-07,down
7.6,0.4576653093099593,1e-07,down
7.4,0.5711587611585854,1e-07,down
7.2,0.5668412782251834,1e-07,down
7.0,0.46155643463134755,1e-07,down
6.8,0.4603304564952849,1e-07,down
6.6,0.58057062048465,1e-07,down
6.4,0.4781724512577056,1e-07,down
6.2,0.4059562683105468,1e-07,down
6.0,0.31057888269424433,1e-07,down
5.8,0.6421579783782362,1e-07,down
5.6,0.3898785104975103,1e-07,down
5.4,0.4875756464898585,1e-07,down
5.2,0.41097948700189585,1e-07,down
5.0,0.2668597996234893,1e-07,down
4.8,0.3813083730638026,1e-07,down
4.6,0.5053964164108037,1e-07,down
4.4,0.22778819128870958,1e-07,down
4.2,0.4187897015362977,1e-07,down
4.0,0.42901606485247606,1e-07,down
3.8,0.24765021353960032,1e-07,down
3.6,0.24508394359145308,1e-07,down
3.4,0.475418984889984,1e-07,down
3.2,0.25410892069339747,1e-07,down
3.0,0.3531159930862486,1e-07,down
2.8,0.39127690345048893,1e-07,down
2.6,0.25840108096599573,1e-07,down
2.4,0.15455535799264905,1e-07,down
2.2,0.45150464214384545,1e-07,down
2.0,0.46525600925087923,1e-07,down
1.8,0.628122217953205,1e-07,down
1.6,0.5348616894334554,1e-07,down
1.4,0.02869895100593566,1e-07,down
1.2,0.2232073470950126,1e-07,down
1.0,0.06023302674293517,1e-07,down
0.8,0.3283580373972654,1e-07,down
0.6,0.30041454581078136,1e-07,down
0.4,0.3695700243115424,1e-07,down
0.2,0.44704124238342036,1e-07,down
-0.0,0.14684869465418157,1e-07,down
-0.0,0.14684869465418157,1e-07,up
0.2,0.25184719671960915,1e-07,up
0.4,0.4179080147296189,1e-07,up
0.6,0.2789010950364172,1e-07,up
0.8,0.02335731894709169,1e-07,up
1.0,0.25603927660267795,1e-07,up
1.2,0.4729697592556476,1e-07,up
1.4,0.40843728743493546,1e-07,up
1.6,0.5267635229974984,1e-07,up
1.8,0.4853143468499183,1e-07,up
2.0,0.49270362406969065,1e-07,up
2.2,-0.08703347854316233,1e-07,up
2.4,0.31002387125045056,1e-07,up
2.6,0.5681871112901716,1e-07,up
2.8,0.0019407738000154454,1e-07,up
3.0,0.19614520296454424,1e-07,up
3.2,0.11637859517941249,1e-07,up
3.4,0.30809504119679326,1e-07,up
3.6,0.05212842486798761,1e-07,up
3.8,0.3091851752251386,1e-07,up
4.0,0.4078277982771396,1e-07,up
4.2,0.5574470926076173,1e-07,up
4.4,0.48205457814037794,1e-07,up
4.6,0.17453727871179575,1e-07,up
4.8,0.3096103407442569,1e-07,up
5.0,0.4238114953041076,1e-07,up
5.2,0.2115376098081469,1e-07,up
5.4,0.4242146052420138,1e-07,up
5.6,0.5909059699624776,1e-07,up
5.8,0.4322506440803408,1e-07,up
6.0,0.2727988467086106,1e-07,up
6.2,0.3961667530238628,1e-07,up
6.4,0.6609382112510501,1e-07,up
6.6,0.586534869391471,1e-07,up
6.8,0.3589960350655019,1e-07,up
7.0,0.5054749883711337,1e-07,up
7.2,0.6250581480562686,1e-07,up
7.4,0.5902908565476536,1e-07,up
7.6,0.49986886698752636,1e-07,up
7.8,0.4721932222309987,1e-07,up
8.0,0.44686843920499075,1e-07,up
8.0,0.5087449103593825,1e-07,down
7.8,0.5558930747210978,1e-07,down
7.6,0.5848790388554334,1e-07,down
7.4,0.625216130632907,1e-07,down
7.2,0.43417801707983006,1e-07,down
7.0,0.4207847131765447,1e-07,down
6.8,0.5647990670986472,1e-07,down
6.6,0.3934400081634521,1e-07,down
6.4,0.552249427884817,1e-07,down
6.2,0.4822935611009597,1e-07,down
6.0,0.44554751366376877,1e-07,down
5.8,0.24684941908344624,1e-07,down
5.6,0.30483081936836237,1e-07,down
5.4,0.251436810940504,1e-07,down
5.2,0.38002197816967953,1e-07,down
5.0,0.3313699048012494,1e-07,down
4.8,0.3785880208015441,1e-07,down
4.6,0.19880059361457822,1e-07,down
4.4,0.3283007647842168,1e-07,down
4.2,0.1785975936800241,1e-07,down
4.0,0.2284978590905666,1e-07,down
3.8,0.1159010678529739,1e-07,down
3.6,0.1845555007457733,1e-07,down
3.4,0.1099637448787689,1e-07,down
3.2,0.16643961519002912,1e-07,down
3.0,0.29135328391566867,1e-07,down
2.8,0.08818382071331142,1e-07,down
2.6,0.1715158866718411,1e-07,down
2.4,0.1601389283314347,1e-07,down
2.2,0.464367153123021,1e-07,down
2.0,0.28508163243532175,1e-07,down
1.8,0.2899928465485572,1e-07,down
1.6,0.1064462400972843,1e-07,down
1.4,0.16871453821659083,1e-07,down
1.2,0.19037306308746335,1e-07,down
1.0,0.09040027856826781,1e-07,down
0.8,0.2637005001306533,1e-07,down
0.6,0.266549602150917,1e-07,down
0.4,0.44415972800925363,1e-07,down
0.2,0.09335606545209883,1e-07,down
-0.0,0.26848661154508585,1e-07,down
-0.0,0.26848661154508585,1e-07,up
0.2,0.13308002054691312,1e-07,up
0.4,0.19721281528472898,1e-07,up
0.6,0.16823305189609525,1e-07,up
0.8,0.08974936604499814,1e-07,up
1.0,0.19169670343399045,1e-07,up
1.2,0.14981184899806974,1e-07,up
1.4,0.06326505541801451,1e-07,up
1.6,0.12068385630846022,1e-07,up
1.8,0.19351799786090848,1e-07,up
2.0,0.11459412798285482,1e-07,up
2.2,0.06944122165441512,1e-07,up
2.4,0.19628135859966273,1e-07,up
2.6,0.13431123644113538,1e-07,up
2.8,0.13485651463270187,1e-07,up
3.0,0.3320332020521164,1e-07,up
3.2,0.278532113879919,1e-07,up
3.4,0.04462488368153571,1e-07,up
3.6,0.12504823505878446,1e-07,up
3.8,0.25109376013278956,1e-07,up
4.0,0.3399784937500953,1e-07,up
4.2,0.36891800910234446,1e-07,up
4.4,0.20749025791883466,1e-07,up
4.6,0.2211329266428947,1e-07,up
4.8,0.30389884114265436,1e-07,up
5.0,0.2508596554398536,1e-07,up
5.2,0.2949853911995887,1e-07,up
5.4,0.3418276831507682,1e-07,up
5.6,0.522400015965104,1e-07,up
5.8,0.4642429910600184,1e-07,up
6.0,0.1686618775129318,1e-07,up
6.2,0.3518793284893035,1e-07,up
6.4,0.22085049003362653,1e-07,up
6.6,0.3285623416304588,1e-07,up
6.8,0.5744551233947276,1e-07,up
7.0,0.4839400388300418,1e-07,up
7.2,0.5960618387907742,1e-07,up
7.4,0.44732591323554505,1e-07,up
7.6,0.49114747904241074,1e-07,up
7.8,0.5442106351256369,1e-07,up
8.0,0.5589531315490602,1e-07,up
8.0,0.5134626999497413,1e-07,down
7.8,0.4933066852390765,1e-07,down
7.6,0.5636771731078623,1e-07,down
7.4,0.5046666897833346,1e-07,down
7.2,0.537065327167511,1e-07,down
7.0,0.5444499710574746,1e-07,down
6.8,0.389072373509407,1e-07,down
6.6,0.3994724750518798,1e-07,down
6.4,0.5234812218695878,1e-07,down
6.2,0.32731881504878396,1e-07,down
6.0,0.43522090371698136,1e-07,down
5.8,0.5430488698184489,1e-07,down
5.6,0.31049438752233977,1e-07,down
5.4,0.40777255594730366,1e-07,down
5.2,0.40740948077291245,1e-07,down
5.0,0.5117911882698535,1e-07,down
4.8,0.5232179015874863,1e-07,down
4.6,0.5529594123363494,1e-07,down
4.4,0.42329630628228176,1e-07,down
4.2,0.5567856803536414,1e-07,down
4.0,0.4547514542937278,1e-07,down
3.8,0.022909820079803456,1e-07,down
3.6,0.41906007193028916,1e-07,down
3.4,0.34302191436290735,1e-07,down
3.2,0.3047358319163322,1e-07,down
3.0,0.46829160489141936,1e-07,down
2.8,0.2619663700461387,1e-07,down
2.6,0.2602068148553371,1e-07,down
2.4,0.40018688514828676,1e-07,down
2.2,0.4483390003442764,1e-07,down
2.0,0.2894463308621198,1e-07,down
1.8,0.1923761218786239,1e-07,down
1.6,0.29344541579484934,1e-07,down
1.4,0.22059193998575205,1e-07,down
1.2,0.4001361690461635,1e-07,down
1.0,0.24190483510028565,1e-07,down
0.8,0.15225229039788243,1e-07,down
0.6,0.13772738724946973,1e-07,down
0.4,0.1309339664876461,1e-07,down
0.2,0.5308962278068066,1e-07,down
-0.0,0.3030318915843963,1e-07,down
-0.0,0.3030318915843963,1e-07,up
0.2,0.1305236220359802,1e-07,up
0.4,0.4448588397353887,1e-07,up
0.6,0.33371267840266217,1e-07,up
0.8,0.16666468977928162,1e-07,up
1.0,0.05574914813041686,1e-07,up
1.2,0.36857786262407893,1e-07,up
1.4,0.2091440083459019,1e-07,up
1.6,0.40912930294871325,1e-07,up
1.8,0.11450662463903426,1e-07,up
2.0,0.35547541407868255,1e-07,up
2.2,0.26997442916035647,1e-07,up
2.4,0.33525699377059925,1e-07,up
2.6,0.22287508100271222,1e-07,up
2.8,0.32699251850135624,1e-07,up
3.0,0.28113569691777224,1e-07,up
3.2,0.37652102904394263,1e-07,up
3.4,0.3396675065159797,1e-07,up
3.6,0.18084622919559476,1e-07,up
3.8,0.40241844579577435,1e-07,up
4.0,0.33753548399545247,1e-07,up
4.2,0.4294949434697627,1e-07,up
4.4,0.4834999963641166,1e-07,up
4.6,0.3780424632132053,1e-07,up
4.8,0.4209686033427715,1e-07,up
5.0,0.4688754500821232,1e-07,up
5.2,0.5458172713406383,1e-07,up
5.4,0.25720309466123575,1e-07,up
5.6,0.3417664244771003,1e-07,up
5.8,0.4538877364248037,1e-07,up
6.0,0.5428974609822034,1e-07,up
6.2,0.3746471335180103,1e-07,up
6.4,0.41661051288247103,1e-07,up
6.6,0.5761468932032584,1e-07,up
6.8,0.5641309656202792,1e-07,up
7.0,0.5959483925253152,1e-07,up
7.2,0.5637489855289458,1e-07,up
7.4,0.43469585711136455,1e-07,up
7.6,0.5132587747648357,1e-07,up
7.8,0.5261231437325476,1e-07,up
8.0,0.45147119369357813,1e-07,up
8.0,0.4804221764206885,1e-07,down
7.8,0.5309432670474051,1e-07,down
7.6,0.5088714116718619,1e-07,down
7.4,0.4548577740788459,1e-07,down
7.2,0.45014232769608487,1e-07,down
7.0,0.5864408612251281,1e-07,down
6.8,0.35354872234165663,1e-07,down
6.6,0.4168561985716223,1e-07,down
6.4,0.5261279065161942,1e-07,down
6.2,0.37870714254677285,1e-07,down
6.0,0.4121833276003598,1e-07,down
5.8,0.24838793650269506,1e-07,down
5.6,0.47572011966258276,1e-07,down
5.4,0.3180879354476928,1e-07,down
5.2,0.28503418713808054,1e-07,down
5.0,0.5334693016484379,1e-07,down
4.8,0.3008307922573294,1e-07,down
4.6,0.3033919660374522,1e-07,down
4.4,0.34277083864435537,1e-07,down
4.2,0.3293725466355681,1e-07,down
4.0,0.47709245461737726,1e-07,down
3.8,0.30604077130556095,1e-07,down
3.6,0.5782199795357882,1e-07,down
3.4,0.47341892682015885,1e-07,down
3.2,0.19686376303434366,1e-07,down
3.0,0.11989637464284894,1e-07,down
2.8,0.5440549058839678,1e-07,down
2.6,0.47909903991967434,1e-07,down
2.4,0.4457028433680533,1e-07,down
2.2,0.5368410311639308,1e-07,down
2.0,0.31185543164610857,1e-07,down
1.8,0.531546564772725,1e-07,down
1.6,0.32311402889899904,1e-07,down
1.4,0.49254559539258475,1e-07,down
1.2,0.17336842045187947,1e-07,down
1.0,0.4935972266830503,1e-07,down
0.8,0.35665871575474734,1e-07,down
0.6,0.2468451708555221,1e-07,down
0.4,0.46087404340505594,1e-07,down
0.2,0.18106556497514245,1e-07,down
-0.0,0.36443609744310373,1e-07,down
-0.0,0.36443609744310373,1e-07,up
0.2,0.3022849559783935,1e-07,up
0.4,0.15259968489408487,1e-07,up
0.6,0.19380237907171247,1e-07,up
0.8,0.11791099607944487,1e-07,up
1.0,0.21670275926589963,1e-07,up
1.2,0.14164984226226804,1e-07,up
1.4,0.45173205062746996,1e-07,up
1.6,0.30067018512636423,1e-07,up
1.8,0.39661130309104914,1e-07,up
2.0,0.27749181538820267,1e-07,up
2.2,0.4524675160646438,1e-07,up
2.4,0.17380540492013094,1e-07,up
2.6,0.29488960281014437,1e-07,up
2.8,0.15987579710781571,1e-07,up
3.0,0.2642027623223839,1e-07,up
3.2,0.3195947669446468,1e-07,up
3.4,0.16757087456062433,1e-07,up
3.6,0.25870434800162906,1e-07,up
3.8,0.4606749890372156,1e-07,up
4.0,0.2668075114488601,1e-07,up
4.2,0.25019687414169306,1e-07,up
4.4,0.18272937089204785,1e-07,up
4.6,0.5021969210356473,1e-07,up
4.8,0.3482122346758842,1e-07,up
5.0,0.3009278550744056,1e-07,up
5.2,0.26198083162307734,1e-07,up
5.4,0.503786128014326,1e-07,up
5.6,0.4262843318283557,1e-07,up
5.8,0.247387405950576,1e-07,up
6.0,0.37057045660912985,1e-07,up
6.2,0.4015675727277993,1e-07,up
6.4,0.4223056021146476,1e-07,up
6.6,0.31828573718667025,1e-07,up
6.8,0.39089371822774405,1e-07,up
7.0,0.4088330902159213,1e-07,up
7.2,0.5468069352209567,1e-07,up
7.4,0.4699161387979983,1e-07,up
7.6,0.45398730318993324,1e-07,up
7.8,0.46071347314864386,1e-07,up
8.0,0.5224158009514211,1e-07,up
8.0,0.4692808459512888,1e-07,down
7.8,0.5389506863430141,1e-07,down
7.6,0.5471133347600697,1e-07,down
7.4,0.5503650810569524,1e-07,down
7.2,0.4415046535432338,1e-07,down
7.0,0.5694626932963728,1e-07,down
6.8,0.5718286126066231,1e-07,down
6.6,0.6214187368750571,1e-07,down
6.4,0.2948462015483528,1e-07,down
6.2,0.5035687536001204,1e-07,down
6.0,0.6722659170627593,1e-07,down
5.8,0.28654564137104893,1e-07,down
5.6,0.40483077499084164,1e-07,down
5.4,0.46648536249995226,1e-07,down
5.2,0.450119838817045,1e-07,down
5.0,0.5910665821284055,1e-07,down
4.8,0.6580122038722037,1e-07,down
4.6,0.23087963648140425,1e-07,down
4.4,0.4113288270309567,1e-07,down
4.2,0.4701570672914385,1e-07,down
4.0,0.22554524010047314,1e-07,down
3.8,0.35365640651434654,1e-07,down
3.6,0.286808390635997,1e-07,down
3.4,0.20115433796308932,1e-07,down
3.2,0.4102201124187559,1e-07,down
3.0,0.32178208162076766,1e-07,down
2.8,0.3295767456293105,1e-07,down
2.6,0.3832081630825996,1e-07,down
2.4,0.39126836787909264,1e-07,down
2.2,0.3033449919894337,1e-07,down
2.0,0.2849806300364434,1e-07,down
1.8,0.14834292046725747,1e-07,down
1.6,0.5026540842372923,1e-07,down
1.4,0.1911191418766975,1e-07,down
1.2,0.18538924306631088,1e-07,down
1.0,0.2117974683642387,1e-07,down
0.8,0.17637658864259714,1e-07,down
0.6,0.4209614843130111,1e-07,down
0.4,0.2007115120068192,1e-07,down
0.2,0.22681109141558406,1e-07,down
-0.0,0.06202377367299049,1e-07,down
-0.0,0.06202377367299049,1e-07,up
0.2,0.36169182462617744,1e-07,up
0.4,0.13350159302353856,1e-07,up
0.6,0.2545952126383781,1e-07,up
0.8,0.15463353320956227,1e-07,up
1.0,0.23952869685308537,1e-07,up
1.2,0.29663347918540234,1e-07,up
1.4,0.20707807317376134,1e-07,up
1.6,0.1445476487278938,1e-07,up
1.8,0.22532785683870313,1e-07,up
2.0,0.3807793448213487,1e-07,up
2.2,0.3341075805947184,1e-07,up
2.4,0.3892000569030642,1e-07,up
2.6,0.1662205614848062,1e-07,up
2.8,0.22825345024466512,1e-07,up
3.0,0.17417519795708358,1e-07,up
3.2,0.2643793430179357,1e-07,up
3.4,0.2960993498563766,1e-07,up
3.6,0.22587028145790097,1e-07,up
3.8,0.29641492594964797,1e-07,up
4.0,0.3282934129238128,1e-07,up
4.2,0.34119895845651615,1e-07,up
4.4,0.47652813140302885,1e-07,up
4.6,0.41938931006006885,1e-07,up
4.8,0.2533600935712456,1e-07,up
5.0,0.23253643140196795,1e-07,up
5.2,0.3698055297136306,1e-07,up
5.4,0.2672764956951141,1e-07,up
5.6,0.4324401805642991,1e-07,up
5.8,0.36165814747801045,1e-07,up
6.0,0.4442957150749862,1e-07,up
6.2,0.3079707361757754,1e-07,up
6.4,0.44440108723938454,1e-07,up
6.6,0.6269531324505804,1e-07,up
6.8,0.6649390291422604,1e-07,up
7.0,0.6239437907934189,1e-07,up
7.2,0.3611861094832419,1e-07,up
7.4,0.5036410409957169,1e-07,up
7.6,0.5900675863958894,1e-07,up
7.8,0.5434781033545732,1e-07,up
8.0,0.43017509672790755,1e-07,up
8.0,0.49164735327940423,1e-07,down
7.8,0.5892550107091664,1e-07,down
7.6,0.6095448099076747,1e-07,down
7.4,0.5783003084361552,1e-07,down
7.2,0.5796248940750955,1e-07,down
7.0,0.5755204102024435,1e-07,down
6.8,0.41269062459468836,1e-07,down
6.6,0.44787208735942835,1e-07,down
6.4,0.3592189550399779,1e-07,down
6.2,0.5108818020671605,1e-07,down
6.0,0.5098167732357978,1e-07,down
5.8,0.3739832937717437,1e-07,down
5.6,0.6481166630983352,1e-07,down
5.4,0.38180399499833584,1e-07,down
5.2,0.42635832168161863,1e-07,down
5.0,0.19112319219857452,1e-07,down
4.8,0.32362174987792963,1e-07,down
4.6,0.23168396856635803,1e-07,down
4.4,0.3782250210642814,1e-07,down
4.2,0.3856816589832305,1e-07,down
4.0,0.4694197848439216,1e-07,down
3.8,0.45791725814342493,1e-07,down
3.6,0.5086210779845713,1e-07,down
3.4,0.13639493100345132,1e-07,down
3.2,0.2890778742730617,1e-07,down
3.0,0.4964753561653196,1e-07,down
2.8,0.15490441024303434,1e-07,down
2.6,0.4450422674417495,1e-07,down
2.4,0.4354140572249888,1e-07,down
2.2,0.42387926578521723,1e-07,down
2.0,0.3025645203888416,1e-07,down
1.8,0.18401208519935605,1e-07,down
1.6,0.04737411439418792,1e-07,down
1.4,0.20743843168020246,1e-07,down
1.2,0.4860156457871198,1e-07,down
1.0,0.34633395448327053,1e-07,down
0.8,0.49997257813811297,1e-07,down
0.6,0.36439049988985056,1e-07,down
0.4,0.15072877705097196,1e-07,down
0.2,0.2005166709423065,1e-07,down
-0.0,0.4008775162510573,1e-07,down
-0.0,0.4008775162510573,1e-07,up
0.2,0.2944180183112621,1e-07,up
0.4,0.4969371762126683,1e-07,up
0.6,0.24969197809696192,1e-07,up
0.8,0.28129390161484474,1e-07,up
1.0,0.24427949637174604,1e-07,up
1.2,0.16385452169924974,1e-07,up
1.4,0.3949920369705068,1e-07,up
1.6,0.27446171268820757,1e-07,up
1.8,0.17692840099334714,1e-07,up
2.0,0.23958845436573023,1e-07,up
2.2,0.4919238426955416,1e-07,up
2.4,0.27888578688725824,1e-07,up
2.6,0.4045929759740829,1e-07,up
2.8,0.41619114857166994,1e-07,up
3.0,0.44567640963941807,1e-07,up
3.2,0.5187643487006425,1e-07,up
3.4,0.11496821418404576,1e-07,up
3.6,0.40011906367726613,1e-07,up
3.8,0.3405631519854068,1e-07,up
4.0,0.48466438706964243,1e-07,up
4.2,0.4163612853735685,1e-07,up
4.4,0.4909832598641514,1e-07,up
4.6,0.19643072783946988,1e-07,up
4.8,0.5330805964767932,1e-07,up
5.0,0.532410241663456,1e-07,up
5.2,0.23748129978775973,1e-07,up
5.4,0.40891395509243006,1e-07,up
5.6,0.30803307890892023,1e-07,up
5.8,0.5635708686895667,1e-07,up
6.0,0.39566998928785313,1e-07,up
6.2,0.43917192891240114,1e-07,up
6.4,0.5473445691168307,1e-07,up
6.6,0.6228336945277987,1e-07,up
6.8,0.41546426806598896,1e-07,up
7.0,0.46026133571285743,1e-07,up
7.2,0.5518888533115386,1e-07,up
7.4,0.4142431691288947,1e-07,up
7.6,0.4615612849593162,1e-07,up
7.8,0.44562309607863415,1e-07,up
8.0,0.5106162619777024,1e-07,up
8.0,0.46719948202371586,1e-07,down
7.8,0.4941622931510209,1e-07,down
7.6,0.44799083238467563,1e-07,down
7.4,0.5780106503516435,1e-07,down
7.2,0.46560035645961756,1e-07,down
7.0,0.41402904689311976,1e-07,down
6.8,0.48082951828837384,1e-07,down
6.6,0.3348016813397407,1e-07,down
6.4,0.48944592196494335,1e-07,down
6.2,0.3575455714017152,1e-07,down
6.0,0.31964032351970667,1e-07,down
5.8,0.2638814523816108,1e-07,down
5.6,0.5236561521887778,1e-07,down
5.4,0.37297431193292135,1e-07,down
5.2,0.32828885037451977,1e-07,down
5.0,0.3762565818615257,1e-07,down
4.8,0.33225672761909664,1e-07,down
4.6,0.4661003784276544,1e-07,down
4.4,0.2974654138088226,1e-07,down
4.2,0.36793997697532166,1e-07,down
4.0,0.19113793689757583,1e-07,down
3.8,0.40506565943360323,1e-07,down
3.6,0.40843554679304356,1e-07,down
3.4,0.3935326328501104,1e-07,down
3.2,0.43951044138520945,1e-07,down
3.0,0.39216876216232766,1e-07,down
2.8,0.46794150955975045,1e-07,down
2.6,0.37767720595002163,1e-07,down
2.4,0.419495431240648,1e-07,down
2.2,0.12342284992337224,1e-07,down
2.0,0.25069678947329516,1e-07,down
1.8,0.3822332620620727,1e-07,down
1.6,0.0427177920937538,1e-07,down
1.4,0.31180721241980786,1e-07,down
1.2,0.22839942574501032,1e-07,down
1.0,0.19097953289747235,1e-07,down
0.8,0.4129408719018101,1e-07,down
0.6,0.07687977701425551,1e-07,down
0.4,0.2553135864436626,1e-07,down
0.2,0.24154066015034908,1e-07,down
-0.0,0.24705403298139564,1e-07,down
-0.0,0.24705403298139564,1e-07,up
0.2,0.13380298763513562,1e-07,up
0.4,0.32575445435941214,1e-07,up
0.6,0.05541868042200802,1e-07,up
0.8,0.19299474731087682,1e-07,up
1.0,0.16014463407918808,1e-07,up
1.2,0.18952750135213134,1e-07,up
1.4,0.29055410809814924,1e-07,up
1.6,0.23852990753948686,1e-07,up
1.8,0.05992827750742434,1e-07,up
2.0,0.20669063180685038,1e-07,up
2.2,0.11671925336122509,1e-07,up
2.4,0.1832315735518932,1e-07,up
2.6,0.17690176889300344,1e-07,up
2.8,0.18932584673166272,1e-07,up
3.0,0.1973597519099712,1e-07,up
3.2,0.17314835637807843,1e-07,up
3.4,0.2338510127738118,1e-07,up
3.6,0.21184962615370745,1e-07,up
3.8,0.26951402053236956,1e-07,up
4.0,0.17907592654228208,1e-07,up
4.2,0.24592233449220655,1e-07,up
4.4,0.3524022614583372,1e-07,up
4.6,0.2188610835000872,1e-07,up
4.8,0.2693600510247051,1e-07,up
5.0,0.2780213446822017,1e-07,up
5.2,0.36893176473677153,1e-07,up
5.4,0.43332011159509415,1e-07,up
5.6,0.30021646991372103,1e-07,up
5.8,0.3645626921206712,1e-07,up
6.0,0.4719550758600234,1e-07,up
6.2,0.36833886709064234,1e-07,up
6.4,0.33646814897656435,1e-07,up
6.6,0.3944401708431541,1e-07,up
6.8,0.42966329120099533,1e-07,up
7.0,0.447009534575045,1e-07,up
7.2,0.43617535382509226,1e-07,up
7.4,0.541965465992689,1e-07,up
7.6,0.4770932439714669,1e-07,up
7.8,0.4917149981483816,1e-07,up
8.0,0.47584332479164,1e-07,up
8.0,0.5068229716271161,1e-07,down
7.8,0.4542877795174717,1e-07,down
7.6,0.5003418878186493,1e-07,down
7.4,0.5927186757326125,1e-07,down
7.2,0.4391500055789947,1e-07,down
7.0,0.5801055058836936,1e-07,down
6.8,0.5221936404705046,1e-07,down
6.6,0.5648522563278674,1e-07,down
6.4,0.4855269417166709,1e-07,down
6.2,0.5359076997265219,1e-07,down
6.0,0.3361110817641019,1e-07,down
5.8,0.4233723431825637,1e-07,down
5.6,0.27170065836980933,1e-07,down
5.4,0.367841962724924,1e-07,down
5.2,0.4278796613216399,1e-07,down
5.0,0.3881838861852884,1e-07,down
4.8,0.5520634874701499,1e-07,down
4.6,0.25661911815404886,1e-07,down
4.4,0.35762651264667505,1e-07,down
4.2,0.5059860702604054,1e-07,down
4.0,0.1351986506488174,1e-07,down
3.8,0.42259627953171724,1e-07,down
3.6,0.014838021248579013,1e-07,down
3.4,0.20099506899714467,1e-07,down
3.2,0.32603710517287254,1e-07,down
3.0,0.34062295686453575,1e-07,down
2.8,0.1522450158372521,1e-07,down
2.6,0.29163704486563796,1e-07,down
2.4,0.5677998166065662,1e-07,down
2.2,0.49718942120671267,1e-07,down
2.0,0.4975834810175001,1e-07,down
1.8,-0.07732389867305756,1e-07,down
1.6,0.3531579747796058,1e-07,down
1.4,0.5676686912775039,1e-07,down
1.2,0.09134664898738264,1e-07,down
1.0,0.396107118576765,1e-07,down
0.8,0.35589505173265934,1e-07,down
0.6,0.5134658720344304,1e-07,down
0.4,0.5371437650173903,1e-07,down
0.2,0.5503938877955078,1e-07,down
-0.0,0.6282225977629422,1e-07,down
-0.0,0.6282225977629422,1e-07,up
0.2,0.4899568045511841,1e-07,up
0.4,-0.027982531115412716,1e-07,up
0.6,0.10551090701483186,1e-07,up
0.8,0.4103514309972524,1e-07,up
1.0,0.5906891264021396,1e-07,up
1.2,0.05710595473647117,1e-07,up
1.4,0.14074513502418992,1e-07,up
1.6,0.3457295717671513,1e-07,up
1.8,0.5225931843742727,1e-07,up
2.0,0.05785288661718367,1e-07,up
2.2,0.38365465030074114,1e-07,up
2.4,0.46796253742650146,1e-07,up
2.6,0.5775677636265754,1e-07,up
2.8,0.11286492645740506,1e-07,up
3.0,0.2817519754171371,1e-07,up
3.2,0.3110660463571548,1e-07,up
3.4,0.2938194796442985,1e-07,up
3.6,0.3594499314203857,1e-07,up
3.8,0.3259583273902535,1e-07,up
4.0,0.1967889219522476,1e-07,up
4.2,0.43032716400921334,1e-07,up
4.4,0.23032490722835058,1e-07,up
4.6,0.24986027553677556,1e-07,up
4.8,0.1946226246654987,1e-07,up
5.0,0.3705902462825178,1e-07,up
5.2,0.18959006498334927,1e-07,up
5.4,0.38599001150578255,1e-07,up
5.6,0.3832981809973717,1e-07,up
5.8,0.3319233022630214,1e-07,up
6.0,0.2565991207957267,1e-07,up
6.2,0.3680593729950487,1e-07,up
6.4,0.27038514055311674,1e-07,up
6.6,0.41084337932988996,1e-07,up
6.8,0.3646368645131587,1e-07,up
7.0,0.5660666897892951,1e-07,up
7.2,0.46357561647891987,1e-07,up
7.4,0.5533110816031693,1e-07,up
7.6,0.5356834083795546,1e-07,up
7.8,0.548787198960781,1e-07,up
8.0,0.5087632834911345,1e-07,up
8.0,0.48361117858439673,1e-07,down
7.8,0.455172449350357,1e-07,down
7.6,0.5576018709689378,1e-07,down
7.4,0.5439956667833029,1e-07,down
7.2,0.4365101121366023,1e-07,down
7.0,0.5228154184296726,1e-07,down
6.8,0.5612527076154946,1e-07,down
6.6,0.5275139976292847,1e-07,down
6.4,0.31739277858287096,1e-07,down
6.2,0.3456303428392857,1e-07,down
6.0,0.280648520682007,1e-07,down
5.8,0.35459951544180507,1e-07,down
5.6,0.5029438156634568,1e-07,down
5.4,0.47951340768486256,1e-07,down
5.2,0.29368207603693003,1e-07,down
5.0,0.39490951318293804,1e-07,down
4.8,0.4111121473833918,1e-07,down
4.6,0.621235555037856,1e-07,down
4.4,0.22052157693542535,1e-07,down
4.2,0.4075433469843118,1e-07,down
4.0,0.43175064586102957,1e-07,down
3.8,0.12975949607789514,1e-07,down
3.6,0.3823753129690885,1e-07,down
3.4,0.0811119247227907,1e-07,down
3.2,0.3936821352690458,1e-07,down
3.0,0.4168226923793554,1e-07,down
2.8,0.5951001569628714,1e-07,down
2.6,0.19133453443646428,1e-07,down
2.4,0.1915149856358766,1e-07,down
2.2,0.3145297095179557,1e-07,down
2.0,0.5530174802988767,1e-07,down
1.8,0.49138994095847,1e-07,down
1.6,-0.07721370086073874,1e-07,down
1.4,0.21883462928235525,1e-07,down
1.2,0.48553164862096304,1e-07,down
1.0,0.5207138555124401,1e-07,down
0.8,-0.017594886012375355,1e-07,down
0.6,0.5259572323411702,1e-07,down
0.4,-0.12540380749851465,1e-07,down
0.2,0.041929084807634326,1e-07,down
-0.0,0.6008315682411193,1e-07,down
-0.0,0.6008315682411193,1e-07,up
0.2,-0.29099424928426737,1e-07,up
0.4,-0.11026906408369543,1e-07,up
0.6,-0.20029114931821823,1e-07,up
0.8,-0.08044853433966635,1e-07,up
1.0,0.48366588912904257,1e-07,up
1.2,-0.2158326257485896,1e-07,up
1.4,0.47409938462078566,1e-07,up
1.6,0.58974140137434,1e-07,up
1.8,-0.17336966469883916,1e-07,up
2.0,0.5264288075268267,1e-07,up
2.2,-0.13582578604109583,1e-07,up
2.4,0.459282012656331,1e-07,up
2.6,0.7076409980654715,1e-07,up
2.8,0.6023728437721728,1e-07,up
3.0,0.6411702670156953,1e-07,up
3.2,-0.058980372734367854,1e-07,up
3.4,0.39385193400084967,1e-07,up
3.6,-0.0381159009411931,1e-07,up
3.8,0.3928444925695657,1e-07,up
4.0,0.6220160145312547,1e-07,up
4.2,0.6347517557442187,1e-07,up
4.4,0.6200719540938734,1e-07,up
4.6,0.5714791119098662,1e-07,up
4.8,0.5097220428287982,1e-07,up
5.0,0.5165397003293037,1e-07,up
5.2,0.11896870657801625,1e-07,up
5.4,0.22024192754179234,1e-07,up
5.6,0.22344814223470164,1e-07,up
5.8,0.4030728321522473,1e-07,up
6.0,0.591535411775112,1e-07,up
6.2,0.30007691681385035,1e-07,up
6.4,0.43207038938999165,1e-07,up
6.6,0.4806516887620091,1e-07,up
6.8,0.35351655306294555,1e-07,up
7.0,0.4265923895873128,1e-07,up
7.2,0.44190977606922377,1e-07,up
7.4,0.5943519910797475,1e-07,up
7.6,0.5487507265061139,1e-07,up
7.8,0.5235557090491055,1e-07,up
8.0,0.4020954966545104,1e-07,up
8.0,0.5349180283956229,1e-07,down
7.8,0.4805655814707278,1e-07,down
7.6,0.46060404181480397,1e-07,down
7.4,0.44830595329403866,1e-07,down
7.2,0.6517241541296244,1e-07,down
7.0,0.6616647355258464,1e-07,down
6.8,0.5874722786247729,1e-07,down
6.6,0.3199811782687902,1e-07,down
6.4,0.4368928577750921,1e-07,down
6.2,0.2534242840483784,1e-07,down
6.0,0.4144599596038461,1e-07,down
5.8,0.6140462569892405,1e-07,down
5.6,0.2331516174599528,1e-07,down
5.4,0.4161086312960833,1e-07,down
5.2,0.16757262684404844,1e-07,down
5.0,0.36742088012397284,1e-07,down
4.8,0.48511429317295546,1e-07,down
4.6,0.4540153443813324,1e-07,down
4.4,0.22088372800499195,1e-07,down
4.2,0.22808392532169816,1e-07,down
4.0,0.311874659731984,1e-07,down
3.8,0.2342285444028675,1e-07,down
3.6,0.2375502604991197,1e-07,down
3.4,0.45469720847904677,1e-07,down
3.2,0.16663397848606107,1e-07,down
3.0,0.3655307199805974,1e-07,down
2.8,0.3650007024407386,1e-07,down
2.6,0.4015801167115568,1e-07,down
2.4,0.3317636251449584,1e-07,down
2.2,0.3977935621514916,1e-07,down
2.0,0.3019467890262603,1e-07,down
1.8,0.43026526644825924,1e-07,down
1.6,0.26466534286737436,1e-07,down
1.4,0.3795854573836549,1e-07,down
1.2,0.3145438134670257,1e-07,down
1.0,0.29680988192558283,1e-07,down
0.8,0.4454491706565022,1e-07,down
0.6,0.21747828926891086,1e-07,down
0.4,0.4291300121694802,1e-07,down
0.2,0.3723859004676341,1e-07,down
-0.0,0.13241275562904772,1e-07,down
-0.0,0.13241275562904772,1e-07,up
0.2,0.3064328674226999,1e-07,up
0.4,0.15319877117872235,1e-07,up
0.6,0.08433464169502257,1e-07,up
0.8,0.21179221197962755,1e-07,up
1.0,0.21686896029859778,1e-07,up
1.2,0.13604933395981786,1e-07,up
1.4,0.20070906355977056,1e-07,up
1.6,0.18862529774196443,1e-07,up
1.8,0.17757060471922156,1e-07,up
2.0,0.1631487747072242,1e-07,up
2.2,0.17921838816255328,1e-07,up
2.4,0.38969491794705385,1e-07,up
2.6,0.20982770621776578,1e-07,up
2.8,0.13000717759132382,1e-07,up
3.0,0.19818893820047376,1e-07,up
3.2,0.3898908053524791,1e-07,up
3.4,0.15238357521593568,1e-07,up
3.6,0.2807219680398702,1e-07,up
3.8,0.4047835990786552,1e-07,up
4.0,0.48662382364273066,1e-07,up
4.2,0.21039124298840756,1e-07,up
4.4,0.4486368559300899,1e-07,up
4.6,0.4690555362030863,1e-07,up
4.8,0.4659378677606582,1e-07,up
5.0,0.31034854799509043,1e-07,up
5.2,0.5458107143640517,1e-07,up
5.4,0.28125468082725996,1e-07,up
5.6,0.31415631063282484,1e-07,up
5.8,0.5024283733218907,1e-07,up
6.0,0.33636883273720736,1e-07,up
6.2,0.3541361726820468,1e-07,up
6.4,0.581606164574623,1e-07,up
6.6,0.38741284795105446,1e-07,up
6.8,0.5661647077649831,1e-07,up
7.0,0.3895536735653876,1e-07,up
7.2,0.489427201449871,1e-07,up
7.4,0.5748228430747985,1e-07,up
7.6,0.4780607149004935,1e-07,up
7.8,0.5580451544374226,1e-07,up
8.0,0.44770242460072035,1e-07,up
